交易日期,平均收益率,收益率标准差,股票数量,累计收益率,行业名称,数据类型,成交量,成交额,涨跌幅
2025-05-12,,,0,,银行,历史计算,0,0,
2025-05-13,0.015167,0.007624,10,0.01516699999999993,银行,历史计算,0,0,1.5167
2025-05-14,0.011343,0.009888,10,0.026682039281000103,银行,历史计算,0,0,1.1343
2025-05-15,-0.001291,0.007665,10,0.02535659276828839,银行,历史计算,0,0,-0.1291
2025-05-16,-0.009098,0.006058,10,0.016027898487282366,银行,历史计算,0,0,-0.9098
2025-05-19,-0.002988,0.007082,10,0.012992007126602312,银行,历史计算,0,0,-0.2988
2025-05-20,0.004656,0.008141,10,0.01770849791178386,银行,历史计算,0,0,0.4656
2025-05-21,0.010651,0.009105,10,0.02854811112304234,银行,历史计算,0,0,1.0651000000000002
2025-05-22,0.014183,0.005126,10,0.04313600898310055,银行,历史计算,0,0,1.4183
2025-05-23,-0.011498,0.003569,10,0.03114203115181291,银行,历史计算,0,0,-1.1498
2025-05-26,-0.008332,0.009623,10,0.02255055574825593,银行,历史计算,0,0,-0.8332
2025-05-27,0.010569,0.011206,10,0.03335789257195931,银行,历史计算,0,0,1.0569
2025-05-28,0.004778,0.015889,10,0.03829527658266807,银行,历史计算,0,0,0.4778
2025-05-29,-0.002078,0.005391,10,0.03613769899792918,银行,历史计算,0,0,-0.20779999999999998
2025-05-30,0.012623,0.006557,10,0.04921686517238011,银行,历史计算,0,0,1.2623
2025-06-03,0.022161,0.019278,10,0.07246856012146541,银行,历史计算,0,0,2.2161
2025-06-04,0.002298,0.007449,10,0.0749330928726244,银行,历史计算,0,0,0.2298
2025-06-05,-0.015582,0.011913,10,0.05818348541948315,银行,历史计算,0,0,-1.5582
2025-06-06,0.004104,0.004309,10,0.0625262704436449,银行,历史计算,0,0,0.4104
2025-06-09,0.005591,0.008447,10,0.06846685482169512,银行,历史计算,0,0,0.5590999999999999
2025-06-10,0.009738,0.009226,10,0.07887158505394876,银行,历史计算,0,0,0.9738
2025-06-11,-0.001493,0.006959,10,0.07726082977746329,银行,历史计算,0,0,-0.1493
2025-06-12,0.01326,0.012524,10,0.0915453083803126,银行,历史计算,0,0,1.3259999999999998
2025-06-13,-0.010381,0.008293,10,0.08021397653401663,银行,历史计算,0,0,-1.0381
2025-06-16,0.011499,0.005491,10,0.09263535705018122,银行,历史计算,0,0,1.1499000000000001
2025-06-17,-0.004398,0.009442,10,0.08782994674987443,银行,历史计算,0,0,-0.4398
2025-06-18,0.008131,0.006852,10,0.09667509204689773,银行,历史计算,0,0,0.8130999999999999
2025-06-19,-0.001796,0.00736,10,0.09470546358158138,银行,历史计算,0,0,-0.1796
2025-06-20,0.014186,0.008419,10,0.1102349552879498,银行,历史计算,0,0,1.4186
2025-06-23,0.010502,0.011922,10,0.1218946427883838,银行,历史计算,0,0,1.0502
2025-06-24,-0.000623,0.006815,10,0.1211957024259267,银行,历史计算,0,0,-0.062299999999999994
2025-06-25,0.007502,0.009755,10,0.12960691258552592,银行,历史计算,0,0,0.7502
2025-06-26,0.015097,0.004988,10,0.14666058814482952,银行,历史计算,0,0,1.5097
2025-06-27,-0.027809,0.011336,10,0.11477310384910999,银行,历史计算,0,0,-2.7809
2025-06-30,-0.003838,0.010687,10,0.11049460467653716,银行,历史计算,0,0,-0.3838
2025-07-01,0.020861,0.006288,10,0.13366063262469452,银行,历史计算,0,0,2.0861
2025-07-02,0.005891,0.009503,10,0.14033902741148663,银行,历史计算,0,0,0.5891000000000001
2025-07-03,0.000503,0.004614,10,0.1409126179422746,银行,历史计算,0,0,0.0503
2025-07-04,0.017751,0.007725,10,0.16116495782336804,银行,历史计算,0,0,1.7751
2025-07-07,0.006126,0.013913,10,0.1682782543549941,银行,历史计算,0,0,0.6126
2025-07-08,-0.009946,0.009669,10,0.15665855883717938,银行,历史计算,0,0,-0.9946
2025-07-09,0.006706,0.012945,10,0.16441511113274165,银行,历史计算,0,0,0.6706
2025-07-10,0.013172,0.016739,10,0.17975278697658204,银行,历史计算,0,0,1.3172
2025-07-11,-0.020639,0.006432,10,0.15540386920617233,银行,历史计算,0,0,-2.0639000000000003
2025-07-14,0.009002,0.008312,10,0.16580481483676635,银行,历史计算,0,0,0.9002
2025-07-15,-0.011463,0.004982,10,0.15244119424429248,银行,历史计算,0,0,-1.1462999999999999
2025-07-16,-0.005389,0.00556,10,0.14623068864851008,银行,历史计算,0,0,-0.5388999999999999
2025-07-17,-0.001043,0.008717,10,0.14503517004024968,银行,历史计算,0,0,-0.1043
2025-07-18,0.008261,0.008405,10,0.15449430557995236,银行,历史计算,0,0,0.8261
2025-07-21,-0.007953,0.00497,10,0.14531261236767512,银行,历史计算,0,0,-0.7953
2025-07-22,-0.012397,0.010822,10,0.13111417191215313,银行,历史计算,0,0,-1.2397
2025-07-23,0.001219,0.00439,10,0.13249300008771403,银行,历史计算,0,0,0.12190000000000001
2025-07-24,-0.014632,0.006583,10,0.11592236251043064,银行,历史计算,0,0,-1.4631999999999998
2025-07-25,-0.000463,0.004886,10,0.11540569045658833,银行,历史计算,0,0,-0.0463
2025-07-28,0.004409,0.006863,10,0.12032351414581144,银行,历史计算,0,0,0.44089999999999996
2025-07-29,-0.015231,0.004832,10,0.1032598667018565,银行,历史计算,0,0,-1.5231
2025-07-30,0.005809,0.004397,10,0.10966870326752742,银行,历史计算,0,0,0.5809
2025-07-31,-0.011373,0.006938,10,0.09704844110526589,银行,历史计算,0,0,-1.1373
2025-08-01,0.004266,0.008498,10,0.10172844975502104,银行,历史计算,0,0,0.4266
2025-08-04,0.007906,0.007951,10,0.1104387148787842,银行,历史计算,0,0,0.7906
2025-08-05,0.01803,0.011716,10,0.1304599249080487,银行,历史计算,0,0,1.8030000000000002
2025-08-06,-0.002465,0.005106,10,0.12767334119315032,银行,历史计算,0,0,-0.24650000000000002
2025-05-12,,,0,,航空机场,历史计算,0,0,
2025-05-13,0.004978,0.007555,10,0.004977999999999927,航空机场,历史计算,0,0,0.49779999999999996
2025-05-14,-0.000373,0.010694,10,0.00460314320599986,航空机场,历史计算,0,0,-0.0373
2025-05-15,0.000234,0.008352,10,0.004838220341510047,航空机场,历史计算,0,0,0.0234
2025-05-16,0.001446,0.006276,10,0.006291216408123912,航空机场,历史计算,0,0,0.1446
2025-05-19,0.001126,0.011363,10,0.007424300317799393,航空机场,历史计算,0,0,0.1126
2025-05-20,0.0019,0.006665,10,0.009338406488403228,航空机场,历史计算,0,0,0.19
2025-05-21,0.013428,0.01349,10,0.022891802610729428,航空机场,历史计算,0,0,1.3428
2025-05-22,0.00117,0.010231,10,0.02408858601978392,航空机场,历史计算,0,0,0.117
2025-05-23,-0.01385,0.003266,10,0.009904959103409938,航空机场,历史计算,0,0,-1.385
2025-05-26,0.018841,0.014708,10,0.028932578437877332,航空机场,历史计算,0,0,1.8841
2025-05-27,0.00289,0.009389,10,0.031906193589562815,航空机场,历史计算,0,0,0.28900000000000003
2025-05-28,0.006357,0.006818,10,0.03846602126221166,航空机场,历史计算,0,0,0.6356999999999999
2025-05-29,-0.002778,0.009287,10,0.035581162655145215,航空机场,历史计算,0,0,-0.2778
2025-05-30,-0.005587,0.00569,10,0.029795370699390977,航空机场,历史计算,0,0,-0.5587
2025-06-03,-0.004142,0.005332,10,0.0255299582739541,航空机场,历史计算,0,0,-0.4142
2025-06-04,-0.008041,0.009929,10,0.017283671879473328,航空机场,历史计算,0,0,-0.8040999999999999
2025-06-05,0.000137,0.005929,10,0.017423039742520796,航空机场,历史计算,0,0,0.0137
2025-06-06,0.003961,0.007852,10,0.021453052402941042,航空机场,历史计算,0,0,0.3961
2025-06-09,0.006143,0.008683,10,0.02772783850385241,航空机场,历史计算,0,0,0.6143
2025-06-10,0.002502,0.008091,10,0.03029921355578913,航空机场,历史计算,0,0,0.2502
2025-06-11,0.002062,0.005727,10,0.03242369053414107,航空机场,历史计算,0,0,0.2062
2025-06-12,-0.007913,0.005988,10,0.024254121870944445,航空机场,历史计算,0,0,-0.7913
2025-06-13,-0.016642,0.009637,10,0.007208484774768209,航空机场,历史计算,0,0,-1.6642000000000001
2025-06-16,-0.005597,0.005083,10,0.0015711388854837693,航空机场,历史计算,0,0,-0.5597000000000001
2025-06-17,0.002449,0.007357,10,0.004023986604614338,航空机场,历史计算,0,0,0.24489999999999998
2025-06-18,-0.007679,0.002767,10,-0.003685913588522438,航空机场,历史计算,0,0,-0.7679
2025-06-19,-0.008836,0.004944,10,-0.01248934485605424,航空机场,历史计算,0,0,-0.8836
2025-06-20,0.001217,0.004816,10,-0.01128754438874402,航空机场,历史计算,0,0,0.1217
2025-06-23,-0.001035,0.004206,10,-0.012310861780301718,航空机场,历史计算,0,0,-0.1035
2025-06-24,0.016608,0.008684,10,0.004092679427250889,航空机场,历史计算,0,0,1.6608
2025-06-25,0.009941,0.005413,10,0.014074364753437152,航空机场,历史计算,0,0,0.9941
2025-06-26,-0.002207,0.006776,10,0.011836302630426454,航空机场,历史计算,0,0,-0.2207
2025-06-27,0.004223,0.003537,10,0.016109287336434797,航空机场,历史计算,0,0,0.4223
2025-06-30,-0.003126,0.010353,10,0.012932929704221108,航空机场,历史计算,0,0,-0.3126
2025-07-01,-0.005634,0.004413,10,0.007226065578267438,航空机场,历史计算,0,0,-0.5634
2025-07-02,-0.003841,0.009863,10,0.003357310260381219,航空机场,历史计算,0,0,-0.3841
2025-07-03,-0.004048,0.007668,10,-0.0007042801315528813,航空机场,历史计算,0,0,-0.40480000000000005
2025-07-04,-0.002361,0.007765,10,-0.003063617326162227,航空机场,历史计算,0,0,-0.23609999999999998
2025-07-07,-0.000168,0.003975,10,-0.0032311026384513886,航空机场,历史计算,0,0,-0.0168
2025-07-08,0.004894,0.007624,10,0.0016470843452360828,航空机场,历史计算,0,0,0.4894
2025-07-09,0.003952,0.009953,10,0.0056055936225685166,航空机场,历史计算,0,0,0.3952
2025-07-10,0.002148,0.008306,10,0.007765634437669755,航空机场,历史计算,0,0,0.21480000000000002
2025-07-11,0.001005,0.006472,10,0.008778438900279628,航空机场,历史计算,0,0,0.1005
2025-07-14,0.000222,0.00929,10,0.009002387713715532,航空机场,历史计算,0,0,0.0222
2025-07-15,-0.011896,0.007611,10,-0.003000704690526823,航空机场,历史计算,0,0,-1.1896
2025-07-16,0.005335,0.004517,10,0.0023182865499493666,航空机场,历史计算,0,0,0.5335000000000001
2025-07-17,0.000539,0.008768,10,0.002858536106399967,航空机场,历史计算,0,0,0.053899999999999997
2025-07-18,0.004765,0.004738,10,0.007637157030946806,航空机场,历史计算,0,0,0.47650000000000003
2025-07-21,0.013359,0.016568,10,0.02109818181172307,航空机场,历史计算,0,0,1.3358999999999999
2025-07-22,0.008663,0.009152,10,0.029943955360758112,航空机场,历史计算,0,0,0.8663000000000001
2025-07-23,0.003075,0.024564,10,0.033111033023492276,航空机场,历史计算,0,0,0.3075
2025-07-24,0.02868,0.039353,10,0.06274065745060597,航空机场,历史计算,0,0,2.868
2025-07-25,-0.004937,0.014296,10,0.0574939068247724,航空机场,历史计算,0,0,-0.4937
2025-07-28,-0.015075,0.011964,10,0.04155218617938905,航空机场,历史计算,0,0,-1.5075
2025-07-29,-0.006357,0.004502,10,0.03493103893184668,航空机场,历史计算,0,0,-0.6356999999999999
2025-07-30,-0.002117,0.00731,10,0.03274008992242794,航空机场,历史计算,0,0,-0.2117
2025-07-31,-0.023775,0.008136,10,0.008186694284522122,航空机场,历史计算,0,0,-2.3775
2025-08-01,0.00036,0.006383,10,0.008549641494464355,航空机场,历史计算,0,0,0.036000000000000004
2025-08-04,0.003936,0.004309,10,0.012519292883386601,航空机场,历史计算,0,0,0.3936
2025-08-05,0.006453,0.004031,10,0.0190530798803632,航空机场,历史计算,0,0,0.6453
2025-08-06,-0.004064,0.004017,10,0.014911648163729474,航空机场,历史计算,0,0,-0.4064
2025-05-12,,,0,,汽车整车,历史计算,0,0,
2025-05-13,-0.004218,0.009868,10,-0.004218000000000055,汽车整车,历史计算,0,0,-0.42180000000000006
2025-05-14,-0.004517,0.010551,10,-0.008715947294000048,汽车整车,历史计算,0,0,-0.4517
2025-05-15,-0.017101,0.011969,10,-0.025667895879325386,汽车整车,历史计算,0,0,-1.7101000000000002
2025-05-16,0.009626,0.011669,10,-0.016288975045059884,汽车整车,历史计算,0,0,0.9625999999999999
2025-05-19,0.006731,0.014827,10,-0.00966761613608813,汽车整车,历史计算,0,0,0.6731
2025-05-20,0.013907,0.031355,10,0.0041049363263072625,汽车整车,历史计算,0,0,1.3906999999999998
2025-05-21,0.014594,0.031547,10,0.01875884376705339,汽车整车,历史计算,0,0,1.4594
2025-05-22,-0.005063,0.025985,10,0.01360086774106084,汽车整车,历史计算,0,0,-0.5063
2025-05-23,0.012514,0.0363,10,0.026285068999972294,汽车整车,历史计算,0,0,1.2514
2025-05-26,-0.005395,0.021904,10,0.02074826105271743,汽车整车,历史计算,0,0,-0.5395
2025-05-27,0.000874,0.013167,10,0.021640395032877624,汽车整车,历史计算,0,0,0.0874
2025-05-28,0.003289,0.027931,10,0.025000570292140756,汽车整车,历史计算,0,0,0.32889999999999997
2025-05-29,0.043811,0.034335,10,0.06990687027720988,汽车整车,历史计算,0,0,4.3811
2025-05-30,-0.029285,0.025656,10,0.03857464758114171,汽车整车,历史计算,0,0,-2.9284999999999997
2025-06-03,-0.022516,0.030485,10,0.015190100816204755,汽车整车,历史计算,0,0,-2.2516000000000003
2025-06-04,-0.003223,0.014921,10,0.01191814312127426,汽车整车,历史计算,0,0,-0.32230000000000003
2025-06-05,-0.01401,0.026411,10,-0.0022588300638547443,汽车整车,历史计算,0,0,-1.401
2025-06-06,-0.007426,0.017203,10,-0.00966805599180065,汽车整车,历史计算,0,0,-0.7426
2025-06-09,0.014971,0.032498,10,0.0051582035419461825,汽车整车,历史计算,0,0,1.4971
2025-06-10,-0.012953,0.014385,10,-0.007861610668532637,汽车整车,历史计算,0,0,-1.2953
2025-06-11,0.018704,0.02225,10,0.010695345765523223,汽车整车,历史计算,0,0,1.8703999999999998
2025-06-12,0.009426,0.017246,10,0.020222160094709007,汽车整车,历史计算,0,0,0.9426
2025-06-13,-0.017655,0.014935,10,0.0022101378582368714,汽车整车,历史计算,0,0,-1.7655
2025-06-16,-0.001002,0.008286,10,0.0012059233001029401,汽车整车,历史计算,0,0,-0.10020000000000001
2025-06-17,-0.002565,0.012947,10,-0.0013621698931618464,汽车整车,历史计算,0,0,-0.2565
2025-06-18,-0.003061,0.014383,10,-0.0044190002911188575,汽车整车,历史计算,0,0,-0.3061
2025-06-19,-0.013475,0.011199,10,-0.017834454262196098,汽车整车,历史计算,0,0,-1.3475000000000001
2025-06-20,-0.000977,0.021779,10,-0.018794030000381934,汽车整车,历史计算,0,0,-0.0977
2025-06-23,0.009454,0.010984,10,-0.009517708760005461,汽车整车,历史计算,0,0,0.9454
2025-06-24,0.01537,0.016831,10,0.005706004056353464,汽车整车,历史计算,0,0,1.537
2025-06-25,0.014923,0.015009,10,0.02071415475488636,汽车整车,历史计算,0,0,1.4923
2025-06-26,-0.011512,0.004909,10,0.008963693405348083,汽车整车,历史计算,0,0,-1.1512
2025-06-27,0.012324,0.025647,10,0.021398161962875584,汽车整车,历史计算,0,0,1.2324
2025-06-30,-0.002459,0.011341,10,0.018886543882608908,汽车整车,历史计算,0,0,-0.24589999999999998
2025-07-01,0.001281,0.019116,10,0.020191737545322663,汽车整车,历史计算,0,0,0.1281
2025-07-02,0.000691,0.018748,10,0.020896690035966392,汽车整车,历史计算,0,0,0.0691
2025-07-03,0.007654,0.01172,10,0.028710633301501698,汽车整车,历史计算,0,0,0.7654
2025-07-04,-0.004121,0.021258,10,0.02447131678166614,汽车整车,历史计算,0,0,-0.41209999999999997
2025-07-07,0.009812,0.014562,10,0.03452342934192787,汽车整车,历史计算,0,0,0.9812
2025-07-08,0.001423,0.009285,10,0.03599555618188144,汽车整车,历史计算,0,0,0.1423
2025-07-09,-0.010548,0.013563,10,0.025067875055274857,汽车整车,历史计算,0,0,-1.0548
2025-07-10,0.002587,0.015859,10,0.027719725648042814,汽车整车,历史计算,0,0,0.2587
2025-07-11,-0.004015,0.009997,10,0.023593430949566008,汽车整车,历史计算,0,0,-0.4015
2025-07-14,0.003572,0.016829,10,0.027249706684917774,汽车整车,历史计算,0,0,0.3572
2025-07-15,0.008005,0.024171,10,0.035472840586930676,汽车整车,历史计算,0,0,0.8005
2025-07-16,0.01836,0.032507,10,0.054484121940106656,汽车整车,历史计算,0,0,1.836
2025-07-17,0.009128,0.03439,10,0.06410945300517601,汽车整车,历史计算,0,0,0.9128000000000001
2025-07-18,-0.003245,0.010456,10,0.06065641783017406,汽车整车,历史计算,0,0,-0.3245
2025-07-21,0.005996,0.014553,10,0.06701611371148375,汽车整车,历史计算,0,0,0.5995999999999999
2025-07-22,-0.00333,0.010281,10,0.06346295005282454,汽车整车,历史计算,0,0,-0.333
2025-07-23,-0.006044,0.013772,10,0.05703537998270525,汽车整车,历史计算,0,0,-0.6043999999999999
2025-07-24,0.007124,0.013364,10,0.06456570002970197,汽车整车,历史计算,0,0,0.7124
2025-07-25,0.006919,0.024085,10,0.07193143010820746,汽车整车,历史计算,0,0,0.6919
2025-07-28,-0.000191,0.010805,10,0.0717266912050567,汽车整车,历史计算,0,0,-0.019100000000000002
2025-07-29,-0.000532,0.009967,10,0.07115653260533561,汽车整车,历史计算,0,0,-0.053200000000000004
2025-07-30,-0.006084,0.013411,10,0.06463961626096482,汽车整车,历史计算,0,0,-0.6084
2025-07-31,-0.01595,0.013675,10,0.04765861438160246,汽车整车,历史计算,0,0,-1.595
2025-08-01,0.018768,0.025274,10,0.06732107125631637,汽车整车,历史计算,0,0,1.8768
2025-08-04,0.000487,0.021046,10,0.0678408566180182,汽车整车,历史计算,0,0,0.0487
2025-08-05,0.012606,0.012312,10,0.08130205845654492,汽车整车,历史计算,0,0,1.2606
2025-08-06,0.002644,0.021302,10,0.08416102109910417,汽车整车,历史计算,0,0,0.2644
2025-05-12,,,0,,房地产开发,历史计算,0,0,
2025-05-13,-0.005647,0.004831,10,-0.005646999999999958,房地产开发,历史计算,0,0,-0.5647
2025-05-14,0.005853,0.006705,10,0.00017294810900025936,房地产开发,历史计算,0,0,0.5852999999999999
2025-05-15,-0.012499,0.020444,10,-0.01232821356941416,房地产开发,历史计算,0,0,-1.2499
2025-05-16,-0.006515,0.006931,10,-0.01876289525800945,房地产开发,历史计算,0,0,-0.6515
2025-05-19,0.026032,0.031597,9,0.006780669052634192,房地产开发,历史计算,0,0,2.6032
2025-05-20,-0.01029,0.020082,10,-0.0035791040319174128,房地产开发,历史计算,0,0,-1.0290000000000001
2025-05-21,0.00648,0.033036,10,0.0028777033739557645,房地产开发,历史计算,0,0,0.6479999999999999
2025-05-22,-0.013186,0.021661,10,-0.010346242022733265,房地产开发,历史计算,0,0,-1.3186
2025-05-23,-0.010944,0.019141,10,-0.021177012750036472,房地产开发,历史计算,0,0,-1.0944
2025-05-26,0.002097,0.013167,10,-0.01912442094577327,房地产开发,历史计算,0,0,0.2097
2025-05-27,0.005635,0.011277,10,-0.013597187057802662,房地产开发,历史计算,0,0,0.5635
2025-05-28,-0.002876,0.011136,10,-0.016434081547824442,房地产开发,历史计算,0,0,-0.2876
2025-05-29,0.011324,0.01293,10,-0.005296181087271923,房地产开发,历史计算,0,0,1.1324
2025-05-30,-0.000428,0.012758,10,-0.005721914321766608,房地产开发,历史计算,0,0,-0.0428
2025-06-03,0.010785,0.018318,10,0.005001374832273253,房地产开发,历史计算,0,0,1.0785
2025-06-04,0.013392,0.017524,10,0.01846035324402706,房地产开发,历史计算,0,0,1.3392
2025-06-05,-0.001659,0.009208,10,0.016770727517995354,房地产开发,历史计算,0,0,-0.16590000000000002
2025-06-06,0.011476,0.033058,10,0.028439188386991887,房地产开发,历史计算,0,0,1.1476
2025-06-09,-0.005067,0.021025,10,0.023228087019435018,房地产开发,历史计算,0,0,-0.5067
2025-06-10,-0.013497,0.02762,10,0.009417577528933796,房地产开发,历史计算,0,0,-1.3497000000000001
2025-06-11,0.006274,0.019473,10,0.01575066341035014,房地产开发,历史计算,0,0,0.6274
2025-06-12,0.000435,0.012673,10,0.0161925149489337,房地产开发,历史计算,0,0,0.0435
2025-06-13,-0.022996,0.014422,10,-0.007175848124831963,房地产开发,历史计算,0,0,-2.2996
2025-06-16,0.010205,0.009215,10,0.0029559223450541516,房地产开发,历史计算,0,0,1.0205
2025-06-17,-0.001056,0.005737,10,0.001896800891057815,房地产开发,历史计算,0,0,-0.10560000000000001
2025-06-18,-0.012265,0.005668,10,-0.010391463371871024,房地产开发,历史计算,0,0,-1.2265
2025-06-19,-0.017008,0.013227,10,-0.027222725362842315,房地产开发,历史计算,0,0,-1.7007999999999999
2025-06-20,-0.001376,0.010459,10,-0.028561266892743076,房地产开发,历史计算,0,0,-0.1376
2025-06-23,0.011629,0.01652,10,-0.017264405865438648,房地产开发,历史计算,0,0,1.1629
2025-06-24,0.016669,0.009789,10,-0.0008831862468096086,房地产开发,历史计算,0,0,1.6669
2025-06-25,0.015267,0.009927,10,0.014370330148760324,房地产开发,历史计算,0,0,1.5267
2025-06-26,-0.005698,0.012414,10,0.008590448007572693,房地产开发,历史计算,0,0,-0.5698
2025-06-27,0.012187,0.022709,10,0.020882139797441024,房地产开发,历史计算,0,0,1.2187
2025-06-30,0.00187,0.010435,10,0.022791189398862377,房地产开发,历史计算,0,0,0.187
2025-07-01,-0.004492,0.008798,10,0.018196811376082644,房地产开发,历史计算,0,0,-0.44920000000000004
2025-07-02,0.005943,0.008978,10,0.024247955026090784,房地产开发,历史计算,0,0,0.5943
2025-07-03,0.003033,0.009161,10,0.027354499073684924,房地产开发,历史计算,0,0,0.3033
2025-07-04,-0.004992,0.009436,10,0.022225945414309,房地产开发,历史计算,0,0,-0.4992
2025-07-07,0.020506,0.019667,10,0.04318771065097482,房地产开发,历史计算,0,0,2.0506
2025-07-08,0.006888,0.018509,10,0.05037318760193865,房地产开发,历史计算,0,0,0.6888
2025-07-09,0.003433,0.01091,10,0.053979118754976074,房地产开发,历史计算,0,0,0.3433
2025-07-10,0.026825,0.015134,10,0.0822521086155783,房地产开发,历史计算,0,0,2.6825
2025-07-11,0.015446,0.037294,10,0.09896857468525466,房地产开发,历史计算,0,0,1.5446
2025-07-14,0.003067,0.03956,10,0.10233911130381435,房地产开发,历史计算,0,0,0.3067
2025-07-15,-0.022813,0.024319,10,0.07719144915764042,房地产开发,历史计算,0,0,-2.2813
2025-07-16,0.000547,0.016184,10,0.07778067288032964,房地产开发,历史计算,0,0,0.0547
2025-07-17,0.002849,0.024225,10,0.0808512700173658,房地产开发,历史计算,0,0,0.2849
2025-07-18,0.005299,0.015538,10,0.08657870089718767,房地产开发,历史计算,0,0,0.5299
2025-07-21,0.010149,0.012502,10,0.09760638813259326,房地产开发,历史计算,0,0,1.0149
2025-07-22,0.004568,0.012596,10,0.10262025411358278,房地产开发,历史计算,0,0,0.4568
2025-07-23,-0.006658,0.010853,10,0.09527900846169457,房地产开发,历史计算,0,0,-0.6658
2025-07-24,0.016987,0.016083,10,0.11388451297843338,房地产开发,历史计算,0,0,1.6986999999999999
2025-07-25,0.003444,0.013434,10,0.11772073124113103,房地产开发,历史计算,0,0,0.3444
2025-07-28,0.011189,0.025682,10,0.1302269085029879,房地产开发,历史计算,0,0,1.1189
2025-07-29,-0.002872,0.010054,10,0.1269808968217674,房地产开发,历史计算,0,0,-0.2872
2025-07-30,-0.003862,0.011797,9,0.1226284965982416,房地产开发,历史计算,0,0,-0.3862
2025-07-31,-0.028491,0.007732,9,0.09064368810166101,房地产开发,历史计算,0,0,-2.8491
2025-08-01,0.001188,0.007254,9,0.0919393728031257,房地产开发,历史计算,0,0,0.1188
2025-08-04,0.005646,0.014234,9,0.09810446250197224,房地产开发,历史计算,0,0,0.5646
2025-08-05,0.007102,0.007578,9,0.10590320039466117,房地产开发,历史计算,0,0,0.7101999999999999
2025-08-06,-0.002261,0.003969,9,0.10340275325856885,房地产开发,历史计算,0,0,-0.2261
2025-05-12,,,0,,公用事业,历史计算,0,0,
2025-05-13,-0.003718,0.015683,10,-0.003717999999999999,公用事业,历史计算,0,0,-0.3718
2025-05-14,-0.002012,0.006402,10,-0.0057225193840000355,公用事业,历史计算,0,0,-0.2012
2025-05-15,-0.006215,0.006284,10,-0.011901953926028441,公用事业,历史计算,0,0,-0.6215
2025-05-16,-0.004141,0.005642,10,-0.01599366793482071,公用事业,历史计算,0,0,-0.41409999999999997
2025-05-19,0.016372,0.016056,10,0.00011648373375039434,公用事业,历史计算,0,0,1.6372000000000002
2025-05-20,0.008294,0.009938,10,0.008411449849838215,公用事业,历史计算,0,0,0.8293999999999999
2025-05-21,0.00068,0.009685,10,0.009097169635736035,公用事业,历史计算,0,0,0.068
2025-05-22,-0.018696,0.009635,10,-0.009768911047773776,公用事业,历史计算,0,0,-1.8696000000000002
2025-05-23,-0.011875,0.008561,10,-0.021527905229081434,公用事业,历史计算,0,0,-1.1875
2025-05-26,0.003752,0.007903,10,-0.017856677929500964,公用事业,历史计算,0,0,0.37520000000000003
2025-05-27,0.01557,0.021847,10,-0.0025647064048631707,公用事业,历史计算,0,0,1.557
2025-05-28,-0.001616,0.015539,10,-0.004176561839312809,公用事业,历史计算,0,0,-0.1616
2025-05-29,0.002705,0.005063,10,-0.0014828594390882133,公用事业,历史计算,0,0,0.2705
2025-05-30,-0.006951,0.011832,10,-0.008423552083127173,公用事业,历史计算,0,0,-0.6950999999999999
2025-06-03,-0.003045,0.007935,10,-0.011442902367034047,公用事业,历史计算,0,0,-0.3045
2025-06-04,0.007196,0.006843,10,-0.004329245492467271,公用事业,历史计算,0,0,0.7196
2025-06-05,-0.00539,0.004883,10,-0.009695910859262913,公用事业,历史计算,0,0,-0.539
2025-06-06,0.005132,0.00984,10,-0.00461367027379278,公用事业,历史计算,0,0,0.5132
2025-06-09,0.003418,0.008739,10,-0.0012114397987886827,公用事业,历史计算,0,0,0.3418
2025-06-10,-0.0047,0.009929,10,-0.005905746031734438,公用事业,历史计算,0,0,-0.47000000000000003
2025-06-11,0.004023,0.00435,10,-0.0019065048480200186,公用事业,历史计算,0,0,0.4023
2025-06-12,-0.008149,0.004958,10,-0.01003996874001345,公用事业,历史计算,0,0,-0.8149
2025-06-13,-0.010145,0.008762,10,-0.020083113257145957,公用事业,历史计算,0,0,-1.0145
2025-06-16,-0.003117,0.009363,10,-0.023137514193123487,公用事业,历史计算,0,0,-0.3117
2025-06-17,0.003256,0.004775,10,-0.01995684993933633,公用事业,历史计算,0,0,0.3256
2025-06-18,-0.009576,0.006561,10,-0.029341743144317256,公用事业,历史计算,0,0,-0.9575999999999999
2025-06-19,-0.006685,0.010121,10,-0.03583059359139751,公用事业,历史计算,0,0,-0.6685
2025-06-20,0.003298,0.014324,10,-0.03265076288906188,公用事业,历史计算,0,0,0.32980000000000004
2025-06-23,0.003457,0.01135,10,-0.029306636576369338,公用事业,历史计算,0,0,0.3457
2025-06-24,0.012087,0.016283,10,-0.01757386589266796,公用事业,历史计算,0,0,1.2087
2025-06-25,0.006496,0.009016,10,-0.011192025725506705,公用事业,历史计算,0,0,0.6496
2025-06-26,0.000492,0.009945,10,-0.010705532202163748,公用事业,历史计算,0,0,0.0492
2025-06-27,-0.00047,0.010498,10,-0.011170500602028732,公用事业,历史计算,0,0,-0.047
2025-06-30,0.006759,0.017834,10,-0.0044870020155979295,公用事业,历史计算,0,0,0.6759000000000001
2025-07-01,0.000555,0.010643,10,-0.003934492301716497,公用事业,历史计算,0,0,0.05550000000000001
2025-07-02,0.003518,0.007174,10,-0.00043033384563406774,公用事业,历史计算,0,0,0.3518
2025-07-03,0.001926,0.007953,10,0.0014948373313792285,公用事业,历史计算,0,0,0.1926
2025-07-04,0.005278,0.020873,10,0.006780727082814186,公用事业,历史计算,0,0,0.5277999999999999
2025-07-07,0.009734,0.005988,10,0.01658073068023813,公用事业,历史计算,0,0,0.9733999999999999
2025-07-08,0.005318,0.010525,10,0.021986907005995482,公用事业,历史计算,0,0,0.5317999999999999
2025-07-09,0.00331,0.011236,10,0.02536968366818515,公用事业,历史计算,0,0,0.331
2025-07-10,0.004528,0.003915,10,0.030012557595834766,公用事业,历史计算,0,0,0.4528
2025-07-11,-0.007174,0.021016,10,0.02262324750764222,公用事业,历史计算,0,0,-0.7174
2025-07-14,0.005381,0.009091,10,0.028125983202480942,公用事业,历史计算,0,0,0.5381
2025-07-15,-0.014672,0.009953,10,0.013041318776934041,公用事业,历史计算,0,0,-1.4671999999999998
2025-07-16,0.002561,0.008674,10,0.015635717594321807,公用事业,历史计算,0,0,0.2561
2025-07-17,-0.001368,0.006367,10,0.014246327932652791,公用事业,历史计算,0,0,-0.1368
2025-07-18,-0.000636,0.007767,10,0.013601267268087636,公用事业,历史计算,0,0,-0.06359999999999999
2025-07-21,0.014139,0.006334,10,0.027932575585990937,公用事业,历史计算,0,0,1.4139000000000002
2025-07-22,0.003464,0.006851,10,0.03149333402782073,公用事业,历史计算,0,0,0.3464
2025-07-23,-0.003356,0.004055,10,0.028031642398823386,公用事业,历史计算,0,0,-0.3356
2025-07-24,0.006013,0.002549,10,0.03421319666456757,公用事业,历史计算,0,0,0.6013000000000001
2025-07-25,-0.007161,0.00397,10,0.02680719596325254,公用事业,历史计算,0,0,-0.7161
2025-07-28,-0.003781,0.004042,10,0.022924837955315525,公用事业,历史计算,0,0,-0.3781
2025-07-29,-0.002784,0.0051,10,0.020077015206448,公用事业,历史计算,0,0,-0.2784
2025-07-30,0.004223,0.009623,10,0.02438480044166491,公用事业,历史计算,0,0,0.4223
2025-07-31,-0.021471,0.008398,10,0.0023902343913819735,公用事业,历史计算,0,0,-2.1471
2025-08-01,0.006986,0.01465,10,0.009392932568839996,公用事业,历史计算,0,0,0.6986
2025-08-04,0.006292,0.014956,10,0.015744032900563143,公用事业,历史计算,0,0,0.6292
2025-08-05,0.010273,0.012819,10,0.026178771350550578,公用事业,历史计算,0,0,1.0272999999999999
2025-08-06,-0.006139,0.00567,10,0.019879059873229465,公用事业,历史计算,0,0,-0.6139
2025-05-12,,,0,,钢铁行业,历史计算,0,0,
2025-05-13,-0.000427,0.008006,10,-0.0004269999999999552,钢铁行业,历史计算,0,0,-0.0427
2025-05-14,0.004065,0.006103,10,0.003636264245000076,钢铁行业,历史计算,0,0,0.40650000000000003
2025-05-15,-0.009009,0.010075,10,-0.005405494859583193,钢铁行业,历史计算,0,0,-0.9008999999999999
2025-05-16,-0.006218,0.006715,10,-0.011589883492546305,钢铁行业,历史计算,0,0,-0.6217999999999999
2025-05-19,0.009365,0.01636,10,-0.002333422751453984,钢铁行业,历史计算,0,0,0.9365
2025-05-20,0.001576,0.003914,10,-0.0007611002257102983,钢铁行业,历史计算,0,0,0.1576
2025-05-21,0.001443,0.010546,10,0.0006808015066641637,钢铁行业,历史计算,0,0,0.1443
2025-05-22,-0.008941,0.010545,10,-0.008266285539606844,钢铁行业,历史计算,0,0,-0.8940999999999999
2025-05-23,-0.011619,0.012676,10,-0.019789239567922223,钢铁行业,历史计算,0,0,-1.1619000000000002
2025-05-26,0.002356,0.008541,10,-0.017479863016344188,钢铁行业,历史计算,0,0,0.2356
2025-05-27,-0.003298,0.013108,10,-0.020720214428116335,钢铁行业,历史计算,0,0,-0.32980000000000004
2025-05-28,-0.0045,0.008038,10,-0.025126973463189706,钢铁行业,历史计算,0,0,-0.44999999999999996
2025-05-29,0.005645,0.006791,10,-0.01962381522838952,钢铁行业,历史计算,0,0,0.5645
2025-05-30,-0.004954,0.013326,10,-0.024480598847748114,钢铁行业,历史计算,0,0,-0.4954
2025-06-03,-0.008526,0.009402,10,-0.03279787726197225,钢铁行业,历史计算,0,0,-0.8526
2025-06-04,0.008959,0.01109,10,-0.024132713444362297,钢铁行业,历史计算,0,0,0.8959
2025-06-05,0.001523,0.016909,10,-0.02264646756693811,钢铁行业,历史计算,0,0,0.1523
2025-06-06,0.007998,0.020561,10,-0.014829594014538539,钢铁行业,历史计算,0,0,0.7998
2025-06-09,0.007788,0.008968,10,-0.007157086892723874,钢铁行业,历史计算,0,0,0.7787999999999999
2025-06-10,-0.006586,0.008254,10,-0.013695950318448391,钢铁行业,历史计算,0,0,-0.6586
2025-06-11,0.007748,0.011947,10,-0.006054066541515635,钢铁行业,历史计算,0,0,0.7747999999999999
2025-06-12,-0.002377,0.008685,10,-0.008416676025346459,钢铁行业,历史计算,0,0,-0.23770000000000002
2025-06-13,-0.010699,0.011907,10,-0.01902562600855129,钢铁行业,历史计算,0,0,-1.0699
2025-06-16,0.001562,0.008441,10,-0.01749334403637659,钢铁行业,历史计算,0,0,0.1562
2025-06-17,0.007027,0.011848,10,-0.010589269764920362,钢铁行业,历史计算,0,0,0.7027
2025-06-18,-0.009319,0.007887,10,-0.019809588359981034,钢铁行业,历史计算,0,0,-0.9319
2025-06-19,-0.014051,0.012501,10,-0.03358224383393493,钢铁行业,历史计算,0,0,-1.4051
2025-06-20,0.002112,0.007951,10,-0.031541169532912305,钢铁行业,历史计算,0,0,0.21120000000000003
2025-06-23,-0.00343,0.018889,10,-0.034862983321414465,钢铁行业,历史计算,0,0,-0.34299999999999997
2025-06-24,0.012523,0.009502,10,-0.022776572461548517,钢铁行业,历史计算,0,0,1.2523
2025-06-25,0.006746,0.007548,10,-0.016184223219374183,钢铁行业,历史计算,0,0,0.6746
2025-06-26,-0.005176,0.008032,10,-0.021276453679990648,钢铁行业,历史计算,0,0,-0.5176000000000001
2025-06-27,0.006101,0.00878,10,-0.015305261323892316,钢铁行业,历史计算,0,0,0.6101
2025-06-30,0.005615,0.012867,10,-0.009776200366226062,钢铁行业,历史计算,0,0,0.5615
2025-07-01,0.0049,0.009866,10,-0.004924103748020658,钢铁行业,历史计算,0,0,0.49
2025-07-02,0.032747,0.019619,10,0.027661646626542913,钢铁行业,历史计算,0,0,3.2746999999999997
2025-07-03,-0.001356,0.011337,10,0.026268137433717254,钢铁行业,历史计算,0,0,-0.1356
2025-07-04,0.014478,0.033148,10,0.041126447527482624,钢铁行业,历史计算,0,0,1.4478
2025-07-07,-0.006751,0.021066,10,0.03409780288022457,钢铁行业,历史计算,0,0,-0.6751
2025-07-08,0.022117,0.028485,10,0.05696894398652641,钢铁行业,历史计算,0,0,2.2117
2025-07-09,-0.001904,0.011802,10,0.05495647511717605,钢铁行业,历史计算,0,0,-0.1904
2025-07-10,0.008788,0.016998,10,0.0642274326205059,钢铁行业,历史计算,0,0,0.8788
2025-07-11,0.018065,0.030187,10,0.08345270119079529,钢铁行业,历史计算,0,0,1.8065000000000002
2025-07-14,0.00209,0.011093,10,0.08571711733628407,钢铁行业,历史计算,0,0,0.209
2025-07-15,-0.022487,0.015958,10,0.061302596518743036,钢铁行业,历史计算,0,0,-2.2487
2025-07-16,-0.008644,0.009833,10,0.052128696874435,钢铁行业,历史计算,0,0,-0.8644000000000001
2025-07-17,0.013945,0.015071,10,0.06680063155234905,钢铁行业,历史计算,0,0,1.3945
2025-07-18,0.009314,0.022026,10,0.07673681263462773,钢铁行业,历史计算,0,0,0.9313999999999999
2025-07-21,0.047793,0.031769,10,0.12819729512087452,钢铁行业,历史计算,0,0,4.7793
2025-07-22,0.023896,0.031973,10,0.1551566976850829,钢铁行业,历史计算,0,0,2.3896
2025-07-23,0.019959,0.046836,10,0.17821247021417963,钢铁行业,历史计算,0,0,1.9959
2025-07-24,0.034475,0.03698,10,0.21883134512481361,钢铁行业,历史计算,0,0,3.4475
2025-07-25,-0.002063,0.041923,10,0.21631689605982118,钢铁行业,历史计算,0,0,-0.2063
2025-07-28,-0.028183,0.029717,10,0.1820374369781672,钢铁行业,历史计算,0,0,-2.8183
2025-07-29,0.033025,0.029278,10,0.2210742233343712,钢铁行业,历史计算,0,0,3.3024999999999998
2025-07-30,0.025103,0.040741,10,0.25172684956273406,钢铁行业,历史计算,0,0,2.5103
2025-07-31,-0.028009,0.039142,10,0.2166672322333314,钢铁行业,历史计算,0,0,-2.8009
2025-08-01,-0.009454,0.024089,10,0.20516486021979752,钢铁行业,历史计算,0,0,-0.9454
2025-08-04,0.011271,0.027563,10,0.2187482733593349,钢铁行业,历史计算,0,0,1.1271
2025-08-05,0.005917,0.020862,10,0.22595960689280203,钢铁行业,历史计算,0,0,0.5917
2025-08-06,-0.010088,0.033032,10,0.21359212637846747,钢铁行业,历史计算,0,0,-1.0088
2025-05-12,,,0,,电力行业,历史计算,0,0,
2025-05-13,0.002419,0.005315,10,0.002418999999999949,电力行业,历史计算,0,0,0.2419
2025-05-14,-0.000136,0.004874,10,0.002282671015999993,电力行业,历史计算,0,0,-0.0136
2025-05-15,0.004397,0.011245,10,0.006689707920457311,电力行业,历史计算,0,0,0.4397
2025-05-16,-0.008161,0.006974,10,-0.0015258867858815028,电力行业,历史计算,0,0,-0.8160999999999999
2025-05-19,0.007323,0.013014,10,0.005785939145185548,电力行业,历史计算,0,0,0.7323
2025-05-20,0.020241,0.014564,10,0.026144052339423185,电力行业,历史计算,0,0,2.0241
2025-05-21,0.012091,0.031267,10,0.03855116007625914,电力行业,历史计算,0,0,1.2090999999999998
2025-05-22,-0.003246,0.039372,10,0.035180023010651595,电力行业,历史计算,0,0,-0.3246
2025-05-23,-0.014963,0.016349,10,0.019690624326343276,电力行业,历史计算,0,0,-1.4963
2025-05-26,0.002019,0.019662,10,0.021749379696858195,电力行业,历史计算,0,0,0.2019
2025-05-27,0.001235,0.018448,10,0.02301124018078382,电力行业,历史计算,0,0,0.1235
2025-05-28,-0.010306,0.027267,10,0.0124680863394806,电力行业,历史计算,0,0,-1.0306
2025-05-29,0.000989,0.007948,10,0.013469417276870344,电力行业,历史计算,0,0,0.0989
2025-05-30,-0.008397,0.013664,10,0.004959314579996432,电力行业,历史计算,0,0,-0.8397
2025-06-03,-0.002528,0.008231,10,0.002418777432738217,电力行业,历史计算,0,0,-0.25279999999999997
2025-06-04,-0.002353,0.007932,10,6.008604943885665e-05,电力行业,历史计算,0,0,-0.2353
2025-06-05,-0.002857,0.004499,10,-0.002797085616404349,电力行业,历史计算,0,0,-0.2857
2025-06-06,0.008889,0.013054,10,0.006067051089551301,电力行业,历史计算,0,0,0.8888999999999999
2025-06-09,0.000726,0.006326,10,0.006797455768642324,电力行业,历史计算,0,0,0.0726
2025-06-10,0.009414,0.020315,10,0.016275447017248368,电力行业,历史计算,0,0,0.9414
2025-06-11,-0.003142,0.006386,10,0.013082309562720162,电力行业,历史计算,0,0,-0.3142
2025-06-12,-0.010614,0.006503,10,0.0023294539290215077,电力行业,历史计算,0,0,-1.0614000000000001
2025-06-13,-0.001177,0.012267,10,0.001149712161746974,电力行业,历史计算,0,0,-0.11770000000000001
2025-06-16,-0.001595,0.008371,10,-0.00044712162915105935,电力行业,历史计算,0,0,-0.1595
2025-06-17,0.006282,0.01207,10,0.005832069552774488,电力行业,历史计算,0,0,0.6282
2025-06-18,-0.007291,0.009458,10,-0.0015014520663347852,电力行业,历史计算,0,0,-0.7291
2025-06-19,-0.016929,0.014594,10,-0.01840503398430382,电力行业,历史计算,0,0,-1.6928999999999998
2025-06-20,-0.000618,0.006418,10,-0.01901165967330154,电力行业,历史计算,0,0,-0.061799999999999994
2025-06-23,-0.003875,0.011946,10,-0.022812989492067448,电力行业,历史计算,0,0,-0.3875
2025-06-24,0.008288,0.008963,10,-0.01471406354897764,电力行业,历史计算,0,0,0.8288
2025-06-25,0.008349,0.005111,10,-0.006487911265548152,电力行业,历史计算,0,0,0.8349000000000001
2025-06-26,-0.00379,0.006128,10,-0.010253322081851701,电力行业,历史计算,0,0,-0.379
2025-06-27,-0.00691,0.014197,10,-0.017092471626266037,电力行业,历史计算,0,0,-0.6910000000000001
2025-06-30,0.004037,0.008033,10,-0.013124473934221226,电力行业,历史计算,0,0,0.4037
2025-07-01,0.013575,0.013405,10,0.00027236133212160674,电力行业,历史计算,0,0,1.3575
2025-07-02,0.002659,0.013972,10,0.0029320855409036284,电力行业,历史计算,0,0,0.26589999999999997
2025-07-03,0.001931,0.007541,10,0.004868747398083073,电力行业,历史计算,0,0,0.1931
2025-07-04,0.015209,0.018686,10,0.020151796177260595,电力行业,历史计算,0,0,1.5209000000000001
2025-07-07,0.024861,0.02312,10,0.04551378998202349,电力行业,历史计算,0,0,2.4861
2025-07-08,-0.009695,0.015584,10,0.035377533788147675,电力行业,历史计算,0,0,-0.9695
2025-07-09,-0.00657,0.008247,10,0.02857510339115965,电力行业,历史计算,0,0,-0.657
2025-07-10,-0.004716,0.009673,10,0.023724343203566978,电力行业,历史计算,0,0,-0.47159999999999996
2025-07-11,-0.006532,0.00567,10,0.01703737579376119,电力行业,历史计算,0,0,-0.6532
2025-07-14,0.020901,0.029225,10,0.038294473985226674,电力行业,历史计算,0,0,2.0901
2025-07-15,-0.020374,0.0129,10,0.017140262372251636,电力行业,历史计算,0,0,-2.0374
2025-07-16,0.001615,0.011881,10,0.018782943895982784,电力行业,历史计算,0,0,0.16149999999999998
2025-07-17,-0.00362,0.007023,10,0.015094949639079314,电力行业,历史计算,0,0,-0.362
2025-07-18,0.005139,0.003945,10,0.020311522585274577,电力行业,历史计算,0,0,0.5139
2025-07-21,0.015509,0.017565,10,0.03613553398904967,电力行业,历史计算,0,0,1.5509
2025-07-22,0.002735,0.009932,10,0.03896936467450973,电力行业,历史计算,0,0,0.2735
2025-07-23,-0.011338,0.015822,10,0.0271895300178302,电力行业,历史计算,0,0,-1.1338000000000001
2025-07-24,0.001008,0.00754,10,0.02822493706408813,电力行业,历史计算,0,0,0.1008
2025-07-25,-0.008819,0.006506,10,0.019157021344119896,电力行业,历史计算,0,0,-0.8819
2025-07-28,-0.001927,0.005675,10,0.017193105763989802,电力行业,历史计算,0,0,-0.19269999999999998
2025-07-29,-0.003733,0.004668,10,0.013395923900172857,电力行业,历史计算,0,0,-0.3733
2025-07-30,0.014342,0.026249,10,0.027930048240749183,电力行业,历史计算,0,0,1.4342000000000001
2025-07-31,-0.019323,0.01098,10,0.00806735591859331,电力行业,历史计算,0,0,-1.9323
2025-08-01,0.003678,0.009108,10,0.011775027653661896,电力行业,历史计算,0,0,0.36779999999999996
2025-08-04,0.007202,0.007657,10,0.01906183140282347,电力行业,历史计算,0,0,0.7202
2025-08-05,0.006225,0.007464,10,0.025405491303305938,电力行业,历史计算,0,0,0.6224999999999999
2025-08-06,0.003324,0.009736,10,0.028813939156398183,电力行业,历史计算,0,0,0.33240000000000003
2025-05-12,,,0,,铁路公路,历史计算,0,0,
2025-05-13,0.002024,0.004994,10,0.0020240000000000258,铁路公路,历史计算,0,0,0.20240000000000002
2025-05-14,-0.000582,0.009905,10,0.001440822032000133,铁路公路,历史计算,0,0,-0.0582
2025-05-15,0.002348,0.007261,10,0.0037922050821312947,铁路公路,历史计算,0,0,0.23479999999999998
2025-05-16,-0.009912,0.004358,10,-0.006157383254642768,铁路公路,历史计算,0,0,-0.9912000000000001
2025-05-19,0.017107,0.012602,10,0.01084428239002011,铁路公路,历史计算,0,0,1.7107
2025-05-20,0.002361,0.006204,10,0.013230885740743048,铁路公路,历史计算,0,0,0.23609999999999998
2025-05-21,0.010583,0.010349,10,0.023953908204537244,铁路公路,历史计算,0,0,1.0583
2025-05-22,0.002145,0.011259,10,0.026150289337635968,铁路公路,历史计算,0,0,0.21450000000000002
2025-05-23,-0.018218,0.005642,10,0.007455883366483063,铁路公路,历史计算,0,0,-1.8218
2025-05-26,0.006502,0.023695,10,0.014006361520132016,铁路公路,历史计算,0,0,0.6502
2025-05-27,-0.003452,0.007053,10,0.010506011560164508,铁路公路,历史计算,0,0,-0.3452
2025-05-28,0.01268,0.008226,10,0.023319227786747332,铁路公路,历史计算,0,0,1.268
2025-05-29,0.002432,0.007184,10,0.025807940148724784,铁路公路,历史计算,0,0,0.24320000000000003
2025-05-30,0.011854,0.010692,10,0.03796786747124781,铁路公路,历史计算,0,0,1.1854
2025-06-03,-0.008305,0.015741,10,0.029347544331899122,铁路公路,历史计算,0,0,-0.8305
2025-06-04,0.002524,0.005104,10,0.03194561753379288,铁路公路,历史计算,0,0,0.2524
2025-06-05,-0.001765,0.00977,10,0.030124233518845633,铁路公路,历史计算,0,0,-0.17650000000000002
2025-06-06,0.004847,0.011043,10,0.03511724567871144,铁路公路,历史计算,0,0,0.48469999999999996
2025-06-09,-0.006771,0.006341,10,0.02810846680822099,铁路公路,历史计算,0,0,-0.6771
2025-06-10,-0.001676,0.004673,10,0.026385357017850497,铁路公路,历史计算,0,0,-0.1676
2025-06-11,0.007652,0.0107,10,0.03423925776975101,铁路公路,历史计算,0,0,0.7652
2025-06-12,-0.007298,0.010977,10,0.026691379666547332,铁路公路,历史计算,0,0,-0.7298
2025-06-13,-0.000274,0.008452,10,0.026410066228518714,铁路公路,历史计算,0,0,-0.0274
2025-06-16,-0.006518,0.010911,10,0.0197199254168412,铁路公路,历史计算,0,0,-0.6518
2025-06-17,-0.00188,0.01214,10,0.01780285195705744,铁路公路,历史计算,0,0,-0.188
2025-06-18,1.1e-05,0.008561,10,0.01781404778842899,铁路公路,历史计算,0,0,0.0011
2025-06-19,-0.006041,0.011372,10,0.011665433125739089,铁路公路,历史计算,0,0,-0.6041000000000001
2025-06-20,0.005646,0.008333,10,0.01737729616116712,铁路公路,历史计算,0,0,0.5646
2025-06-23,-0.004526,0.007731,10,0.01277264651874166,铁路公路,历史计算,0,0,-0.45259999999999995
2025-06-24,0.000106,0.012195,10,0.01288000041927262,铁路公路,历史计算,0,0,0.0106
2025-06-25,0.000228,0.005998,10,0.013110937059368055,铁路公路,历史计算,0,0,0.0228
2025-06-26,-0.008858,0.0047,10,0.004136800378896188,铁路公路,历史计算,0,0,-0.8857999999999999
2025-06-27,-0.007526,0.009314,10,-0.0034203331807554083,铁路公路,历史计算,0,0,-0.7525999999999999
2025-06-30,-0.002127,0.005343,10,-0.005540058132079917,铁路公路,历史计算,0,0,-0.2127
2025-07-01,0.010195,0.012521,10,0.0045984609752633965,铁路公路,历史计算,0,0,1.0194999999999999
2025-07-02,-0.003091,0.014178,10,0.001493247132388964,铁路公路,历史计算,0,0,-0.3091
2025-07-03,-0.000566,0.007771,10,0.0009264019545121016,铁路公路,历史计算,0,0,-0.0566
2025-07-04,0.001851,0.004714,10,0.0027791167245299064,铁路公路,历史计算,0,0,0.1851
2025-07-07,0.002891,0.005892,10,0.0056781511509804705,铁路公路,历史计算,0,0,0.28909999999999997
2025-07-08,-0.005652,0.010039,10,-5.94175932489005e-06,铁路公路,历史计算,0,0,-0.5652
2025-07-09,0.006311,0.011417,10,0.006305020742231937,铁路公路,历史计算,0,0,0.6311
2025-07-10,0.011006,0.011367,10,0.01738041380052091,铁路公路,历史计算,0,0,1.1006
2025-07-11,-0.00315,0.009553,10,0.014175665497049295,铁路公路,历史计算,0,0,-0.315
2025-07-14,0.000669,0.005853,10,0.014854149017266893,铁路公路,历史计算,0,0,0.0669
2025-07-15,-0.009211,0.005246,10,0.005506327450668813,铁路公路,历史计算,0,0,-0.9211
2025-07-16,0.002896,0.007993,10,0.008418273774966067,铁路公路,历史计算,0,0,0.2896
2025-07-17,-0.006046,0.008754,10,0.0023213768917227373,铁路公路,历史计算,0,0,-0.6046
2025-07-18,0.004885,0.004816,10,0.007217716817838893,铁路公路,历史计算,0,0,0.48849999999999993
2025-07-21,0.006011,0.009264,10,0.013272102513630868,铁路公路,历史计算,0,0,0.6011
2025-07-22,0.009825,0.007308,10,0.02322750092082737,铁路公路,历史计算,0,0,0.9825
2025-07-23,-0.000986,0.006076,10,0.02221859860491948,铁路公路,历史计算,0,0,-0.0986
2025-07-24,-0.000537,0.007396,10,0.021669667217468547,铁路公路,历史计算,0,0,-0.053700000000000005
2025-07-25,-0.011675,0.00524,10,0.009741673852704524,铁路公路,历史计算,0,0,-1.1675
2025-07-28,-0.008948,0.005012,10,0.0007065053550705525,铁路公路,历史计算,0,0,-0.8947999999999999
2025-07-29,-0.006787,0.011671,10,-0.006085289696774354,铁路公路,历史计算,0,0,-0.6787
2025-07-30,-0.000478,0.005881,10,-0.006560380928299248,铁路公路,历史计算,0,0,-0.0478
2025-07-31,-0.006741,0.020414,10,-0.013257157400461628,铁路公路,历史计算,0,0,-0.6740999999999999
2025-08-01,0.00514,0.016112,10,-0.008185299189500062,铁路公路,历史计算,0,0,0.514
2025-08-04,0.00103,0.011677,10,-0.007163730047665129,铁路公路,历史计算,0,0,0.10300000000000001
2025-08-05,0.006131,0.006593,10,-0.0010766508765872596,铁路公路,历史计算,0,0,0.6131
2025-08-06,-0.000383,0.00455,10,-0.00145923851930152,铁路公路,历史计算,0,0,-0.0383
2025-05-12,,,0,,航运港口,历史计算,0,0,
2025-05-13,0.037597,0.037682,10,0.0375970000000001,航运港口,历史计算,0,0,3.7597
2025-05-14,0.043276,0.035688,10,0.08250004777200015,航运港口,历史计算,0,0,4.3276
2025-05-15,0.005033,0.052783,10,0.08794827051243659,航运港口,历史计算,0,0,0.5033
2025-05-16,0.011575,0.048797,10,0.10054127174361782,航运港口,历史计算,0,0,1.1575
2025-05-19,0.048788,0.037863,10,0.15423447930944545,航运港口,历史计算,0,0,4.8788
2025-05-20,-0.042498,0.029903,10,0.10518182240775253,航运港口,历史计算,0,0,-4.2498000000000005
2025-05-21,0.008214,0.034475,10,0.1142597858970098,航运港口,历史计算,0,0,0.8214000000000001
2025-05-22,-0.002945,0.039048,10,0.11097829082754318,航运港口,历史计算,0,0,-0.29450000000000004
2025-05-23,-0.034594,0.035318,10,0.07254510783465506,航运港口,历史计算,0,0,-3.4594
2025-05-26,-0.000239,0.017239,10,0.07228876955388253,航运港口,历史计算,0,0,-0.0239
2025-05-27,0.011052,0.022365,10,0.08413970503499213,航运港口,历史计算,0,0,1.1052
2025-05-28,-0.00846,0.017041,10,0.07496788313039615,航运港口,历史计算,0,0,-0.8460000000000001
2025-05-29,0.016978,0.014753,10,0.09321868785018395,航运港口,历史计算,0,0,1.6978
2025-05-30,-0.009631,0.014434,10,0.08268989866749887,航运港口,历史计算,0,0,-0.9631000000000001
2025-06-03,0.003717,0.019785,10,0.0867142570208459,航运港口,历史计算,0,0,0.3717
2025-06-04,0.00802,0.019606,10,0.0954297053621529,航运港口,历史计算,0,0,0.8019999999999999
2025-06-05,-0.013751,0.014827,10,0.0803664514837179,航运港口,历史计算,0,0,-1.3751
2025-06-06,0.013447,0.030381,10,0.09489413915681943,航运港口,历史计算,0,0,1.3447
2025-06-09,0.002903,0.007099,10,0.0980726168427919,航运港口,历史计算,0,0,0.2903
2025-06-10,0.041309,0.043662,10,0.14343289857195085,航运港口,历史计算,0,0,4.1309
2025-06-11,-1.1e-05,0.022134,10,0.14342032081006661,航运港口,历史计算,0,0,-0.0011
2025-06-12,-0.023575,0.026137,10,0.11646418674696934,航运港口,历史计算,0,0,-2.3575
2025-06-13,0.00401,0.028745,10,0.12094120813582476,航运港口,历史计算,0,0,0.40099999999999997
2025-06-16,-0.001318,0.010471,10,0.11946380762350173,航运港口,历史计算,0,0,-0.1318
2025-06-17,0.013543,0.020461,10,0.13462470597014686,航运港口,历史计算,0,0,1.3542999999999998
2025-06-18,-0.01642,0.021178,10,0.11599416829811715,航运港口,历史计算,0,0,-1.6420000000000001
2025-06-19,-0.027368,0.025674,10,0.08545163990013438,航运港口,历史计算,0,0,-2.7368
2025-06-20,0.019549,0.030773,10,0.10667113400854222,航运港口,历史计算,0,0,1.9549
2025-06-23,0.03782,0.036205,10,0.1485254362967452,航运港口,历史计算,0,0,3.782
2025-06-24,-0.012085,0.031099,10,0.134645506399099,航运港口,历史计算,0,0,-1.2085000000000001
2025-06-25,-0.013641,0.031106,10,0.11916780704630892,航运港口,历史计算,0,0,-1.3641
2025-06-26,-0.00124,0.017432,10,0.11778003896557143,航运港口,历史计算,0,0,-0.124
2025-06-27,-0.007047,0.011187,10,0.10990304303098108,航运港口,历史计算,0,0,-0.7047
2025-06-30,-0.000179,0.010617,10,0.10970437038627856,航运港口,历史计算,0,0,-0.0179
2025-07-01,0.016949,0.03121,10,0.12851274975995564,航运港口,历史计算,0,0,1.6948999999999999
2025-07-02,0.007587,0.016189,10,0.1370747759923845,航运港口,历史计算,0,0,0.7587
2025-07-03,-0.009739,0.011974,10,0.12600080474899467,航运港口,历史计算,0,0,-0.9739
2025-07-04,0.003777,0.021106,10,0.13025370978853146,航运港口,历史计算,0,0,0.3777
2025-07-07,-0.001904,0.007365,10,0.12810170672509402,航运港口,历史计算,0,0,-0.1904
2025-07-08,0.005266,0.009747,10,0.1340422903127083,航运港口,历史计算,0,0,0.5266
2025-07-09,-0.008373,0.01478,10,0.1245469542159201,航运港口,历史计算,0,0,-0.8373
2025-07-10,0.001387,0.012333,10,0.12610670084141762,航运港口,历史计算,0,0,0.1387
2025-07-11,0.001921,0.007332,10,0.12826995181373402,航运港口,历史计算,0,0,0.1921
2025-07-14,-0.000395,0.005074,10,0.12782428518276756,航运港口,历史计算,0,0,-0.0395
2025-07-15,-0.005718,0.017307,10,0.12137538592009256,航运港口,历史计算,0,0,-0.5718
2025-07-16,-0.004148,0.013744,10,0.11672392081929606,航运港口,历史计算,0,0,-0.4148
2025-07-17,0.007239,0.032917,10,0.12480788528210685,航运港口,历史计算,0,0,0.7239
2025-07-18,0.011725,0.031961,10,0.1379962577370395,航运港口,历史计算,0,0,1.1724999999999999
2025-07-21,0.011871,0.011868,10,0.15150541131263595,航运港口,历史计算,0,0,1.1871
2025-07-22,0.002047,0.016837,10,0.15386254288959278,航运港口,历史计算,0,0,0.20470000000000002
2025-07-23,-0.007856,0.017797,10,0.14479779875265208,航运港口,历史计算,0,0,-0.7856
2025-07-24,0.017136,0.012585,10,0.16441505383207766,航运港口,历史计算,0,0,1.7135999999999998
2025-07-25,-0.014618,0.010586,10,0.1473936345751603,航运港口,历史计算,0,0,-1.4618
2025-07-28,-0.011824,0.009969,10,0.13382685223994373,航运港口,历史计算,0,0,-1.1824
2025-07-29,-0.000937,0.007222,10,0.13276445647939483,航运港口,历史计算,0,0,-0.0937
2025-07-30,0.001397,0.006888,10,0.13434692842509666,航运港口,历史计算,0,0,0.1397
2025-07-31,-0.019792,0.009536,10,0.11189593401770703,航运港口,历史计算,0,0,-1.9792
2025-08-01,0.00252,0.005212,10,0.11469791177143174,航运港口,历史计算,0,0,0.252
2025-08-04,0.004749,0.012483,10,0.11999161215443421,航运港口,历史计算,0,0,0.4749
2025-08-05,0.009787,0.012499,10,0.13095297006258955,航运港口,历史计算,0,0,0.9787
2025-08-06,0.005872,0.007249,10,0.13759392590279718,航运港口,历史计算,0,0,0.5871999999999999
2025-05-12,,,0,,石油行业,历史计算,0,0,
2025-05-13,-0.000653,0.007945,9,-0.0006530000000000147,石油行业,历史计算,0,0,-0.06530000000000001
2025-05-14,0.010484,0.009115,9,0.009824153947999958,石油行业,历史计算,0,0,1.0484
2025-05-15,-0.008259,0.007533,9,0.001484016260543397,石油行业,历史计算,0,0,-0.8259000000000001
2025-05-16,-0.004352,0.012668,9,-0.002874442178222525,石油行业,历史计算,0,0,-0.4352
2025-05-19,0.002963,0.012229,9,8.004084960355762e-05,石油行业,历史计算,0,0,0.2963
2025-05-20,0.006386,0.010034,9,0.006466551990469194,石油行业,历史计算,0,0,0.6386000000000001
2025-05-21,0.005255,0.012191,9,0.011755533721179212,石油行业,历史计算,0,0,0.5255
2025-05-22,-0.006124,0.01407,9,0.005559542832670683,石油行业,历史计算,0,0,-0.6124
2025-05-23,-0.011361,0.008373,9,-0.005864619133451265,石油行业,历史计算,0,0,-1.1360999999999999
2025-05-26,0.011643,0.015653,9,0.005710099105977973,石油行业,历史计算,0,0,1.1643000000000001
2025-05-27,0.003694,0.020614,9,0.009425192212075606,石油行业,历史计算,0,0,0.3694
2025-05-28,0.00253,0.014092,9,0.011979037948372184,石油行业,历史计算,0,0,0.253
2025-05-29,-0.00259,0.011228,9,0.009358012240085811,石油行业,历史计算,0,0,-0.259
2025-05-30,-0.001465,0.009542,9,0.007879302752153983,石油行业,历史计算,0,0,-0.1465
2025-06-03,0.005871,0.018558,9,0.013796562138611801,石油行业,历史计算,0,0,0.5871000000000001
2025-06-04,0.002213,0.005981,9,0.016040093930624666,石油行业,历史计算,0,0,0.22130000000000002
2025-06-05,-0.002473,0.006117,9,0.013527426778334295,石油行业,历史计算,0,0,-0.2473
2025-06-06,0.01238,0.010523,9,0.026074896321850227,石油行业,历史计算,0,0,1.238
2025-06-09,0.002809,0.006897,9,0.02895714070561839,石油行业,历史计算,0,0,0.2809
2025-06-10,-0.006509,0.011185,9,0.022259658676765604,石油行业,历史计算,0,0,-0.6509
2025-06-11,0.008082,0.009274,9,0.030521561238191053,石油行业,历史计算,0,0,0.8082
2025-06-12,0.002984,0.007558,9,0.03359663757692588,石油行业,历史计算,0,0,0.2984
2025-06-13,0.035565,0.037754,9,0.07035650199234933,石油行业,历史计算,0,0,3.5564999999999998
2025-06-16,0.015356,0.040655,9,0.08679289643694377,石油行业,历史计算,0,0,1.5356
2025-06-17,-0.000564,0.018989,9,0.08617994524335337,石油行业,历史计算,0,0,-0.056400000000000006
2025-06-18,-0.010957,0.013014,9,0.07427867158332191,石油行业,历史计算,0,0,-1.0957
2025-06-19,0.022129,0.023935,9,0.09805138430678939,石油行业,历史计算,0,0,2.2129
2025-06-20,-0.023396,0.021086,9,0.07236137411954768,石油行业,历史计算,0,0,-2.3396
2025-06-23,0.022549,0.028844,9,0.09654205074456934,石油行业,历史计算,0,0,2.2549
2025-06-24,-0.037319,0.037411,9,0.055620197952832795,石油行业,历史计算,0,0,-3.7319
2025-06-25,-0.006175,0.011819,9,0.049101743230474115,石油行业,历史计算,0,0,-0.6174999999999999
2025-06-26,0.00816,0.013337,9,0.05766241345523482,石油行业,历史计算,0,0,0.8160000000000001
2025-06-27,-0.008395,0.016934,9,0.0487833374942781,石油行业,历史计算,0,0,-0.8394999999999999
2025-06-30,0.003261,0.009151,9,0.05220341995784694,石油行业,历史计算,0,0,0.3261
2025-07-01,0.005168,0.008681,9,0.05764120723218924,石油行业,历史计算,0,0,0.5168
2025-07-02,-0.000253,0.009062,9,0.057373624006759494,石油行业,历史计算,0,0,-0.025300000000000003
2025-07-03,-0.004303,0.004998,9,0.05282374530265854,石油行业,历史计算,0,0,-0.4303
2025-07-04,-0.005813,0.008883,9,0.04670368087121424,石油行业,历史计算,0,0,-0.5812999999999999
2025-07-07,0.00186,0.011517,9,0.048650549717634606,石油行业,历史计算,0,0,0.186
2025-07-08,0.007158,0.004644,9,0.05615679035251353,石油行业,历史计算,0,0,0.7158
2025-07-09,0.003557,0.017003,10,0.05991354005579752,石油行业,历史计算,0,0,0.35569999999999996
2025-07-10,0.018708,0.018588,10,0.07974240256316123,石油行业,历史计算,0,0,1.8707999999999998
2025-07-11,-0.000167,0.019961,10,0.07956208558193323,石油行业,历史计算,0,0,-0.0167
2025-07-14,0.010103,0.01756,10,0.09046890133256746,石油行业,历史计算,0,0,1.0103
2025-07-15,-0.014843,0.01138,10,0.07428307143008817,石油行业,历史计算,0,0,-1.4843
2025-07-16,0.019762,0.03175,10,0.09551305348768957,石油行业,历史计算,0,0,1.9761999999999997
2025-07-17,0.005208,0.017355,10,0.10121848547025358,石油行业,历史计算,0,0,0.5208
2025-07-18,0.00705,0.017686,10,0.10898207579281882,石油行业,历史计算,0,0,0.705
2025-07-21,0.011003,0.016216,10,0.12118420557276721,石油行业,历史计算,0,0,1.1003
2025-07-22,0.013793,0.018207,10,0.13664869932023227,石油行业,历史计算,0,0,1.3793
2025-07-23,-0.013222,0.014025,10,0.12161993021782025,石油行业,历史计算,0,0,-1.3222
2025-07-24,0.009296,0.028176,10,0.13204650908912496,石油行业,历史计算,0,0,0.9296000000000001
2025-07-25,-0.013845,0.02025,10,0.11637332517078613,石油行业,历史计算,0,0,-1.3845
2025-07-28,-0.009388,0.01924,10,0.10589281239408277,石油行业,历史计算,0,0,-0.9388000000000001
2025-07-29,-0.00274,0.020528,10,0.10286266608812311,石油行业,历史计算,0,0,-0.27399999999999997
2025-07-30,0.011156,0.016735,10,0.11516620199100225,石油行业,历史计算,0,0,1.1156
2025-07-31,-0.015693,0.017065,10,0.09766589878315757,石油行业,历史计算,0,0,-1.5693
2025-08-01,-0.014978,0.020274,10,0.08122505895118337,石油行业,历史计算,0,0,-1.4978
2025-08-04,-0.000373,0.0068,10,0.08082176200419466,石油行业,历史计算,0,0,-0.0373
2025-08-05,0.008592,0.0106,10,0.09010818258333453,石油行业,历史计算,0,0,0.8592000000000001
2025-08-06,0.006316,0.009044,10,0.09699330586453092,石油行业,历史计算,0,0,0.6316
