日期,开盘价,收盘价,最高价,最低价,成交量,成交额,振幅,涨跌幅,涨跌额,换手率,板块代码,板块类型,板块名称
2022-12-15,997.56,1010.31,1012.71,997.56,1338780.0,1411972669.55,1.52,1.03,10.31,0.92,BK1121,concept,第四代半导体
2022-12-16,1008.53,1007.21,1011.22,998.5,1402211.0,1186459919.25,1.26,-0.31,-3.1,0.96,BK1121,concept,第四代半导体
2022-12-19,1008.39,985.02,1011.09,981.19,1401304.0,1031435823.13,2.97,-2.2,-22.19,0.96,BK1121,concept,第四代半导体
2022-12-20,984.88,981.76,991.19,976.51,1137461.0,856232355.83,1.49,-0.33,-3.26,0.78,BK1121,concept,第四代半导体
2022-12-21,982.4,968.29,984.08,959.19,797563.0,612770719.31,2.54,-1.37,-13.47,0.55,BK1121,concept,第四代半导体
2022-12-22,977.56,946.82,977.62,939.38,1582266.0,1264409330.77,3.95,-2.22,-21.47,1.08,BK1121,concept,第四代半导体
2022-12-23,934.29,957.74,957.92,934.29,1281525.0,983938254.6,2.5,1.15,10.92,0.88,BK1121,concept,第四代半导体
2022-12-26,955.97,959.6,962.52,952.99,1436857.0,1018071051.39,1.0,0.19,1.86,0.98,BK1121,concept,第四代半导体
2022-12-27,960.79,956.9,963.63,951.18,1103575.0,832182038.18,1.3,-0.28,-2.7,0.76,BK1121,concept,第四代半导体
2022-12-28,955.93,950.67,958.24,946.99,1200327.0,849923899.54,1.18,-0.65,-6.23,0.82,BK1121,concept,第四代半导体
2022-12-29,946.45,944.9,956.58,944.28,972297.0,816830780.39,1.29,-0.61,-5.77,0.67,BK1121,concept,第四代半导体
2022-12-30,948.78,943.66,952.47,942.51,744009.0,641073559.44,1.05,-0.13,-1.24,0.51,BK1121,concept,第四代半导体
2023-01-03,945.17,963.8,966.1,940.45,1202034.0,993115761.89,2.72,2.13,20.14,0.82,BK1121,concept,第四代半导体
2023-01-04,962.75,962.52,971.04,956.71,1258332.0,928598624.29,1.49,-0.13,-1.28,0.86,BK1121,concept,第四代半导体
2023-01-05,963.43,979.6,979.87,958.07,1206794.0,1151659260.42,2.26,1.77,17.08,0.83,BK1121,concept,第四代半导体
2023-01-06,978.54,979.26,984.43,975.61,1034266.0,934241098.83,0.9,-0.03,-0.34,0.71,BK1121,concept,第四代半导体
2023-01-09,981.14,982.7,990.73,979.48,1246053.0,1056170248.58,1.15,0.35,3.44,0.85,BK1121,concept,第四代半导体
2023-01-10,982.73,981.93,983.11,976.72,1006681.0,1002756974.13,0.65,-0.08,-0.77,0.69,BK1121,concept,第四代半导体
2023-01-11,982.14,981.3,994.11,980.32,989057.0,1205297645.48,1.4,-0.06,-0.63,0.68,BK1121,concept,第四代半导体
2023-01-12,982.4,980.38,986.86,977.16,920779.0,974095990.46,0.99,-0.09,-0.92,0.63,BK1121,concept,第四代半导体
2023-01-13,982.94,980.62,982.96,974.66,772935.0,775013439.31,0.85,0.02,0.24,0.53,BK1121,concept,第四代半导体
2023-01-16,980.69,998.39,1004.01,979.3,1699434.0,1541557150.75,2.52,1.81,17.77,1.16,BK1121,concept,第四代半导体
2023-01-17,1000.45,992.86,1003.99,990.1,1247509.0,1227532311.96,1.39,-0.55,-5.53,0.85,BK1121,concept,第四代半导体
2023-01-18,993.66,993.31,999.86,991.23,922776.0,898559442.11,0.87,0.05,0.45,0.63,BK1121,concept,第四代半导体
2023-01-19,992.86,1002.28,1003.94,990.59,883684.0,970325809.11,1.34,0.9,8.97,0.61,BK1121,concept,第四代半导体
2023-01-20,1011.22,1021.38,1023.69,1008.07,1111576.0,1301330446.52,1.56,1.91,19.1,0.76,BK1121,concept,第四代半导体
2023-01-30,1037.13,1025.84,1040.27,1025.26,1950837.0,1935151842.99,1.47,0.44,4.46,1.34,BK1121,concept,第四代半导体
2023-01-31,1026.71,1040.66,1041.74,1024.98,1980080.0,2019518458.9,1.63,1.44,14.82,1.36,BK1121,concept,第四代半导体
2023-02-01,1042.33,1060.51,1062.52,1040.25,2157781.0,2129304549.64,2.14,1.91,19.85,1.48,BK1121,concept,第四代半导体
2023-02-02,1066.69,1067.29,1072.65,1061.05,2418344.0,2518996147.71,1.09,0.64,6.78,1.66,BK1121,concept,第四代半导体
2023-02-03,1064.26,1064.2,1066.81,1044.54,1998962.0,2024014936.04,2.09,-0.29,-3.09,1.37,BK1121,concept,第四代半导体
2023-02-06,1061.92,1054.12,1062.68,1052.36,1777745.0,1725021618.18,0.97,-0.95,-10.08,1.22,BK1121,concept,第四代半导体
2023-02-07,1056.35,1057.63,1061.52,1051.29,2402112.0,2315528227.94,0.97,0.33,3.51,1.65,BK1121,concept,第四代半导体
2023-02-08,1055.48,1052.62,1061.48,1052.62,965470.0,816874525.93,0.84,-0.47,-5.01,0.66,BK1121,concept,第四代半导体
2023-02-09,1052.1,1070.61,1072.39,1048.54,1162970.0,1329040681.99,2.27,1.71,17.99,0.8,BK1121,concept,第四代半导体
2023-02-10,1067.39,1086.81,1092.16,1067.39,1349837.0,1374360643.65,2.31,1.51,16.2,0.92,BK1121,concept,第四代半导体
2023-02-13,1091.69,1131.05,1138.14,1091.54,1621802.0,2301410724.34,4.29,4.07,44.24,1.11,BK1121,concept,第四代半导体
2023-02-14,1133.1,1128.57,1133.97,1123.2,1574545.0,1603103113.58,0.95,-0.22,-2.48,1.08,BK1121,concept,第四代半导体
2023-02-15,1126.28,1122.93,1129.71,1116.34,1159910.0,1370506961.14,1.18,-0.5,-5.64,0.79,BK1121,concept,第四代半导体
2023-02-16,1123.41,1093.61,1130.63,1088.35,1527509.0,1566702147.07,3.77,-2.61,-29.32,1.05,BK1121,concept,第四代半导体
2023-02-17,1096.68,1082.0,1100.08,1080.77,977747.0,1106269244.26,1.77,-1.06,-11.61,0.67,BK1121,concept,第四代半导体
2023-02-20,1088.64,1100.52,1100.72,1081.94,1058410.0,1066155392.37,1.74,1.71,18.52,0.73,BK1121,concept,第四代半导体
2023-02-21,1101.65,1095.9,1102.19,1082.83,1238225.0,942002229.5,1.76,-0.42,-4.62,0.85,BK1121,concept,第四代半导体
2023-02-22,1093.55,1089.93,1100.62,1089.42,1361936.0,820589431.81,1.02,-0.54,-5.97,0.93,BK1121,concept,第四代半导体
2023-02-23,1091.12,1088.97,1101.82,1083.55,1452321.0,854687410.71,1.68,-0.09,-0.96,0.99,BK1121,concept,第四代半导体
2023-02-24,1092.41,1082.22,1094.25,1076.34,918812.0,667643068.2,1.64,-0.62,-6.75,0.63,BK1121,concept,第四代半导体
2023-02-27,1080.35,1080.14,1088.69,1075.68,985621.0,844248194.08,1.2,-0.19,-2.08,0.68,BK1121,concept,第四代半导体
2023-02-28,1081.39,1090.81,1090.97,1076.77,943338.0,823595076.39,1.31,0.99,10.67,0.65,BK1121,concept,第四代半导体
2023-03-01,1090.64,1107.15,1107.89,1086.71,1653050.0,1273715996.82,1.94,1.5,16.34,1.13,BK1121,concept,第四代半导体
2023-03-02,1109.89,1123.26,1133.44,1109.08,1922803.0,1546909491.91,2.2,1.46,16.11,1.32,BK1121,concept,第四代半导体
2023-03-03,1121.14,1137.01,1142.06,1121.14,2187150.0,1861352209.33,1.86,1.22,13.75,1.5,BK1121,concept,第四代半导体
2023-03-06,1135.25,1140.91,1144.62,1124.41,1782838.0,1777008551.28,1.78,0.34,3.9,1.22,BK1121,concept,第四代半导体
2023-03-07,1134.03,1123.41,1147.63,1122.76,2013023.0,1612663629.03,2.18,-1.53,-17.5,1.38,BK1121,concept,第四代半导体
2023-03-08,1121.68,1144.47,1148.12,1114.62,1648860.0,2146512350.49,2.98,1.87,21.06,1.13,BK1121,concept,第四代半导体
2023-03-09,1148.28,1147.75,1158.72,1138.67,1545584.0,2837453347.85,1.75,0.29,3.28,1.06,BK1121,concept,第四代半导体
2023-03-10,1141.55,1123.84,1144.77,1120.95,1489827.0,2195109462.94,2.08,-2.08,-23.91,1.02,BK1121,concept,第四代半导体
2023-03-13,1135.57,1142.33,1154.34,1132.25,1793185.0,2615636960.31,1.97,1.65,18.49,1.23,BK1121,concept,第四代半导体
2023-03-14,1140.52,1148.89,1152.2,1132.39,1691803.0,2730849579.47,1.73,0.57,6.56,1.16,BK1121,concept,第四代半导体
2023-03-15,1161.76,1188.24,1199.15,1150.51,3922176.0,3446747318.54,4.23,3.43,39.35,2.69,BK1121,concept,第四代半导体
2023-03-16,1186.41,1177.42,1203.37,1173.83,5290004.0,4014366900.18,2.49,-0.91,-10.82,3.62,BK1121,concept,第四代半导体
2023-03-17,1184.76,1209.22,1224.86,1176.12,4779262.0,4214837565.58,4.14,2.7,31.8,3.27,BK1121,concept,第四代半导体
2023-03-20,1208.26,1188.87,1222.3,1185.27,4034904.0,3616847381.57,3.06,-1.68,-20.35,2.76,BK1121,concept,第四代半导体
2023-03-21,1186.5,1176.58,1191.66,1165.3,2849652.0,2542672316.99,2.22,-1.03,-12.29,1.95,BK1121,concept,第四代半导体
2023-03-22,1178.5,1174.74,1179.17,1167.59,2006989.0,1810957166.42,0.98,-0.16,-1.84,1.37,BK1121,concept,第四代半导体
2023-03-23,1172.32,1184.55,1185.58,1163.18,2348743.0,2817973116.75,1.91,0.84,9.81,1.61,BK1121,concept,第四代半导体
2023-03-24,1181.01,1168.71,1187.65,1165.97,2387687.0,2666012073.32,1.83,-1.34,-15.84,1.64,BK1121,concept,第四代半导体
2023-03-27,1172.72,1158.64,1182.8,1158.05,2617113.0,3413792081.0,2.12,-0.86,-10.07,1.79,BK1121,concept,第四代半导体
2023-03-28,1161.13,1141.19,1167.17,1138.39,1944791.0,2360359664.0,2.48,-1.51,-17.45,1.33,BK1121,concept,第四代半导体
2023-03-29,1145.62,1137.17,1146.34,1134.61,1783548.0,1974013021.0,1.03,-0.35,-4.02,1.22,BK1121,concept,第四代半导体
2023-03-30,1131.35,1128.28,1138.87,1119.96,1465697.0,1513163127.0,1.66,-0.78,-8.89,1.0,BK1121,concept,第四代半导体
2023-03-31,1130.87,1145.6,1147.62,1127.63,1213972.0,1594780341.0,1.77,1.54,17.32,0.83,BK1121,concept,第四代半导体
2023-04-03,1149.13,1159.5,1165.71,1143.06,2055447.0,2827983808.0,1.98,1.21,13.9,1.41,BK1121,concept,第四代半导体
2023-04-04,1158.39,1174.46,1183.33,1152.37,3010462.0,3810500811.0,2.67,1.29,14.96,2.06,BK1121,concept,第四代半导体
2023-04-06,1167.28,1178.34,1182.24,1165.27,2878068.0,3792268259.0,1.44,0.33,3.88,1.97,BK1121,concept,第四代半导体
2023-04-07,1176.57,1177.15,1188.32,1173.21,2165312.0,2566429354.0,1.28,-0.1,-1.19,1.48,BK1121,concept,第四代半导体
2023-04-10,1176.46,1206.48,1216.04,1173.71,3588640.0,3089517296.0,3.6,2.49,29.33,2.46,BK1121,concept,第四代半导体
2023-04-11,1210.34,1221.46,1221.97,1196.55,4157182.0,2864953308.0,2.11,1.24,14.98,2.85,BK1121,concept,第四代半导体
2023-04-12,1221.72,1231.45,1236.14,1214.8,3110840.0,2493145239.0,1.75,0.82,9.99,2.13,BK1121,concept,第四代半导体
2023-04-13,1230.29,1207.68,1232.73,1201.54,3024362.0,2671881965.0,2.53,-1.93,-23.77,2.07,BK1121,concept,第四代半导体
2023-04-14,1206.47,1245.47,1248.21,1205.31,3303839.0,3255711126.0,3.55,3.13,37.79,2.26,BK1121,concept,第四代半导体
2023-04-17,1246.9,1244.55,1264.97,1240.84,3481748.0,3037675257.0,1.94,-0.07,-0.92,2.39,BK1121,concept,第四代半导体
2023-04-18,1236.08,1228.5,1238.96,1221.74,2336276.0,2138190030.0,1.38,-1.29,-16.05,1.6,BK1121,concept,第四代半导体
2023-04-19,1222.69,1222.53,1233.15,1217.41,2573893.0,2205564628.0,1.28,-0.49,-5.97,1.76,BK1121,concept,第四代半导体
2023-04-20,1218.28,1225.24,1227.3,1209.79,2126486.0,2140156576.0,1.43,0.22,2.71,1.46,BK1121,concept,第四代半导体
2023-04-21,1224.13,1191.34,1240.97,1190.51,2808637.0,2804207647.0,4.12,-2.77,-33.9,1.92,BK1121,concept,第四代半导体
2023-04-24,1190.01,1186.53,1201.2,1176.93,1946857.0,1793537375.0,2.04,-0.4,-4.81,1.33,BK1121,concept,第四代半导体
2023-04-25,1187.58,1175.42,1200.48,1155.44,1764441.0,1721237970.0,3.8,-0.94,-11.11,1.21,BK1121,concept,第四代半导体
2023-04-26,1175.92,1148.91,1176.93,1141.51,1687502.0,1828158853.0,3.01,-2.26,-26.51,1.16,BK1121,concept,第四代半导体
2023-04-27,1153.82,1167.59,1172.74,1148.67,1699562.0,1628324166.0,2.1,1.63,18.68,1.16,BK1121,concept,第四代半导体
2023-04-28,1170.16,1188.19,1190.17,1169.41,2629276.0,2372754286.0,1.78,1.76,20.6,1.8,BK1121,concept,第四代半导体
2023-05-04,1198.4,1219.76,1229.19,1191.26,4304236.0,2810383226.0,3.19,2.66,31.57,2.95,BK1121,concept,第四代半导体
2023-05-05,1230.73,1230.32,1242.26,1223.47,3869483.0,2926294301.0,1.54,0.87,10.56,2.65,BK1121,concept,第四代半导体
2023-05-08,1227.94,1260.23,1262.44,1227.94,4110572.0,3278044922.0,2.8,2.43,29.91,2.82,BK1121,concept,第四代半导体
2023-05-09,1267.71,1259.84,1293.87,1256.56,4405226.0,3746123921.0,2.96,-0.03,-0.39,3.02,BK1121,concept,第四代半导体
2023-05-10,1248.29,1244.94,1257.75,1228.55,3269406.0,2899035599.0,2.32,-1.18,-14.9,2.24,BK1121,concept,第四代半导体
2023-05-11,1247.89,1239.28,1254.74,1236.43,2569534.0,2039725546.0,1.47,-0.45,-5.66,1.76,BK1121,concept,第四代半导体
2023-05-12,1238.5,1227.89,1258.63,1227.76,2193607.0,1751489141.0,2.49,-0.92,-11.39,1.5,BK1121,concept,第四代半导体
2023-05-15,1224.9,1258.67,1262.74,1216.38,3298449.0,2520173411.0,3.78,2.51,30.78,2.26,BK1121,concept,第四代半导体
2023-05-16,1254.91,1233.73,1254.91,1230.75,2459689.0,1945803639.0,1.92,-1.98,-24.94,1.69,BK1121,concept,第四代半导体
2023-05-17,1233.05,1238.2,1241.14,1226.85,1650425.0,1355713533.0,1.16,0.36,4.47,1.13,BK1121,concept,第四代半导体
2023-05-18,1237.05,1216.43,1237.05,1209.71,2009716.0,1757313861.0,2.21,-1.76,-21.77,1.38,BK1121,concept,第四代半导体
2023-05-19,1214.25,1219.96,1229.33,1206.0,1718994.0,1752545760.0,1.92,0.29,3.53,1.18,BK1121,concept,第四代半导体
2023-05-22,1212.83,1213.34,1222.58,1206.22,1680585.0,1533276065.0,1.34,-0.54,-6.62,1.15,BK1121,concept,第四代半导体
2023-05-23,1212.74,1180.66,1215.07,1180.65,1858996.0,1514862884.0,2.84,-2.69,-32.68,1.27,BK1121,concept,第四代半导体
2023-05-24,1174.97,1191.64,1206.44,1168.83,1845120.0,2524374069.0,3.19,0.93,10.98,1.26,BK1121,concept,第四代半导体
2023-05-25,1186.04,1183.43,1189.44,1168.55,1240615.0,1354972462.0,1.75,-0.69,-8.21,0.85,BK1121,concept,第四代半导体
2023-05-26,1184.04,1181.12,1186.29,1169.56,924090.0,1110482424.0,1.41,-0.2,-2.31,0.63,BK1121,concept,第四代半导体
2023-05-29,1183.05,1191.28,1204.01,1176.83,1076547.0,1346194504.0,2.3,0.86,10.16,0.74,BK1121,concept,第四代半导体
2023-05-30,1191.73,1193.36,1195.15,1174.56,1456185.0,1288483732.0,1.73,0.17,2.08,1.0,BK1121,concept,第四代半导体
2023-05-31,1189.32,1181.89,1189.32,1170.46,1158240.0,1560468717.0,1.58,-0.96,-11.47,0.79,BK1121,concept,第四代半导体
2023-06-01,1173.01,1173.79,1186.78,1169.13,987196.0,1077618842.0,1.49,-0.69,-8.1,0.68,BK1121,concept,第四代半导体
2023-06-02,1175.86,1190.52,1197.29,1175.86,1048780.0,991971015.0,1.83,1.43,16.73,0.72,BK1121,concept,第四代半导体
2023-06-05,1192.12,1200.21,1202.63,1190.05,989260.0,1005577377.0,1.06,0.81,9.69,0.68,BK1121,concept,第四代半导体
2023-06-06,1203.81,1182.77,1203.81,1179.7,1290419.0,1112790434.0,2.01,-1.45,-17.44,0.88,BK1121,concept,第四代半导体
2023-06-07,1181.13,1166.51,1188.36,1162.85,1134675.0,1010540717.0,2.16,-1.37,-16.26,0.78,BK1121,concept,第四代半导体
2023-06-08,1163.37,1163.68,1169.16,1150.32,1123099.0,890340651.0,1.62,-0.24,-2.83,0.77,BK1121,concept,第四代半导体
2023-06-09,1162.19,1174.55,1174.55,1156.31,959889.0,1013184487.0,1.57,0.93,10.87,0.66,BK1121,concept,第四代半导体
2023-06-12,1174.22,1150.83,1174.22,1149.19,2245273.0,1144193476.0,2.13,-2.02,-23.72,1.54,BK1121,concept,第四代半导体
2023-06-13,1148.45,1155.57,1158.78,1142.49,1271066.0,959579108.0,1.42,0.41,4.74,0.87,BK1121,concept,第四代半导体
2023-06-14,1156.2,1145.66,1156.82,1145.16,1067263.0,799957993.0,1.01,-0.86,-9.91,0.73,BK1121,concept,第四代半导体
2023-06-15,1145.32,1159.34,1160.59,1142.82,953900.0,764347113.0,1.55,1.19,13.68,0.65,BK1121,concept,第四代半导体
2023-06-16,1170.71,1166.97,1174.33,1159.84,1548499.0,1384189976.0,1.25,0.66,7.63,1.06,BK1121,concept,第四代半导体
2023-06-19,1174.91,1174.29,1183.78,1163.87,1341954.0,1599882451.0,1.71,0.63,7.32,0.92,BK1121,concept,第四代半导体
2023-06-20,1175.78,1157.83,1176.34,1157.08,972768.0,1070252240.0,1.64,-1.4,-16.46,0.67,BK1121,concept,第四代半导体
2023-06-21,1158.26,1144.45,1161.94,1142.99,821247.0,870180488.0,1.64,-1.16,-13.38,0.56,BK1121,concept,第四代半导体
2023-06-26,1143.81,1126.73,1145.27,1124.62,769058.0,386745744.0,1.8,-1.55,-17.72,0.53,BK1121,concept,第四代半导体
2023-06-27,1133.33,1150.08,1152.4,1129.79,759777.0,376201726.0,2.01,2.07,23.35,0.52,BK1121,concept,第四代半导体
2023-06-28,1147.28,1150.39,1153.58,1137.51,564313.0,309649415.0,1.4,0.03,0.31,0.39,BK1121,concept,第四代半导体
2023-06-29,1144.6,1144.0,1153.24,1140.12,599915.0,319473679.0,1.14,-0.56,-6.39,0.41,BK1121,concept,第四代半导体
2023-06-30,1140.25,1157.31,1169.17,1137.84,742029.0,421265812.0,2.74,1.16,13.31,0.51,BK1121,concept,第四代半导体
2023-07-03,1161.21,1158.49,1169.31,1156.11,755532.0,461965264.0,1.14,0.1,1.18,0.52,BK1121,concept,第四代半导体
2023-07-04,1184.84,1164.23,1196.53,1158.8,1310414.0,646271087.0,3.26,0.5,5.74,0.9,BK1121,concept,第四代半导体
2023-07-05,1156.59,1157.36,1169.73,1151.07,1056701.0,524790118.0,1.6,-0.59,-6.87,0.72,BK1121,concept,第四代半导体
2023-07-06,1166.83,1154.77,1170.68,1149.89,1206688.0,1640742047.0,1.8,-0.22,-2.59,0.83,BK1121,concept,第四代半导体
2023-07-07,1148.31,1141.46,1154.31,1138.03,1160452.0,1135812731.0,1.41,-1.15,-13.31,0.79,BK1121,concept,第四代半导体
2023-07-10,1140.75,1135.41,1147.18,1130.97,850555.0,685909238.0,1.42,-0.53,-6.05,0.58,BK1121,concept,第四代半导体
2023-07-11,1140.48,1141.61,1142.93,1134.41,886363.0,693320385.0,0.75,0.55,6.2,0.61,BK1121,concept,第四代半导体
2023-07-12,1142.42,1120.93,1143.17,1120.33,1024432.0,962680486.0,2.0,-1.81,-20.68,0.7,BK1121,concept,第四代半导体
2023-07-13,1124.68,1132.5,1133.75,1122.86,746453.0,599361437.0,0.97,1.03,11.57,0.51,BK1121,concept,第四代半导体
2023-07-14,1131.2,1125.68,1134.59,1124.28,809019.0,612903350.0,0.91,-0.6,-6.82,0.55,BK1121,concept,第四代半导体
2023-07-17,1124.49,1128.35,1131.89,1114.94,728174.0,675224894.0,1.51,0.24,2.67,0.5,BK1121,concept,第四代半导体
2023-07-18,1140.45,1146.21,1150.28,1130.33,798541.0,1017263387.0,1.77,1.58,17.86,0.55,BK1121,concept,第四代半导体
2023-07-19,1142.6,1137.6,1147.08,1130.31,875059.0,613662969.0,1.46,-0.75,-8.61,0.6,BK1121,concept,第四代半导体
2023-07-20,1138.69,1125.11,1143.17,1123.97,988220.0,616076928.0,1.69,-1.1,-12.49,0.68,BK1121,concept,第四代半导体
2023-07-21,1119.78,1125.41,1132.46,1118.37,1194711.0,573409172.0,1.25,0.03,0.3,0.82,BK1121,concept,第四代半导体
2023-07-24,1126.58,1129.24,1136.34,1120.01,980585.0,513822564.0,1.45,0.34,3.83,0.67,BK1121,concept,第四代半导体
2023-07-25,1138.13,1147.17,1150.11,1136.62,1637656.0,766912521.0,1.19,1.59,17.93,1.12,BK1121,concept,第四代半导体
2023-07-26,1147.56,1141.38,1150.27,1138.53,1962528.0,863576042.0,1.02,-0.5,-5.79,1.34,BK1121,concept,第四代半导体
2023-07-27,1141.43,1130.08,1141.43,1127.67,1470669.0,768157975.0,1.21,-0.99,-11.3,1.01,BK1121,concept,第四代半导体
2023-07-28,1130.09,1149.16,1149.21,1124.18,1604061.0,855522486.0,2.21,1.69,19.08,1.1,BK1121,concept,第四代半导体
2023-07-31,1151.44,1156.34,1168.44,1147.72,2142688.0,986023983.0,1.8,0.62,7.18,1.47,BK1121,concept,第四代半导体
2023-08-01,1154.98,1161.1,1165.12,1151.68,1655697.0,785219407.0,1.16,0.41,4.76,1.13,BK1121,concept,第四代半导体
2023-08-02,1163.8,1169.45,1177.06,1160.4,2010392.0,1072782799.0,1.43,0.72,8.35,1.38,BK1121,concept,第四代半导体
2023-08-03,1162.28,1162.39,1165.08,1154.14,1461759.0,706680889.0,0.94,-0.6,-7.06,1.0,BK1121,concept,第四代半导体
2023-08-04,1168.45,1162.05,1169.83,1154.68,1666795.0,860926803.0,1.3,-0.03,-0.34,1.14,BK1121,concept,第四代半导体
2023-08-07,1157.36,1149.33,1158.38,1146.26,1512978.0,762861759.0,1.04,-1.09,-12.72,1.04,BK1121,concept,第四代半导体
2023-08-08,1150.52,1140.51,1150.71,1136.41,1056631.0,578085645.0,1.24,-0.77,-8.82,0.72,BK1121,concept,第四代半导体
2023-08-09,1150.82,1157.55,1165.25,1147.61,966520.0,1060147787.0,1.55,1.49,17.04,0.66,BK1121,concept,第四代半导体
2023-08-10,1155.98,1164.0,1169.73,1148.91,849440.0,746829343.0,1.8,0.56,6.45,0.58,BK1121,concept,第四代半导体
2023-08-11,1166.7,1144.57,1172.46,1143.67,1133290.0,837260751.0,2.47,-1.67,-19.43,0.78,BK1121,concept,第四代半导体
2023-08-14,1134.78,1137.54,1138.88,1121.03,941721.0,644787365.0,1.56,-0.61,-7.03,0.65,BK1121,concept,第四代半导体
2023-08-15,1140.63,1130.4,1147.2,1121.21,833849.0,556483230.0,2.28,-0.63,-7.14,0.57,BK1121,concept,第四代半导体
2023-08-16,1124.55,1122.22,1132.57,1119.36,1055704.0,645965212.0,1.17,-0.72,-8.18,0.72,BK1121,concept,第四代半导体
2023-08-17,1120.45,1126.89,1128.8,1112.67,810404.0,514537022.0,1.44,0.42,4.67,0.56,BK1121,concept,第四代半导体
2023-08-18,1127.41,1119.6,1136.28,1119.6,925061.0,610850907.0,1.48,-0.65,-7.29,0.63,BK1121,concept,第四代半导体
2023-08-21,1117.22,1100.48,1122.34,1099.99,751018.0,513910697.0,2.0,-1.71,-19.12,0.51,BK1121,concept,第四代半导体
2023-08-22,1101.92,1104.78,1109.09,1086.36,877746.0,599622335.0,2.07,0.39,4.3,0.6,BK1121,concept,第四代半导体
2023-08-23,1104.19,1080.09,1104.42,1079.1,793334.0,476441781.0,2.29,-2.23,-24.69,0.54,BK1121,concept,第四代半导体
2023-08-24,1088.1,1083.04,1095.3,1079.8,770462.0,635229410.0,1.44,0.27,2.95,0.53,BK1121,concept,第四代半导体
2023-08-25,1077.42,1069.97,1085.19,1066.79,851330.0,597368739.0,1.7,-1.21,-13.07,0.58,BK1121,concept,第四代半导体
2023-08-28,1126.57,1071.85,1130.24,1067.68,2128863.0,1249090604.0,5.85,0.18,1.88,1.46,BK1121,concept,第四代半导体
2023-08-29,1067.53,1104.05,1108.46,1065.28,1415827.0,915999507.0,4.03,3.0,32.2,0.97,BK1121,concept,第四代半导体
2023-08-30,1111.34,1098.96,1123.0,1097.98,1345155.0,1115754907.0,2.27,-0.46,-5.09,0.92,BK1121,concept,第四代半导体
2023-08-31,1106.89,1112.04,1127.48,1099.6,2127293.0,1762028656.0,2.54,1.19,13.08,1.46,BK1121,concept,第四代半导体
2023-09-01,1109.17,1096.28,1111.25,1095.39,1115095.0,885725800.0,1.43,-1.42,-15.76,0.76,BK1121,concept,第四代半导体
2023-09-04,1099.86,1112.25,1112.25,1098.63,1247537.0,890093790.0,1.24,1.46,15.97,0.85,BK1121,concept,第四代半导体
2023-09-05,1109.37,1109.82,1118.26,1102.98,1250641.0,1343626947.0,1.37,-0.22,-2.43,0.86,BK1121,concept,第四代半导体
2023-09-06,1101.85,1139.24,1147.49,1099.34,1464032.0,2204870798.0,4.34,2.65,29.42,1.0,BK1121,concept,第四代半导体
2023-09-07,1131.07,1113.22,1132.94,1113.03,1142682.0,1588087103.0,1.75,-2.28,-26.02,0.78,BK1121,concept,第四代半导体
2023-09-08,1111.85,1117.35,1127.98,1109.86,875856.0,1439516906.0,1.63,0.37,4.13,0.6,BK1121,concept,第四代半导体
2023-09-11,1118.55,1140.56,1152.82,1118.38,1236530.0,2111612507.0,3.08,2.08,23.21,0.85,BK1121,concept,第四代半导体
2023-09-12,1132.83,1135.55,1147.37,1130.18,790839.0,1309362404.0,1.51,-0.44,-5.01,0.54,BK1121,concept,第四代半导体
2023-09-13,1130.35,1130.04,1140.53,1116.52,1006896.0,1306610446.0,2.11,-0.49,-5.51,0.69,BK1121,concept,第四代半导体
2023-09-14,1128.41,1117.11,1128.41,1110.32,832064.0,1110764551.0,1.6,-1.14,-12.93,0.57,BK1121,concept,第四代半导体
2023-09-15,1119.4,1128.07,1128.07,1104.99,1050155.0,1087519875.0,2.07,0.98,10.96,0.72,BK1121,concept,第四代半导体
2023-09-18,1115.47,1107.02,1118.72,1103.92,948176.0,894233027.0,1.31,-1.87,-21.05,0.65,BK1121,concept,第四代半导体
2023-09-19,1107.06,1090.91,1108.99,1089.62,566284.0,655112831.0,1.75,-1.46,-16.11,0.39,BK1121,concept,第四代半导体
2023-09-20,1088.23,1078.8,1091.53,1076.69,573856.0,665633522.0,1.36,-1.11,-12.11,0.39,BK1121,concept,第四代半导体
2023-09-21,1074.38,1076.4,1084.67,1072.52,559469.0,493211409.0,1.13,-0.22,-2.4,0.38,BK1121,concept,第四代半导体
2023-09-22,1072.29,1092.6,1093.48,1069.68,803045.0,695423092.0,2.21,1.51,16.2,0.55,BK1121,concept,第四代半导体
2023-09-25,1090.82,1095.2,1098.53,1086.59,762348.0,849605030.0,1.09,0.24,2.6,0.52,BK1121,concept,第四代半导体
2023-09-26,1090.66,1077.58,1093.01,1076.99,578118.0,608221849.0,1.46,-1.61,-17.62,0.4,BK1121,concept,第四代半导体
2023-09-27,1075.77,1084.96,1093.94,1075.47,475197.0,539091320.0,1.71,0.68,7.38,0.33,BK1121,concept,第四代半导体
2023-09-28,1085.65,1083.33,1089.55,1073.05,588118.0,763403764.0,1.52,-0.15,-1.63,0.4,BK1121,concept,第四代半导体
2023-10-09,1081.36,1083.23,1088.67,1074.6,757463.0,692808932.0,1.3,-0.01,-0.1,0.52,BK1121,concept,第四代半导体
2023-10-10,1084.38,1076.85,1089.0,1074.01,751161.0,935893815.0,1.38,-0.59,-6.38,0.51,BK1121,concept,第四代半导体
2023-10-11,1076.17,1078.49,1086.77,1072.44,694150.0,834776345.0,1.33,0.15,1.64,0.48,BK1121,concept,第四代半导体
2023-10-12,1083.06,1088.55,1090.87,1075.75,668902.0,705940139.0,1.4,0.93,10.06,0.46,BK1121,concept,第四代半导体
2023-10-13,1082.63,1076.97,1083.43,1071.42,604585.0,599212740.0,1.1,-1.06,-11.58,0.41,BK1121,concept,第四代半导体
2023-10-16,1074.59,1063.46,1078.4,1058.95,634595.0,607566364.0,1.81,-1.25,-13.51,0.43,BK1121,concept,第四代半导体
2023-10-17,1063.55,1065.98,1070.38,1060.23,500631.0,427142694.0,0.95,0.24,2.52,0.34,BK1121,concept,第四代半导体
2023-10-18,1065.93,1047.22,1068.17,1047.09,645777.0,491703214.0,1.98,-1.76,-18.76,0.44,BK1121,concept,第四代半导体
2023-10-19,1040.96,1036.03,1058.17,1036.03,624744.0,573227011.0,2.11,-1.07,-11.19,0.43,BK1121,concept,第四代半导体
2023-10-20,1031.73,1027.69,1041.16,1025.38,658060.0,521993628.0,1.52,-0.8,-8.34,0.45,BK1121,concept,第四代半导体
2023-10-23,1023.51,996.82,1025.19,992.33,688729.0,497102168.0,3.2,-3.0,-30.87,0.47,BK1121,concept,第四代半导体
2023-10-24,1002.85,1016.57,1019.16,995.53,741566.0,617291149.0,2.37,1.98,19.75,0.51,BK1121,concept,第四代半导体
2023-10-25,1021.91,1020.65,1028.19,1017.46,641575.0,566427929.0,1.06,0.4,4.08,0.44,BK1121,concept,第四代半导体
2023-10-26,1014.21,1014.82,1020.22,1001.96,579824.0,561262086.0,1.79,-0.57,-5.83,0.4,BK1121,concept,第四代半导体
2023-10-27,1014.35,1047.19,1053.64,1011.73,818205.0,1115147884.0,4.13,3.19,32.37,0.56,BK1121,concept,第四代半导体
2023-10-30,1038.85,1053.59,1057.72,1035.9,682418.0,859515467.0,2.08,0.61,6.4,0.47,BK1121,concept,第四代半导体
2023-10-31,1053.26,1047.44,1054.74,1041.77,699266.0,598071735.0,1.23,-0.58,-6.15,0.48,BK1121,concept,第四代半导体
2023-11-01,1048.97,1038.4,1050.4,1036.14,608226.0,493327159.0,1.36,-0.86,-9.04,0.42,BK1121,concept,第四代半导体
2023-11-02,1039.82,1023.99,1044.15,1023.99,571197.0,460263144.0,1.94,-1.39,-14.41,0.39,BK1121,concept,第四代半导体
2023-11-03,1025.26,1035.8,1043.17,1025.26,669099.0,731080580.0,1.75,1.15,11.81,0.46,BK1121,concept,第四代半导体
2023-11-06,1041.27,1055.55,1056.48,1040.47,914473.0,811634600.0,1.55,1.91,19.75,0.63,BK1121,concept,第四代半导体
2023-11-07,1053.13,1052.48,1057.62,1045.79,718426.0,756891772.0,1.12,-0.29,-3.07,0.49,BK1121,concept,第四代半导体
2023-11-08,1050.87,1050.78,1057.32,1044.03,838695.0,991288100.0,1.26,-0.16,-1.7,0.57,BK1121,concept,第四代半导体
2023-11-09,1056.72,1050.18,1062.05,1049.27,766190.0,970459357.0,1.22,-0.06,-0.6,0.52,BK1121,concept,第四代半导体
2023-11-10,1046.3,1044.69,1048.68,1041.29,681185.0,636696414.0,0.7,-0.52,-5.49,0.47,BK1121,concept,第四代半导体
2023-11-13,1047.14,1045.59,1050.08,1035.72,534649.0,496928511.0,1.37,0.09,0.9,0.37,BK1121,concept,第四代半导体
2023-11-14,1046.0,1045.94,1053.83,1041.45,665973.0,532386341.0,1.18,0.03,0.35,0.46,BK1121,concept,第四代半导体
2023-11-15,1053.51,1051.33,1055.14,1047.4,689787.0,655400423.0,0.74,0.52,5.39,0.47,BK1121,concept,第四代半导体
2023-11-16,1047.85,1039.95,1048.7,1038.96,508234.0,529699639.0,0.93,-1.08,-11.38,0.35,BK1121,concept,第四代半导体
2023-11-17,1036.23,1040.98,1043.04,1032.84,470049.0,456603471.0,0.98,0.1,1.03,0.32,BK1121,concept,第四代半导体
2023-11-20,1042.12,1052.38,1053.77,1040.65,546057.0,657699109.0,1.26,1.1,11.4,0.37,BK1121,concept,第四代半导体
2023-11-21,1053.12,1047.33,1059.43,1046.37,1027107.0,723367767.0,1.24,-0.48,-5.05,0.7,BK1121,concept,第四代半导体
2023-11-22,1045.94,1029.37,1052.89,1029.36,890017.0,624907297.0,2.25,-1.71,-17.96,0.61,BK1121,concept,第四代半导体
2023-11-23,1027.56,1038.62,1039.0,1023.19,917184.0,507337997.0,1.54,0.9,9.25,0.63,BK1121,concept,第四代半导体
2023-11-24,1037.16,1021.63,1037.16,1017.75,838835.0,546457188.0,1.87,-1.64,-16.99,0.57,BK1121,concept,第四代半导体
2023-11-27,1021.61,1017.15,1026.19,1014.48,964644.0,612851892.0,1.15,-0.44,-4.48,0.66,BK1121,concept,第四代半导体
2023-11-28,1015.97,1010.35,1018.22,1006.47,626332.0,468632394.0,1.16,-0.67,-6.8,0.43,BK1121,concept,第四代半导体
2023-11-29,1008.9,1006.5,1013.33,1002.65,778766.0,519816530.0,1.06,-0.38,-3.85,0.53,BK1121,concept,第四代半导体
2023-11-30,1003.02,1005.01,1009.76,999.11,485252.0,429367662.0,1.06,-0.15,-1.49,0.33,BK1121,concept,第四代半导体
2023-12-01,1003.83,1006.89,1014.74,997.37,604428.0,449222205.0,1.73,0.19,1.88,0.41,BK1121,concept,第四代半导体
2023-12-04,1004.5,1005.02,1011.51,1003.78,712836.0,459808449.0,0.77,-0.19,-1.87,0.49,BK1121,concept,第四代半导体
2023-12-05,1003.17,995.74,1006.26,995.35,585112.0,429968024.0,1.09,-0.92,-9.28,0.4,BK1121,concept,第四代半导体
2023-12-06,990.84,1000.97,1005.74,990.74,533371.0,446330801.0,1.51,0.53,5.23,0.37,BK1121,concept,第四代半导体
2023-12-07,997.9,999.29,1003.57,989.79,538113.0,468314629.0,1.38,-0.17,-1.68,0.37,BK1121,concept,第四代半导体
2023-12-08,999.36,995.19,1003.56,992.8,642822.0,549502382.0,1.08,-0.41,-4.1,0.44,BK1121,concept,第四代半导体
2023-12-11,994.42,1009.17,1010.49,980.79,759068.0,561719696.0,2.98,1.4,13.98,0.52,BK1121,concept,第四代半导体
2023-12-12,1015.04,1014.62,1018.78,1009.45,676772.0,586581099.0,0.92,0.54,5.45,0.46,BK1121,concept,第四代半导体
2023-12-13,1012.85,1001.21,1012.85,1000.03,518502.0,399208424.0,1.26,-1.32,-13.41,0.36,BK1121,concept,第四代半导体
2023-12-14,1003.16,1008.48,1015.42,1003.16,597341.0,427854941.0,1.22,0.73,7.27,0.41,BK1121,concept,第四代半导体
2023-12-15,1012.46,1006.11,1018.07,1003.99,753189.0,466694886.0,1.4,-0.24,-2.37,0.52,BK1121,concept,第四代半导体
2023-12-18,1007.26,994.94,1008.05,992.42,724236.0,438629060.0,1.55,-1.11,-11.17,0.5,BK1121,concept,第四代半导体
2023-12-19,992.78,997.8,1005.67,991.12,652609.0,363028038.0,1.46,0.29,2.86,0.45,BK1121,concept,第四代半导体
2023-12-20,999.14,992.58,1005.61,992.05,847904.0,490328622.0,1.36,-0.52,-5.22,0.58,BK1121,concept,第四代半导体
2023-12-21,990.07,996.03,1000.02,983.12,862863.0,518241947.0,1.7,0.35,3.45,0.59,BK1121,concept,第四代半导体
2023-12-22,996.65,996.46,1003.98,987.86,862747.0,493819707.0,1.62,0.04,0.43,0.59,BK1121,concept,第四代半导体
2023-12-25,994.78,991.36,1003.66,988.44,512811.0,305249112.0,1.53,-0.51,-5.1,0.35,BK1121,concept,第四代半导体
2023-12-26,990.27,976.54,991.52,974.25,533147.0,365415645.0,1.74,-1.49,-14.82,0.37,BK1121,concept,第四代半导体
2023-12-27,977.55,985.86,988.59,972.62,509210.0,352372438.0,1.64,0.95,9.32,0.35,BK1121,concept,第四代半导体
2023-12-28,985.74,1004.0,1007.61,980.51,641209.0,436622761.0,2.75,1.84,18.14,0.44,BK1121,concept,第四代半导体
2023-12-29,1005.06,1008.39,1010.79,1003.59,420932.0,332132088.0,0.72,0.44,4.39,0.29,BK1121,concept,第四代半导体
2024-01-02,1008.09,1003.3,1008.14,997.94,540270.0,420278899.0,1.01,-0.5,-5.09,0.37,BK1121,concept,第四代半导体
2024-01-03,1003.3,1009.62,1018.85,1000.61,814455.0,545750609.0,1.82,0.63,6.32,0.56,BK1121,concept,第四代半导体
2024-01-04,1008.64,998.47,1010.09,994.65,574018.0,376407016.0,1.53,-1.1,-11.15,0.39,BK1121,concept,第四代半导体
2024-01-05,997.19,981.46,1008.04,978.42,548436.0,394038070.0,2.97,-1.7,-17.01,0.38,BK1121,concept,第四代半导体
2024-01-08,978.94,958.19,982.24,957.62,680229.0,587580884.0,2.51,-2.37,-23.27,0.47,BK1121,concept,第四代半导体
2024-01-09,962.11,974.73,987.25,960.39,1273663.0,575865171.0,2.8,1.73,16.54,0.87,BK1121,concept,第四代半导体
2024-01-10,972.37,962.2,977.18,961.02,720764.0,373966093.0,1.66,-1.29,-12.53,0.49,BK1121,concept,第四代半导体
2024-01-11,960.17,965.85,971.05,952.02,614240.0,483361605.0,1.98,0.38,3.65,0.42,BK1121,concept,第四代半导体
2024-01-12,963.89,970.16,979.68,961.17,550257.0,470017443.0,1.92,0.45,4.31,0.38,BK1121,concept,第四代半导体
2024-01-15,967.35,971.86,982.76,963.34,690823.0,511742596.0,2.0,0.18,1.7,0.47,BK1121,concept,第四代半导体
2024-01-16,972.03,972.06,981.08,960.93,610151.0,424197275.0,2.07,0.02,0.2,0.42,BK1121,concept,第四代半导体
2024-01-17,969.52,947.8,969.52,946.96,564939.0,373071989.0,2.32,-2.5,-24.26,0.39,BK1121,concept,第四代半导体
2024-01-18,943.49,949.08,952.06,920.43,825419.0,587146315.0,3.34,0.14,1.28,0.57,BK1121,concept,第四代半导体
2024-01-19,947.66,942.8,957.75,940.75,453380.0,309531421.0,1.79,-0.66,-6.28,0.31,BK1121,concept,第四代半导体
2024-01-22,938.78,892.81,940.07,886.8,781981.0,539288619.0,5.65,-5.3,-49.99,0.54,BK1121,concept,第四代半导体
2024-01-23,891.68,909.12,916.79,882.56,766387.0,479582561.0,3.83,1.83,16.31,0.53,BK1121,concept,第四代半导体
2024-01-24,921.35,934.85,937.13,900.15,1010080.0,648305757.0,4.07,2.83,25.73,0.69,BK1121,concept,第四代半导体
2024-01-25,934.59,969.94,973.96,930.22,1328989.0,782088177.0,4.68,3.75,35.09,0.91,BK1121,concept,第四代半导体
2024-01-26,968.31,967.73,982.29,965.12,1094152.0,655451392.0,1.77,-0.23,-2.21,0.75,BK1121,concept,第四代半导体
2024-01-29,972.74,949.29,974.7,948.83,1171035.0,636604113.0,2.67,-1.91,-18.44,0.8,BK1121,concept,第四代半导体
2024-01-30,944.11,916.21,951.68,915.49,832911.0,493590007.0,3.81,-3.48,-33.08,0.57,BK1121,concept,第四代半导体
2024-01-31,912.48,897.57,927.69,894.21,917263.0,559467686.0,3.65,-2.03,-18.64,0.63,BK1121,concept,第四代半导体
2024-02-01,892.93,878.43,903.8,874.47,1032469.0,550423606.0,3.27,-2.13,-19.14,0.71,BK1121,concept,第四代半导体
2024-02-02,878.91,848.86,889.41,826.71,1260569.0,767435009.0,7.14,-3.37,-29.57,0.86,BK1121,concept,第四代半导体
2024-02-05,842.84,819.21,845.65,778.29,1698761.0,974635561.0,7.94,-3.49,-29.65,1.16,BK1121,concept,第四代半导体
2024-02-06,808.93,916.6,924.6,805.66,1591776.0,1210537285.0,14.52,11.89,97.39,1.09,BK1121,concept,第四代半导体
2024-02-07,917.08,970.37,972.03,917.08,2402906.0,1578177569.0,5.99,5.87,53.77,1.65,BK1121,concept,第四代半导体
2024-02-08,972.06,977.36,1031.14,971.56,2113300.0,1634604509.0,6.14,0.72,6.99,1.45,BK1121,concept,第四代半导体
2024-02-19,996.51,973.66,996.51,959.09,1412724.0,1051782338.0,3.83,-0.38,-3.7,0.97,BK1121,concept,第四代半导体
2024-02-20,968.8,972.38,974.77,958.29,885685.0,654057201.0,1.69,-0.13,-1.28,0.61,BK1121,concept,第四代半导体
2024-02-21,963.49,969.47,989.83,959.32,1386643.0,956139908.0,3.14,-0.3,-2.91,0.95,BK1121,concept,第四代半导体
2024-02-22,968.32,972.61,975.59,959.76,1030955.0,873791045.0,1.63,0.32,3.14,0.71,BK1121,concept,第四代半导体
2024-02-23,972.81,972.34,979.45,957.88,1114079.0,908238115.0,2.22,-0.03,-0.27,0.76,BK1121,concept,第四代半导体
2024-02-26,972.55,976.26,986.74,966.14,1231378.0,1004498308.0,2.12,0.4,3.92,0.84,BK1121,concept,第四代半导体
2024-02-27,968.59,1001.31,1001.31,966.65,1034170.0,955784080.0,3.55,2.57,25.05,0.71,BK1121,concept,第四代半导体
2024-02-28,999.97,972.13,1013.95,971.21,1761748.0,1346511761.0,4.27,-2.91,-29.18,1.21,BK1121,concept,第四代半导体
2024-02-29,965.55,1017.31,1017.31,964.32,1346201.0,1467298849.0,5.45,4.65,45.18,0.92,BK1121,concept,第四代半导体
2024-03-01,1016.53,1010.03,1023.4,1000.54,1164257.0,1334963459.0,2.25,-0.72,-7.28,0.8,BK1121,concept,第四代半导体
2024-03-04,1009.01,1013.68,1018.91,998.77,1622398.0,1347344675.0,1.99,0.36,3.65,1.11,BK1121,concept,第四代半导体
2024-03-05,1003.33,1003.22,1010.81,992.38,1344099.0,1090646500.0,1.82,-1.03,-10.46,0.92,BK1121,concept,第四代半导体
2024-03-06,997.72,996.34,1011.61,990.06,1372531.0,1089039979.0,2.15,-0.69,-6.88,0.94,BK1121,concept,第四代半导体
2024-03-07,996.42,979.77,1004.47,979.77,1152832.0,935195343.0,2.48,-1.66,-16.57,0.79,BK1121,concept,第四代半导体
2024-03-08,980.92,981.41,986.57,973.61,870253.0,694140744.0,1.32,0.17,1.64,0.6,BK1121,concept,第四代半导体
2024-03-11,984.54,1002.32,1004.19,980.12,1103666.0,865187222.0,2.45,2.13,20.91,0.76,BK1121,concept,第四代半导体
2024-03-12,1002.71,999.22,1009.76,989.7,1469538.0,933998060.0,2.0,-0.31,-3.1,1.01,BK1121,concept,第四代半导体
2024-03-13,999.99,989.57,1001.27,986.93,1020928.0,732463081.0,1.44,-0.97,-9.65,0.7,BK1121,concept,第四代半导体
2024-03-14,985.0,980.66,992.3,972.65,917295.0,620956154.0,1.99,-0.9,-8.91,0.63,BK1121,concept,第四代半导体
2024-03-15,979.02,988.77,991.21,977.14,935403.0,614045123.0,1.43,0.83,8.11,0.64,BK1121,concept,第四代半导体
2024-03-18,990.52,996.75,996.75,981.19,1079809.0,915093882.0,1.57,0.81,7.98,0.74,BK1121,concept,第四代半导体
2024-03-19,993.04,993.48,999.6,987.95,1105732.0,980312919.0,1.17,-0.33,-3.27,0.76,BK1121,concept,第四代半导体
2024-03-20,991.54,996.49,1004.93,987.14,1094820.0,1092453234.0,1.79,0.3,3.01,0.75,BK1121,concept,第四代半导体
2024-03-21,997.36,987.12,1001.3,982.25,1003371.0,777283944.0,1.91,-0.94,-9.37,0.69,BK1121,concept,第四代半导体
2024-03-22,987.12,988.95,1004.98,985.42,1178041.0,1328005371.0,1.98,0.19,1.83,0.81,BK1121,concept,第四代半导体
2024-03-25,984.69,972.55,998.43,972.27,1060834.0,970534277.0,2.65,-1.66,-16.4,0.73,BK1121,concept,第四代半导体
2024-03-26,967.15,976.61,985.04,964.13,938635.0,863461601.0,2.15,0.42,4.06,0.64,BK1121,concept,第四代半导体
2024-03-27,974.15,943.24,975.95,943.03,827128.0,654628101.0,3.37,-3.42,-33.37,0.57,BK1121,concept,第四代半导体
2024-03-28,941.82,962.0,977.36,941.82,892961.0,863365710.0,3.77,1.99,18.76,0.61,BK1121,concept,第四代半导体
2024-03-29,958.14,968.89,969.14,957.31,770411.0,580962786.0,1.23,0.72,6.89,0.53,BK1121,concept,第四代半导体
2024-04-01,970.79,983.1,984.79,970.59,819432.0,656905595.0,1.47,1.47,14.21,0.56,BK1121,concept,第四代半导体
2024-04-02,983.02,984.71,990.61,974.11,899222.0,696956627.0,1.68,0.16,1.61,0.62,BK1121,concept,第四代半导体
2024-04-03,982.31,985.57,989.95,973.79,732332.0,794311429.0,1.64,0.09,0.86,0.5,BK1121,concept,第四代半导体
2024-04-08,984.66,970.11,987.05,968.86,1022677.0,733066554.0,1.85,-1.57,-15.46,0.7,BK1121,concept,第四代半导体
2024-04-09,972.63,985.48,989.13,969.11,812270.0,624551989.0,2.06,1.58,15.37,0.56,BK1121,concept,第四代半导体
2024-04-10,991.91,985.33,999.36,974.43,931673.0,785509650.0,2.53,-0.02,-0.15,0.64,BK1121,concept,第四代半导体
2024-04-11,987.29,1010.67,1021.52,987.29,1784777.0,1269767354.0,3.47,2.57,25.34,1.22,BK1121,concept,第四代半导体
2024-04-12,1022.66,1017.17,1032.93,1013.05,3659773.0,2426615854.0,1.97,0.64,6.5,2.51,BK1121,concept,第四代半导体
2024-04-15,1033.46,1050.42,1066.04,1002.71,5205289.0,3702156462.0,6.23,3.27,33.25,3.57,BK1121,concept,第四代半导体
2024-04-16,1037.43,1034.55,1054.86,1024.99,5529847.0,4195792130.0,2.84,-1.51,-15.87,3.79,BK1121,concept,第四代半导体
2024-04-17,1031.26,1073.65,1073.65,1028.37,4740590.0,3647087680.0,4.38,3.78,39.1,3.25,BK1121,concept,第四代半导体
2024-04-18,1060.67,1076.53,1089.18,1048.25,5605350.0,4577045136.0,3.81,0.27,2.88,3.84,BK1121,concept,第四代半导体
2024-04-19,1062.92,1065.92,1079.73,1059.11,4335406.0,3613352402.0,1.92,-0.99,-10.61,2.97,BK1121,concept,第四代半导体
2024-04-22,1055.08,1030.86,1055.95,1020.14,4184712.0,3572242415.0,3.36,-3.29,-35.06,2.87,BK1121,concept,第四代半导体
2024-04-23,1028.11,1032.25,1041.13,1020.35,3927702.0,3057515291.0,2.02,0.13,1.39,2.69,BK1121,concept,第四代半导体
2024-04-24,1040.76,1031.48,1042.48,1016.26,4146481.0,3221525139.0,2.54,-0.07,-0.77,2.84,BK1121,concept,第四代半导体
2024-04-25,1026.0,1024.32,1041.57,1016.08,3542446.0,2743647959.0,2.47,-0.69,-7.16,2.43,BK1121,concept,第四代半导体
2024-04-26,1021.54,1045.53,1050.33,1021.54,4031661.0,3125411003.0,2.81,2.07,21.21,2.76,BK1121,concept,第四代半导体
2024-04-29,1041.41,1087.97,1094.02,1041.41,4451260.0,3303298279.0,5.03,4.06,42.44,3.05,BK1121,concept,第四代半导体
2024-04-30,1088.31,1062.92,1088.89,1059.66,4808830.0,3430604117.0,2.69,-2.3,-25.05,3.29,BK1121,concept,第四代半导体
2024-05-06,1079.13,1083.43,1090.84,1077.04,3435148.0,2480923356.0,1.3,1.93,20.51,2.35,BK1121,concept,第四代半导体
2024-05-07,1082.13,1088.32,1093.27,1077.35,2780961.0,2068395251.0,1.47,0.45,4.89,1.91,BK1121,concept,第四代半导体
2024-05-08,1089.12,1082.64,1090.73,1077.71,3121812.0,2317859205.0,1.2,-0.52,-5.68,2.14,BK1121,concept,第四代半导体
2024-05-09,1080.7,1099.37,1106.24,1080.7,2998513.0,2255146498.0,2.36,1.55,16.73,2.05,BK1121,concept,第四代半导体
2024-05-10,1101.03,1103.02,1106.13,1082.42,4870747.0,3377522189.0,2.16,0.33,3.65,3.34,BK1121,concept,第四代半导体
2024-05-13,1097.7,1112.13,1115.13,1084.18,4721057.0,3585823215.0,2.81,0.83,9.11,3.23,BK1121,concept,第四代半导体
2024-05-14,1109.47,1089.47,1112.69,1087.92,3496100.0,2638434179.0,2.23,-2.04,-22.66,2.4,BK1121,concept,第四代半导体
2024-05-15,1085.5,1062.44,1087.38,1059.02,4068358.0,2722032990.0,2.6,-2.48,-27.03,2.79,BK1121,concept,第四代半导体
2024-05-16,1067.15,1058.39,1071.63,1052.93,3395629.0,2009253547.0,1.76,-0.38,-4.05,2.33,BK1121,concept,第四代半导体
2024-05-17,1059.98,1086.0,1088.41,1059.98,3567072.0,1809942492.0,2.69,2.61,27.61,2.44,BK1121,concept,第四代半导体
2024-05-20,1085.9,1086.15,1091.19,1076.35,3124745.0,1738304776.0,1.37,0.01,0.15,2.14,BK1121,concept,第四代半导体
2024-05-21,1085.93,1078.3,1087.68,1073.39,1982764.0,1112863220.0,1.32,-0.72,-7.85,1.36,BK1121,concept,第四代半导体
2024-05-22,1081.27,1076.36,1083.67,1071.23,2356677.0,1170290706.0,1.15,-0.18,-1.94,1.61,BK1121,concept,第四代半导体
2024-05-23,1071.46,1050.63,1071.53,1046.36,2334796.0,1318785291.0,2.34,-2.39,-25.73,1.6,BK1121,concept,第四代半导体
2024-05-24,1047.3,1043.17,1058.76,1042.58,2535360.0,1620175107.0,1.54,-0.71,-7.46,1.74,BK1121,concept,第四代半导体
2024-05-27,1045.35,1084.49,1089.24,1035.13,2971596.0,2603109471.0,5.19,3.96,41.32,2.04,BK1121,concept,第四代半导体
2024-05-28,1081.72,1080.67,1096.35,1077.58,2708086.0,2698125272.0,1.73,-0.35,-3.82,1.86,BK1121,concept,第四代半导体
2024-05-29,1073.09,1073.76,1087.73,1067.82,1924553.0,1739320076.0,1.84,-0.64,-6.91,1.32,BK1121,concept,第四代半导体
2024-05-30,1075.5,1080.53,1094.06,1072.67,1914517.0,2139764730.0,1.99,0.63,6.77,1.31,BK1121,concept,第四代半导体
2024-05-31,1076.54,1074.47,1086.8,1068.21,1647077.0,1536172373.0,1.72,-0.56,-6.06,1.13,BK1121,concept,第四代半导体
2024-06-03,1073.04,1071.03,1076.11,1061.38,1565521.0,1283889924.0,1.37,-0.32,-3.44,1.07,BK1121,concept,第四代半导体
2024-06-04,1071.99,1108.82,1112.08,1063.21,3129106.0,2459687058.0,4.56,3.53,37.79,2.14,BK1121,concept,第四代半导体
2024-06-05,1110.78,1101.13,1119.65,1099.33,3402985.0,2799078945.0,1.83,-0.69,-7.69,2.33,BK1121,concept,第四代半导体
2024-06-06,1101.28,1088.32,1110.23,1081.15,2778528.0,2563751878.0,2.64,-1.16,-12.81,1.9,BK1121,concept,第四代半导体
2024-06-07,1092.75,1099.87,1106.65,1084.26,2229933.0,2485733158.0,2.06,1.06,11.55,1.53,BK1121,concept,第四代半导体
2024-06-11,1106.88,1126.3,1136.53,1097.6,2360452.0,3507979502.0,3.54,2.4,26.43,1.62,BK1121,concept,第四代半导体
2024-06-12,1112.93,1119.86,1128.42,1109.55,2179863.0,2938643558.0,1.68,-0.57,-6.44,1.49,BK1121,concept,第四代半导体
2024-06-13,1119.36,1114.03,1141.35,1109.92,2642370.0,3483081658.0,2.81,-0.52,-5.83,1.81,BK1121,concept,第四代半导体
2024-06-14,1111.98,1113.16,1120.3,1098.42,2600366.0,2870126036.0,1.96,-0.08,-0.87,1.78,BK1121,concept,第四代半导体
2024-06-17,1104.53,1125.28,1129.93,1104.53,2571170.0,2696696647.0,2.28,1.09,12.12,1.76,BK1121,concept,第四代半导体
2024-06-18,1117.99,1124.08,1126.81,1112.52,1875873.0,2075855019.0,1.27,-0.11,-1.2,1.29,BK1121,concept,第四代半导体
2024-06-19,1124.35,1127.33,1137.26,1118.38,2159572.0,3074386937.0,1.68,0.29,3.25,1.48,BK1121,concept,第四代半导体
2024-06-20,1118.29,1096.64,1124.45,1095.5,2003787.0,2318031303.0,2.57,-2.72,-30.69,1.37,BK1121,concept,第四代半导体
2024-06-21,1097.08,1101.12,1119.11,1094.12,1576253.0,1852650690.0,2.28,0.41,4.48,1.08,BK1121,concept,第四代半导体
2024-06-24,1093.98,1075.96,1110.99,1070.58,2082461.0,2101295942.0,3.67,-2.28,-25.16,1.43,BK1121,concept,第四代半导体
2024-06-25,1067.38,1053.46,1074.94,1048.06,1716635.0,1970796474.0,2.5,-2.09,-22.5,1.18,BK1121,concept,第四代半导体
2024-06-26,1055.7,1070.58,1075.54,1039.82,1428840.0,1575272714.0,3.39,1.63,17.12,0.98,BK1121,concept,第四代半导体
2024-06-27,1067.24,1034.19,1069.05,1032.97,1632261.0,1466630270.0,3.37,-3.4,-36.39,1.12,BK1121,concept,第四代半导体
2024-06-28,1029.91,1030.92,1044.88,1014.63,5129311.0,2808071369.0,2.92,-0.32,-3.27,3.51,BK1121,concept,第四代半导体
2024-07-01,1026.72,1036.16,1041.36,1016.18,3460808.0,2179604282.0,2.44,0.51,5.24,2.37,BK1121,concept,第四代半导体
2024-07-02,1035.95,1028.13,1043.43,1022.23,3312841.0,1942594463.0,2.05,-0.77,-8.03,2.27,BK1121,concept,第四代半导体
2024-07-03,1022.7,1037.04,1043.3,1016.01,2125942.0,1659951816.0,2.65,0.87,8.91,1.46,BK1121,concept,第四代半导体
2024-07-04,1033.68,1035.41,1054.38,1031.55,2602120.0,2081962867.0,2.2,-0.16,-1.63,1.78,BK1121,concept,第四代半导体
2024-07-05,1032.63,1016.42,1036.09,1006.0,1750749.0,1432738866.0,2.91,-1.83,-18.99,1.2,BK1121,concept,第四代半导体
2024-07-08,1009.36,997.79,1015.23,990.86,2118151.0,1809536142.0,2.4,-1.83,-18.63,1.45,BK1121,concept,第四代半导体
2024-07-09,1007.38,1026.27,1029.23,993.33,3048560.0,2752681737.0,3.6,2.85,28.48,2.09,BK1121,concept,第四代半导体
2024-07-10,1019.74,1018.76,1031.43,1012.74,2296058.0,2050197998.0,1.82,-0.73,-7.51,1.57,BK1121,concept,第四代半导体
2024-07-11,1032.13,1042.31,1042.6,1016.89,2075181.0,1838954055.0,2.52,2.31,23.55,1.42,BK1121,concept,第四代半导体
2024-07-12,1038.15,1041.62,1048.77,1031.4,1948114.0,1596627673.0,1.67,-0.07,-0.69,1.33,BK1121,concept,第四代半导体
2024-07-15,1039.86,1013.68,1039.86,1009.79,2325802.0,1916636814.0,2.89,-2.68,-27.94,1.59,BK1121,concept,第四代半导体
2024-07-16,1009.53,1010.53,1016.52,990.72,1794488.0,1625684156.0,2.55,-0.31,-3.15,1.23,BK1121,concept,第四代半导体
2024-07-17,1007.16,1002.25,1017.36,997.12,1823130.0,1774701255.0,2.0,-0.82,-8.28,1.25,BK1121,concept,第四代半导体
2024-07-18,996.02,1019.74,1023.51,993.91,1794903.0,2218221419.0,2.95,1.75,17.49,1.23,BK1121,concept,第四代半导体
2024-07-19,1011.9,1021.14,1025.16,1004.66,1656579.0,1824164345.0,2.01,0.14,1.4,1.13,BK1121,concept,第四代半导体
2024-07-22,1016.51,1020.18,1032.3,1015.06,1615512.0,1588398963.0,1.69,-0.09,-0.96,1.11,BK1121,concept,第四代半导体
2024-07-23,1016.29,987.11,1022.43,986.45,1665242.0,1574666211.0,3.53,-3.24,-33.07,1.14,BK1121,concept,第四代半导体
2024-07-24,982.14,966.45,989.92,965.62,1348009.0,1154469810.0,2.46,-2.09,-20.66,0.92,BK1121,concept,第四代半导体
2024-07-25,961.97,972.56,985.13,958.97,1358218.0,1026217944.0,2.71,0.63,6.11,0.93,BK1121,concept,第四代半导体
2024-07-26,972.33,991.06,995.21,972.33,1789257.0,1368542991.0,2.35,1.9,18.5,1.23,BK1121,concept,第四代半导体
2024-07-29,997.5,986.42,999.96,985.79,1495275.0,1165644349.0,1.43,-0.47,-4.64,1.02,BK1121,concept,第四代半导体
2024-07-30,983.35,988.22,990.23,963.78,1381000.0,1202932974.0,2.68,0.18,1.8,0.95,BK1121,concept,第四代半导体
2024-07-31,986.5,1024.07,1026.33,980.47,1883215.0,1548221702.0,4.64,3.63,35.85,1.29,BK1121,concept,第四代半导体
2024-08-01,1025.03,1020.74,1032.47,1017.42,1349478.0,1188832908.0,1.47,-0.33,-3.33,0.92,BK1121,concept,第四代半导体
2024-08-02,1017.49,1014.31,1035.12,1012.74,2271834.0,1168834757.0,2.19,-0.63,-6.43,1.56,BK1121,concept,第四代半导体
2024-08-05,1008.51,982.87,1028.14,980.86,1716281.0,1206660404.0,4.66,-3.1,-31.44,1.18,BK1121,concept,第四代半导体
2024-08-06,995.93,991.06,999.83,977.65,1221188.0,796958424.0,2.26,0.83,8.19,0.84,BK1121,concept,第四代半导体
2024-08-07,990.64,1012.22,1023.01,987.31,1675459.0,1272377587.0,3.6,2.14,21.16,1.15,BK1121,concept,第四代半导体
2024-08-08,1009.09,1007.97,1017.35,995.57,1464638.0,1001757992.0,2.15,-0.42,-4.25,1.0,BK1121,concept,第四代半导体
2024-08-09,1017.2,1001.33,1023.7,999.58,1237333.0,737670771.0,2.39,-0.66,-6.64,0.85,BK1121,concept,第四代半导体
2024-08-12,1001.89,1000.98,1006.64,994.16,1106025.0,712550477.0,1.25,-0.03,-0.35,0.76,BK1121,concept,第四代半导体
2024-08-13,1001.22,1001.31,1009.05,990.82,984623.0,740361324.0,1.82,0.03,0.33,0.67,BK1121,concept,第四代半导体
2024-08-14,1002.03,984.36,1002.77,984.17,796206.0,601278193.0,1.86,-1.69,-16.95,0.55,BK1121,concept,第四代半导体
2024-08-15,982.05,994.38,1003.26,975.8,988262.0,699277030.0,2.79,1.02,10.02,0.68,BK1121,concept,第四代半导体
2024-08-16,991.41,980.35,995.78,978.64,1022553.0,728763404.0,1.72,-1.41,-14.03,0.7,BK1121,concept,第四代半导体
2024-08-19,978.06,986.16,996.1,973.71,897981.0,577523199.0,2.28,0.59,5.81,0.62,BK1121,concept,第四代半导体
2024-08-20,988.01,967.2,988.24,964.81,978247.0,626164905.0,2.38,-1.92,-18.96,0.67,BK1121,concept,第四代半导体
2024-08-21,965.73,963.58,972.16,961.01,608209.0,467954782.0,1.15,-0.37,-3.62,0.42,BK1121,concept,第四代半导体
2024-08-22,965.22,954.84,970.5,953.51,817011.0,578423861.0,1.76,-0.91,-8.74,0.56,BK1121,concept,第四代半导体
2024-08-23,952.33,956.18,961.78,949.43,674174.0,456968772.0,1.29,0.14,1.34,0.46,BK1121,concept,第四代半导体
2024-08-26,954.21,956.76,961.37,946.21,661117.0,446821255.0,1.59,0.06,0.58,0.45,BK1121,concept,第四代半导体
2024-08-27,956.07,951.1,960.09,946.7,804160.0,604922038.0,1.4,-0.59,-5.66,0.55,BK1121,concept,第四代半导体
2024-08-28,950.42,950.73,959.84,948.12,606243.0,442967189.0,1.23,-0.04,-0.37,0.42,BK1121,concept,第四代半导体
2024-08-29,946.65,962.92,970.74,941.96,787941.0,665397806.0,3.03,1.28,12.19,0.54,BK1121,concept,第四代半导体
2024-08-30,967.04,994.64,1016.03,965.71,2183670.0,1606680032.0,5.23,3.29,31.72,1.5,BK1121,concept,第四代半导体
2024-09-02,1016.56,1005.88,1031.25,1005.88,3340961.0,1327283607.0,2.55,1.13,11.24,2.29,BK1121,concept,第四代半导体
2024-09-03,1006.42,1032.8,1035.14,1003.33,2395910.0,1195639894.0,3.16,2.68,26.92,1.64,BK1121,concept,第四代半导体
2024-09-04,1031.31,1048.28,1061.59,1030.54,2642109.0,1561933870.0,3.01,1.5,15.48,1.81,BK1121,concept,第四代半导体
2024-09-05,1048.11,1039.81,1051.45,1032.73,1623637.0,896777570.0,1.79,-0.81,-8.47,1.11,BK1121,concept,第四代半导体
2024-09-06,1037.76,1016.22,1040.06,1014.65,1437559.0,761890283.0,2.44,-2.27,-23.59,0.98,BK1121,concept,第四代半导体
2024-09-09,1016.64,1013.89,1027.58,1009.25,1015880.0,625812914.0,1.8,-0.23,-2.33,0.7,BK1121,concept,第四代半导体
2024-09-10,1013.66,1018.94,1023.15,1000.39,1071786.0,795662021.0,2.24,0.5,5.05,0.73,BK1121,concept,第四代半导体
2024-09-11,1015.92,1018.43,1024.07,1007.37,784059.0,629983593.0,1.64,-0.05,-0.51,0.54,BK1121,concept,第四代半导体
2024-09-12,1019.34,1011.44,1029.8,1011.44,972490.0,667460036.0,1.8,-0.69,-6.99,0.67,BK1121,concept,第四代半导体
2024-09-13,1011.37,1014.07,1021.83,1008.92,1141105.0,776818954.0,1.28,0.26,2.63,0.78,BK1121,concept,第四代半导体
2024-09-18,1022.13,1040.35,1042.88,1015.21,1591500.0,1342555624.0,2.73,2.59,26.28,1.09,BK1121,concept,第四代半导体
2024-09-19,1041.13,1043.41,1055.79,1024.65,1475701.0,1099035425.0,2.99,0.29,3.06,1.01,BK1121,concept,第四代半导体
2024-09-20,1040.03,1033.95,1040.14,1027.26,1211434.0,803898379.0,1.23,-0.91,-9.46,0.83,BK1121,concept,第四代半导体
2024-09-23,1031.56,1031.24,1043.94,1026.11,980907.0,665820871.0,1.72,-0.26,-2.71,0.67,BK1121,concept,第四代半导体
2024-09-24,1036.03,1067.22,1067.22,1028.09,1840673.0,1282973127.0,3.79,3.49,35.98,1.26,BK1121,concept,第四代半导体
2024-09-25,1073.98,1089.72,1123.84,1073.98,2851409.0,1706599553.0,4.67,2.11,22.5,1.95,BK1121,concept,第四代半导体
2024-09-26,1086.78,1137.37,1138.84,1084.86,3494071.0,1808851169.0,4.95,4.37,47.65,2.39,BK1121,concept,第四代半导体
2024-09-27,1171.58,1232.64,1235.78,1165.48,4386557.0,2809020464.0,6.18,8.38,95.27,3.01,BK1121,concept,第四代半导体
2024-09-30,1295.15,1385.26,1392.08,1276.9,4374087.0,4249699274.0,9.34,12.38,152.62,3.0,BK1121,concept,第四代半导体
2024-10-08,1590.51,1515.83,1590.71,1447.2,9246679.0,7665047461.0,10.36,9.43,130.57,6.33,BK1121,concept,第四代半导体
2024-10-09,1476.98,1460.27,1588.31,1435.1,7945043.0,7996463770.0,10.11,-3.67,-55.56,5.44,BK1121,concept,第四代半导体
2024-10-10,1468.21,1414.99,1489.71,1394.09,5519281.0,5042945764.0,6.55,-3.1,-45.28,3.78,BK1121,concept,第四代半导体
2024-10-11,1391.56,1343.49,1410.61,1325.47,3408991.0,3293193501.0,6.02,-5.05,-71.5,2.34,BK1121,concept,第四代半导体
2024-10-14,1365.09,1392.59,1398.54,1333.63,3741776.0,3305106776.0,4.83,3.65,49.1,2.56,BK1121,concept,第四代半导体
2024-10-15,1381.37,1354.38,1409.73,1350.76,4091324.0,3984768707.0,4.23,-2.74,-38.21,2.8,BK1121,concept,第四代半导体
2024-10-16,1346.5,1370.24,1392.81,1346.5,3220608.0,3690968275.0,3.42,1.17,15.86,2.21,BK1121,concept,第四代半导体
2024-10-17,1372.91,1335.39,1378.51,1334.46,3050059.0,3174836805.0,3.21,-2.54,-34.85,2.09,BK1121,concept,第四代半导体
2024-10-18,1329.61,1403.39,1452.61,1318.41,4225568.0,5338393413.0,10.05,5.09,68.0,2.89,BK1121,concept,第四代半导体
2024-10-21,1409.31,1393.48,1438.19,1389.37,3230478.0,5282974160.0,3.48,-0.71,-9.91,2.21,BK1121,concept,第四代半导体
2024-10-22,1381.63,1392.89,1408.68,1376.76,2636669.0,3723972703.0,2.29,-0.04,-0.59,1.81,BK1121,concept,第四代半导体
2024-10-23,1390.92,1408.62,1424.64,1384.1,2593353.0,3449629859.0,2.91,1.13,15.73,1.78,BK1121,concept,第四代半导体
2024-10-24,1383.75,1373.49,1383.75,1346.27,1783753.0,2610707818.0,2.66,-2.49,-35.13,1.22,BK1121,concept,第四代半导体
2024-10-25,1374.29,1368.71,1384.47,1354.3,2311000.0,2677732560.0,2.2,-0.35,-4.78,1.58,BK1121,concept,第四代半导体
2024-10-28,1361.42,1371.35,1380.43,1357.7,2496733.0,2599720191.0,1.66,0.19,2.64,1.71,BK1121,concept,第四代半导体
2024-10-29,1373.94,1345.19,1382.89,1342.72,2455093.0,3034010498.0,2.93,-1.91,-26.16,1.68,BK1121,concept,第四代半导体
2024-10-30,1356.03,1381.51,1397.02,1354.78,4129298.0,4018124668.0,3.14,2.7,36.32,2.83,BK1121,concept,第四代半导体
2024-10-31,1378.44,1423.09,1430.9,1362.59,5873203.0,5565192404.0,4.94,3.01,41.58,4.02,BK1121,concept,第四代半导体
2024-11-01,1423.09,1416.9,1450.01,1389.01,6607171.0,5583703433.0,4.29,-0.43,-6.19,4.53,BK1121,concept,第四代半导体
2024-11-04,1411.51,1428.06,1431.06,1404.19,3314388.0,3179384802.0,1.9,0.79,11.16,2.27,BK1121,concept,第四代半导体
2024-11-05,1423.43,1483.89,1485.88,1419.83,5131762.0,4639171507.0,4.63,3.91,55.83,3.52,BK1121,concept,第四代半导体
2024-11-06,1492.55,1487.3,1508.42,1457.48,7012975.0,5691182405.0,3.43,0.23,3.41,4.8,BK1121,concept,第四代半导体
2024-11-07,1473.56,1529.66,1552.75,1468.21,5983622.0,6388141372.0,5.68,2.85,42.36,4.1,BK1121,concept,第四代半导体
2024-11-08,1554.53,1532.87,1571.26,1525.02,5396820.0,6628007517.0,3.02,0.21,3.21,3.7,BK1121,concept,第四代半导体
2024-11-11,1532.12,1550.77,1555.72,1519.76,4247011.0,5895381418.0,2.35,1.17,17.9,2.91,BK1121,concept,第四代半导体
2024-11-12,1551.64,1516.74,1564.7,1497.61,3574051.0,4621316572.0,4.33,-2.19,-34.03,2.45,BK1121,concept,第四代半导体
2024-11-13,1503.08,1526.62,1530.15,1501.48,2488993.0,3022309403.0,1.89,0.65,9.88,1.71,BK1121,concept,第四代半导体
2024-11-14,1537.5,1494.75,1545.57,1491.89,2820855.0,3267515088.0,3.52,-2.09,-31.87,1.93,BK1121,concept,第四代半导体
2024-11-15,1494.78,1464.01,1505.34,1461.54,2631768.0,3346561929.0,2.93,-2.06,-30.74,1.8,BK1121,concept,第四代半导体
2024-11-18,1481.68,1431.02,1503.21,1426.71,3404316.0,3136740774.0,5.23,-2.25,-32.99,2.33,BK1121,concept,第四代半导体
2024-11-19,1433.05,1466.57,1467.19,1416.54,2420973.0,2559463213.0,3.54,2.48,35.55,1.66,BK1121,concept,第四代半导体
2024-11-20,1463.26,1460.51,1466.46,1441.16,1755163.0,2170398308.0,1.73,-0.41,-6.06,1.2,BK1121,concept,第四代半导体
2024-11-21,1451.79,1452.01,1459.59,1435.29,1779110.0,1946292248.0,1.66,-0.58,-8.5,1.22,BK1121,concept,第四代半导体
2024-11-22,1446.8,1388.08,1455.43,1388.08,2134216.0,2291026145.0,4.64,-4.4,-63.93,1.46,BK1121,concept,第四代半导体
2024-11-25,1391.52,1382.27,1400.04,1358.94,1790398.0,1812744121.0,2.96,-0.42,-5.81,1.23,BK1121,concept,第四代半导体
2024-11-26,1376.96,1370.22,1388.21,1368.45,1193942.0,1207872897.0,1.43,-0.87,-12.05,0.82,BK1121,concept,第四代半导体
2024-11-27,1368.28,1409.94,1410.37,1356.96,1632904.0,1837486975.0,3.9,2.9,39.72,1.12,BK1121,concept,第四代半导体
2024-11-28,1410.03,1401.62,1418.49,1399.58,1414559.0,1489492330.0,1.34,-0.59,-8.32,0.97,BK1121,concept,第四代半导体
2024-11-29,1401.58,1423.23,1440.05,1399.66,1699625.0,2013149323.0,2.88,1.54,21.61,1.16,BK1121,concept,第四代半导体
2024-12-02,1422.57,1464.82,1471.36,1420.55,3346111.0,2672856400.0,3.57,2.92,41.59,2.29,BK1121,concept,第四代半导体
2024-12-03,1468.7,1523.4,1534.53,1468.7,4900978.0,4457991736.0,4.49,4.0,58.58,3.36,BK1121,concept,第四代半导体
2024-12-04,1554.97,1496.2,1557.77,1488.79,6261214.0,4160916691.0,4.53,-1.79,-27.2,4.29,BK1121,concept,第四代半导体
2024-12-05,1488.31,1497.04,1500.63,1476.63,3319194.0,2374764302.0,1.6,0.06,0.84,2.27,BK1121,concept,第四代半导体
2024-12-06,1497.0,1509.7,1520.01,1480.6,3133400.0,2447776224.0,2.63,0.85,12.66,2.15,BK1121,concept,第四代半导体
2024-12-09,1505.12,1463.66,1505.12,1455.41,3966835.0,2709822663.0,3.29,-3.05,-46.04,2.72,BK1121,concept,第四代半导体
2024-12-10,1518.26,1471.34,1519.9,1467.87,3445124.0,2817302378.0,3.55,0.52,7.68,2.36,BK1121,concept,第四代半导体
2024-12-11,1465.96,1476.93,1480.23,1464.0,2182517.0,1978347163.0,1.1,0.38,5.59,1.5,BK1121,concept,第四代半导体
2024-12-12,1476.32,1489.05,1494.66,1459.93,2403657.0,2129689608.0,2.35,0.82,12.12,1.65,BK1121,concept,第四代半导体
2024-12-13,1481.49,1458.06,1481.49,1458.06,2864595.0,3242808124.0,1.57,-2.08,-30.99,1.96,BK1121,concept,第四代半导体
2024-12-16,1459.73,1437.97,1465.89,1430.3,1681435.0,1826726335.0,2.44,-1.38,-20.09,1.15,BK1121,concept,第四代半导体
2024-12-17,1436.22,1420.22,1439.43,1415.44,1962038.0,1632359244.0,1.67,-1.23,-17.75,1.34,BK1121,concept,第四代半导体
2024-12-18,1427.81,1433.73,1441.15,1424.24,1909155.0,1745016256.0,1.19,0.95,13.51,1.31,BK1121,concept,第四代半导体
2024-12-19,1418.86,1427.9,1433.68,1407.65,1844762.0,1526783202.0,1.82,-0.41,-5.83,1.26,BK1121,concept,第四代半导体
2024-12-20,1423.29,1448.21,1459.25,1421.85,1709898.0,2081091101.0,2.62,1.42,20.31,1.17,BK1121,concept,第四代半导体
2024-12-23,1450.4,1422.51,1453.71,1422.37,2043819.0,1843617287.0,2.16,-1.77,-25.7,1.4,BK1121,concept,第四代半导体
2024-12-24,1426.81,1444.71,1446.4,1422.33,1973921.0,1716170255.0,1.69,1.56,22.2,1.35,BK1121,concept,第四代半导体
2024-12-25,1444.45,1417.87,1444.45,1411.4,1208555.0,1297027053.0,2.29,-1.86,-26.84,0.83,BK1121,concept,第四代半导体
2024-12-26,1414.7,1417.61,1424.74,1411.39,1400790.0,1399807413.0,0.94,-0.02,-0.26,0.96,BK1121,concept,第四代半导体
2024-12-27,1417.78,1426.45,1444.8,1415.46,1718283.0,1874126270.0,2.07,0.62,8.84,1.18,BK1121,concept,第四代半导体
2024-12-30,1422.51,1414.61,1432.61,1410.43,1479427.0,1409858330.0,1.55,-0.83,-11.84,1.01,BK1121,concept,第四代半导体
2024-12-31,1410.69,1371.96,1417.4,1370.68,1392031.0,1587539069.0,3.3,-3.01,-42.65,0.95,BK1121,concept,第四代半导体
2025-01-02,1374.04,1324.97,1376.02,1310.04,2062484.0,1741377508.0,4.81,-3.43,-46.99,1.41,BK1121,concept,第四代半导体
2025-01-03,1327.84,1297.23,1337.18,1293.55,1864861.0,1408348452.0,3.29,-2.09,-27.74,1.28,BK1121,concept,第四代半导体
2025-01-06,1296.54,1304.66,1308.13,1290.21,1417019.0,1046637369.0,1.38,0.57,7.43,0.97,BK1121,concept,第四代半导体
2025-01-07,1306.83,1318.29,1319.19,1295.28,1067368.0,981548775.0,1.83,1.04,13.63,0.73,BK1121,concept,第四代半导体
2025-01-08,1314.0,1307.25,1319.27,1272.11,1505863.0,1374018785.0,3.58,-0.84,-11.04,1.03,BK1121,concept,第四代半导体
2025-01-09,1301.3,1307.45,1315.85,1299.18,1208282.0,1041077075.0,1.28,0.02,0.2,0.83,BK1121,concept,第四代半导体
2025-01-10,1308.36,1299.71,1327.45,1299.71,1106966.0,1187560145.0,2.12,-0.59,-7.74,0.76,BK1121,concept,第四代半导体
2025-01-13,1292.25,1305.14,1312.3,1286.99,988159.0,1001015767.0,1.95,0.42,5.43,0.68,BK1121,concept,第四代半导体
2025-01-14,1306.72,1355.71,1359.02,1302.67,1557177.0,1594584482.0,4.32,3.87,50.57,1.07,BK1121,concept,第四代半导体
2025-01-15,1354.14,1327.03,1354.14,1325.16,1085156.0,1099023594.0,2.14,-2.12,-28.68,0.74,BK1121,concept,第四代半导体
2025-01-16,1335.27,1333.61,1360.93,1326.94,1273200.0,1203883568.0,2.56,0.5,6.58,0.87,BK1121,concept,第四代半导体
2025-01-17,1329.06,1338.25,1349.55,1324.57,1111192.0,1142460367.0,1.87,0.35,4.64,0.76,BK1121,concept,第四代半导体
2025-01-20,1347.36,1346.2,1355.58,1340.57,1153292.0,1044250992.0,1.12,0.59,7.95,0.79,BK1121,concept,第四代半导体
2025-01-21,1352.15,1354.18,1359.53,1343.75,1313275.0,1139673869.0,1.17,0.59,7.98,0.9,BK1121,concept,第四代半导体
2025-01-22,1346.94,1346.36,1354.62,1337.36,1140652.0,925427562.0,1.27,-0.58,-7.82,0.78,BK1121,concept,第四代半导体
2025-01-23,1367.04,1342.46,1374.34,1342.46,1238632.0,1266435922.0,2.37,-0.29,-3.9,0.85,BK1121,concept,第四代半导体
2025-01-24,1342.26,1363.13,1367.02,1342.26,975073.0,1018430004.0,1.84,1.54,20.67,0.67,BK1121,concept,第四代半导体
2025-01-27,1369.16,1344.36,1373.97,1344.36,909624.0,859687506.0,2.17,-1.38,-18.77,0.62,BK1121,concept,第四代半导体
2025-02-05,1354.8,1345.96,1357.93,1337.68,1687722.0,1185208549.0,1.51,0.12,1.6,1.16,BK1121,concept,第四代半导体
2025-02-06,1343.75,1366.34,1367.96,1340.74,1804970.0,1621851015.0,2.02,1.51,20.38,1.24,BK1121,concept,第四代半导体
2025-02-07,1365.07,1383.7,1403.96,1360.63,1932217.0,1844991581.0,3.17,1.27,17.36,1.32,BK1121,concept,第四代半导体
2025-02-10,1383.28,1375.71,1385.18,1365.39,1589033.0,1495196681.0,1.43,-0.58,-7.99,1.09,BK1121,concept,第四代半导体
2025-02-11,1374.28,1352.04,1374.28,1344.65,1330921.0,1235979825.0,2.15,-1.72,-23.67,0.91,BK1121,concept,第四代半导体
2025-02-12,1351.48,1377.83,1378.01,1350.56,1514541.0,1540757806.0,2.03,1.91,25.79,1.04,BK1121,concept,第四代半导体
2025-02-13,1367.85,1341.35,1367.85,1340.49,1939111.0,1762129760.0,1.99,-2.65,-36.48,1.33,BK1121,concept,第四代半导体
2025-02-14,1336.9,1336.64,1343.64,1330.5,1529694.0,1306131232.0,0.98,-0.35,-4.71,1.05,BK1121,concept,第四代半导体
2025-02-17,1341.39,1357.12,1365.15,1339.63,2396693.0,1776300157.0,1.91,1.53,20.48,1.64,BK1121,concept,第四代半导体
2025-02-18,1356.84,1329.16,1361.57,1324.4,1772719.0,1671662732.0,2.74,-2.06,-27.96,1.21,BK1121,concept,第四代半导体
2025-02-19,1333.78,1370.91,1373.59,1333.37,1544946.0,1944892204.0,3.03,3.14,41.75,1.06,BK1121,concept,第四代半导体
2025-02-20,1370.04,1377.12,1383.67,1356.99,2929260.0,2070330341.0,1.95,0.45,6.21,2.01,BK1121,concept,第四代半导体
2025-02-21,1377.33,1397.98,1403.1,1372.24,3128071.0,2656402708.0,2.24,1.51,20.86,2.14,BK1121,concept,第四代半导体
2025-02-24,1409.41,1386.06,1416.79,1376.29,2232352.0,2068700079.0,2.9,-0.85,-11.92,1.53,BK1121,concept,第四代半导体
2025-02-25,1368.51,1374.44,1385.11,1355.48,2186269.0,3122893671.0,2.14,-0.84,-11.62,1.5,BK1121,concept,第四代半导体
2025-02-26,1381.53,1380.51,1388.72,1371.81,1641391.0,2023409477.0,1.23,0.44,6.07,1.12,BK1121,concept,第四代半导体
2025-02-27,1381.16,1367.93,1384.28,1348.97,1645564.0,1785470290.0,2.56,-0.91,-12.58,1.13,BK1121,concept,第四代半导体
2025-02-28,1361.76,1325.62,1364.42,1323.55,1679956.0,1700187403.0,2.99,-3.09,-42.31,1.15,BK1121,concept,第四代半导体
2025-03-03,1327.64,1342.16,1364.37,1323.73,1650758.0,1679616253.0,3.07,1.25,16.54,1.13,BK1121,concept,第四代半导体
2025-03-04,1333.36,1343.24,1351.68,1331.68,1180984.0,1254108337.0,1.49,0.08,1.08,0.81,BK1121,concept,第四代半导体
2025-03-05,1343.3,1336.7,1355.94,1326.5,1545682.0,1563476740.0,2.19,-0.49,-6.54,1.06,BK1121,concept,第四代半导体
2025-03-06,1342.63,1359.66,1364.21,1342.27,1860924.0,1843582244.0,1.64,1.72,22.96,1.27,BK1121,concept,第四代半导体
2025-03-07,1357.45,1341.21,1357.45,1335.0,1813491.0,1504275540.0,1.65,-1.36,-18.45,1.24,BK1121,concept,第四代半导体
2025-03-10,1344.15,1341.13,1356.1,1329.89,1731223.0,1517161998.0,1.95,-0.01,-0.08,1.19,BK1121,concept,第四代半导体
2025-03-11,1327.68,1336.21,1342.09,1322.41,1411803.0,1247639740.0,1.47,-0.37,-4.92,0.97,BK1121,concept,第四代半导体
2025-03-12,1341.65,1330.22,1344.59,1329.73,1529257.0,1582471561.0,1.11,-0.45,-5.99,1.05,BK1121,concept,第四代半导体
2025-03-13,1329.56,1315.18,1334.59,1306.83,1688414.0,1566043418.0,2.09,-1.13,-15.04,1.16,BK1121,concept,第四代半导体
2025-03-14,1318.41,1339.21,1344.11,1311.23,2022077.0,1582912120.0,2.5,1.83,24.03,1.39,BK1121,concept,第四代半导体
2025-03-17,1375.0,1373.3,1385.14,1368.47,4709242.0,2344484559.0,1.24,2.55,34.09,3.23,BK1121,concept,第四代半导体
2025-03-18,1374.81,1366.28,1382.3,1364.56,4076879.0,2025000493.0,1.29,-0.51,-7.02,2.79,BK1121,concept,第四代半导体
2025-03-19,1365.57,1350.86,1366.77,1346.22,2334164.0,1396539098.0,1.5,-1.13,-15.42,1.6,BK1121,concept,第四代半导体
2025-03-20,1349.65,1343.95,1354.15,1339.99,1792889.0,1167878822.0,1.05,-0.51,-6.91,1.23,BK1121,concept,第四代半导体
2025-03-21,1342.19,1341.04,1359.18,1335.91,3289794.0,1835770306.0,1.73,-0.22,-2.91,2.25,BK1121,concept,第四代半导体
2025-03-24,1341.25,1338.89,1345.84,1319.91,2336319.0,1564693696.0,1.93,-0.16,-2.15,1.6,BK1121,concept,第四代半导体
2025-03-25,1337.49,1349.08,1351.87,1336.04,2074097.0,1442206186.0,1.18,0.76,10.19,1.42,BK1121,concept,第四代半导体
2025-03-26,1345.91,1354.93,1364.39,1344.08,2634780.0,1394997295.0,1.51,0.43,5.85,1.81,BK1121,concept,第四代半导体
2025-03-27,1351.41,1360.73,1373.9,1333.54,2617132.0,1898175525.0,2.98,0.43,5.8,1.79,BK1121,concept,第四代半导体
2025-03-28,1362.69,1361.22,1378.87,1352.07,3231008.0,1927860999.0,1.97,0.04,0.49,2.21,BK1121,concept,第四代半导体
2025-03-31,1352.68,1319.34,1360.43,1307.53,4061862.0,2124632271.0,3.89,-3.08,-41.88,2.78,BK1121,concept,第四代半导体
2025-04-01,1312.85,1319.51,1332.52,1300.74,3195505.0,1978021814.0,2.41,0.01,0.17,2.19,BK1121,concept,第四代半导体
2025-04-02,1317.46,1324.19,1333.26,1308.55,2050112.0,1347045899.0,1.87,0.35,4.68,1.4,BK1121,concept,第四代半导体
2025-04-03,1312.61,1317.85,1329.59,1305.89,1525970.0,1257186593.0,1.79,-0.48,-6.34,1.05,BK1121,concept,第四代半导体
2025-04-07,1260.83,1204.02,1281.93,1183.96,3218585.0,3122892225.0,7.43,-8.64,-113.83,2.2,BK1121,concept,第四代半导体
2025-04-08,1212.97,1224.49,1240.21,1202.92,2634154.0,2344221837.0,3.1,1.7,20.47,1.8,BK1121,concept,第四代半导体
2025-04-09,1207.2,1256.65,1264.79,1175.89,2571331.0,2614169325.0,7.26,2.63,32.16,1.76,BK1121,concept,第四代半导体
2025-04-10,1271.68,1265.49,1293.48,1259.0,2361203.0,2466770383.0,2.74,0.7,8.84,1.62,BK1121,concept,第四代半导体
2025-04-11,1255.81,1275.98,1285.42,1254.02,2015331.0,2892061774.0,2.48,0.83,10.49,1.38,BK1121,concept,第四代半导体
2025-04-14,1286.97,1285.62,1294.11,1278.59,1636249.0,2153461460.0,1.22,0.76,9.64,1.12,BK1121,concept,第四代半导体
2025-04-15,1284.34,1271.61,1287.28,1266.06,1428278.0,1404984897.0,1.65,-1.09,-14.01,0.98,BK1121,concept,第四代半导体
2025-04-16,1270.26,1255.89,1274.75,1244.42,1558282.0,1448950711.0,2.39,-1.24,-15.72,1.07,BK1121,concept,第四代半导体
2025-04-17,1249.66,1259.51,1273.86,1247.89,1600172.0,1659797028.0,2.07,0.29,3.62,1.1,BK1121,concept,第四代半导体
2025-04-18,1257.18,1261.64,1267.6,1252.83,1530772.0,1470695489.0,1.17,0.17,2.13,1.05,BK1121,concept,第四代半导体
2025-04-21,1260.78,1271.56,1273.11,1256.14,1213481.0,1002882449.0,1.35,0.79,9.92,0.83,BK1121,concept,第四代半导体
2025-04-22,1268.75,1275.12,1292.76,1258.97,1467500.0,2050075148.0,2.66,0.28,3.56,1.01,BK1121,concept,第四代半导体
2025-04-23,1282.54,1276.29,1283.31,1265.05,1255310.0,1525029825.0,1.43,0.09,1.17,0.86,BK1121,concept,第四代半导体
2025-04-24,1276.06,1275.45,1289.36,1273.27,1982493.0,1865354485.0,1.26,-0.07,-0.84,1.36,BK1121,concept,第四代半导体
2025-04-25,1275.35,1276.71,1287.99,1268.15,1886974.0,1489883305.0,1.56,0.1,1.26,1.29,BK1121,concept,第四代半导体
2025-04-28,1277.32,1260.35,1277.32,1256.44,1717095.0,1271149742.0,1.64,-1.28,-16.36,1.18,BK1121,concept,第四代半导体
2025-04-29,1257.23,1263.42,1272.31,1254.2,1168044.0,1086040290.0,1.44,0.24,3.07,0.8,BK1121,concept,第四代半导体
2025-04-30,1262.91,1263.55,1270.02,1261.6,1688256.0,1763262898.0,0.67,0.01,0.13,1.16,BK1121,concept,第四代半导体
2025-05-06,1268.92,1300.93,1301.35,1268.92,2007125.0,2332103906.0,2.57,2.96,37.38,1.38,BK1121,concept,第四代半导体
2025-05-07,1312.11,1294.76,1317.33,1285.71,1976147.0,2039458401.0,2.43,-0.47,-6.17,1.35,BK1121,concept,第四代半导体
2025-05-08,1290.81,1293.63,1301.76,1285.52,1303199.0,1347791903.0,1.25,-0.09,-1.13,0.89,BK1121,concept,第四代半导体
2025-05-09,1296.43,1273.08,1296.43,1271.53,1862089.0,1416270631.0,1.92,-1.59,-20.55,1.28,BK1121,concept,第四代半导体
2025-05-12,1280.94,1284.29,1285.77,1275.18,1303358.0,1103236365.0,0.83,0.88,11.21,0.89,BK1121,concept,第四代半导体
2025-05-13,1292.58,1273.83,1293.27,1270.37,1524386.0,1465586216.0,1.78,-0.81,-10.46,1.04,BK1121,concept,第四代半导体
2025-05-14,1270.53,1282.72,1292.28,1266.16,1566737.0,1259728513.0,2.05,0.7,8.89,1.07,BK1121,concept,第四代半导体
2025-05-15,1278.92,1261.72,1283.43,1261.72,1312931.0,1185431916.0,1.69,-1.64,-21.0,0.9,BK1121,concept,第四代半导体
2025-05-16,1260.37,1252.79,1266.56,1251.75,1012354.0,899076040.0,1.17,-0.71,-8.93,0.69,BK1121,concept,第四代半导体
2025-05-19,1252.71,1254.61,1257.78,1241.32,1152074.0,849487554.0,1.31,0.15,1.82,0.79,BK1121,concept,第四代半导体
2025-05-20,1254.96,1264.55,1266.91,1248.95,1062477.0,931023976.0,1.43,0.79,9.94,0.73,BK1121,concept,第四代半导体
2025-05-21,1263.43,1266.33,1271.9,1256.32,1104271.0,998810552.0,1.23,0.14,1.78,0.76,BK1121,concept,第四代半导体
2025-05-22,1264.27,1245.36,1267.3,1244.18,1231556.0,1006383962.0,1.83,-1.66,-20.97,0.84,BK1121,concept,第四代半导体
2025-05-23,1244.75,1242.95,1258.52,1241.23,1026581.0,923219242.0,1.39,-0.19,-2.41,0.7,BK1121,concept,第四代半导体
2025-05-26,1244.43,1251.03,1257.33,1242.47,1295977.0,1093941697.0,1.2,0.65,8.08,0.89,BK1121,concept,第四代半导体
2025-05-27,1247.9,1243.28,1253.18,1240.22,1010637.0,761894668.0,1.04,-0.62,-7.75,0.69,BK1121,concept,第四代半导体
2025-05-28,1243.28,1240.56,1249.74,1236.56,1528238.0,1109730773.0,1.06,-0.22,-2.72,1.05,BK1121,concept,第四代半导体
2025-05-29,1240.6,1264.38,1267.86,1238.31,1584986.0,1190730708.0,2.38,1.92,23.82,1.09,BK1121,concept,第四代半导体
2025-05-30,1261.38,1245.85,1261.38,1243.79,1373045.0,944583462.0,1.39,-1.47,-18.53,0.94,BK1121,concept,第四代半导体
2025-06-03,1250.75,1259.24,1268.94,1247.85,2085339.0,1185781396.0,1.69,1.07,13.39,1.43,BK1121,concept,第四代半导体
2025-06-04,1257.79,1273.27,1276.26,1255.78,1175124.0,1034724446.0,1.63,1.11,14.03,0.81,BK1121,concept,第四代半导体
2025-06-05,1274.78,1270.08,1276.84,1262.03,1210567.0,936053868.0,1.16,-0.25,-3.19,0.83,BK1121,concept,第四代半导体
2025-06-06,1271.33,1264.52,1277.64,1261.88,1415910.0,1042057415.0,1.24,-0.44,-5.56,0.97,BK1121,concept,第四代半导体
2025-06-09,1266.96,1279.01,1280.82,1262.87,1098959.0,1039460381.0,1.42,1.15,14.49,0.75,BK1121,concept,第四代半导体
2025-06-10,1277.67,1259.87,1278.07,1250.78,1298991.0,1184100411.0,2.13,-1.5,-19.14,0.89,BK1121,concept,第四代半导体
2025-06-11,1259.66,1276.68,1283.6,1258.69,1091578.0,1128450199.0,1.98,1.33,16.81,0.75,BK1121,concept,第四代半导体
2025-06-12,1274.96,1285.33,1291.8,1273.87,1335480.0,1588867568.0,1.4,0.68,8.65,0.91,BK1121,concept,第四代半导体
2025-06-13,1281.85,1280.87,1287.55,1273.73,1851232.0,1553259838.0,1.08,-0.35,-4.46,1.27,BK1121,concept,第四代半导体
2025-06-16,1274.99,1286.84,1294.9,1272.99,1289762.0,1048313612.0,1.71,0.47,5.97,0.88,BK1121,concept,第四代半导体
2025-06-17,1286.15,1277.93,1287.04,1273.22,1024731.0,719536953.0,1.07,-0.69,-8.91,0.7,BK1121,concept,第四代半导体
2025-06-18,1275.63,1259.28,1275.63,1257.75,1029094.0,884080327.0,1.4,-1.46,-18.65,0.71,BK1121,concept,第四代半导体
2025-06-19,1259.95,1252.94,1271.34,1249.69,1336679.0,1062002366.0,1.72,-0.5,-6.34,0.92,BK1121,concept,第四代半导体
2025-06-20,1253.41,1253.05,1267.85,1252.07,1217412.0,1049084368.0,1.26,0.01,0.11,0.83,BK1121,concept,第四代半导体
2025-06-23,1249.89,1268.24,1271.92,1249.16,2102883.0,1296893809.0,1.82,1.21,15.19,1.44,BK1121,concept,第四代半导体
2025-06-24,1270.77,1285.67,1286.96,1267.74,1760728.0,1189745206.0,1.52,1.37,17.43,1.21,BK1121,concept,第四代半导体
2025-06-25,1287.67,1296.95,1300.1,1281.9,1941038.0,1332856406.0,1.42,0.88,11.28,1.33,BK1121,concept,第四代半导体
2025-06-26,1300.06,1288.01,1301.57,1285.48,1691615.0,1192357175.0,1.24,-0.69,-8.94,1.16,BK1121,concept,第四代半导体
2025-06-27,1290.37,1315.46,1336.12,1290.37,4220368.0,2047849711.0,3.55,2.13,27.45,2.89,BK1121,concept,第四代半导体
2025-06-30,1313.4,1329.42,1333.72,1312.37,2377935.0,2002078682.0,1.62,1.06,13.96,1.63,BK1121,concept,第四代半导体
2025-07-01,1330.72,1319.69,1331.14,1310.85,1940614.0,1770861726.0,1.53,-0.73,-9.73,1.33,BK1121,concept,第四代半导体
2025-07-02,1318.24,1315.38,1325.51,1309.34,1639097.0,1345562895.0,1.23,-0.33,-4.31,1.12,BK1121,concept,第四代半导体
2025-07-03,1316.11,1305.89,1324.29,1303.86,1091925.0,958713238.0,1.55,-0.72,-9.49,0.75,BK1121,concept,第四代半导体
2025-07-04,1303.78,1305.86,1318.29,1299.92,1388466.0,1089541243.0,1.41,0.0,-0.03,0.95,BK1121,concept,第四代半导体
2025-07-07,1305.56,1329.45,1330.65,1303.82,2195492.0,1393675828.0,2.05,1.81,23.59,1.5,BK1121,concept,第四代半导体
2025-07-08,1329.49,1349.69,1352.83,1329.21,2404656.0,1512703810.0,1.78,1.52,20.24,1.65,BK1121,concept,第四代半导体
2025-07-09,1352.61,1347.78,1353.11,1339.08,2765102.0,1529209851.0,1.04,-0.14,-1.91,1.89,BK1121,concept,第四代半导体
2025-07-10,1345.81,1368.88,1380.56,1338.62,4301695.0,1903661060.0,3.11,1.57,21.1,2.95,BK1121,concept,第四代半导体
2025-07-11,1372.18,1400.36,1416.21,1358.58,6051714.0,2723405249.0,4.21,2.3,31.48,4.15,BK1121,concept,第四代半导体
2025-07-14,1405.92,1397.22,1417.98,1390.5,5461710.0,2585950840.0,1.96,-0.22,-3.14,3.74,BK1121,concept,第四代半导体
2025-07-15,1386.81,1386.7,1410.68,1384.37,3514761.0,1942589248.0,1.88,-0.75,-10.52,2.41,BK1121,concept,第四代半导体
2025-07-16,1392.27,1394.43,1404.54,1388.67,2662260.0,1460259310.0,1.14,0.56,7.73,1.82,BK1121,concept,第四代半导体
2025-07-17,1394.43,1429.53,1432.45,1394.43,3297172.0,1880969104.0,2.73,2.52,35.1,2.26,BK1121,concept,第四代半导体
2025-07-18,1431.22,1450.41,1452.96,1421.43,3035018.0,1969558867.0,2.21,1.46,20.88,2.08,BK1121,concept,第四代半导体
2025-07-21,1457.58,1476.52,1483.64,1447.94,5047264.0,3284363872.0,2.46,1.8,26.11,3.46,BK1121,concept,第四代半导体
2025-07-22,1496.52,1499.5,1512.33,1471.72,6404024.0,4559082267.0,2.75,1.56,22.98,4.39,BK1121,concept,第四代半导体
2025-07-23,1498.98,1470.81,1501.95,1468.71,4798257.0,3401878644.0,2.22,-1.91,-28.69,3.29,BK1121,concept,第四代半导体
2025-07-24,1460.5,1507.55,1510.31,1460.5,3978845.0,2874096853.0,3.39,2.5,36.74,2.73,BK1121,concept,第四代半导体
2025-07-25,1505.15,1511.74,1516.39,1502.71,3283920.0,2766111847.0,0.91,0.28,4.19,2.25,BK1121,concept,第四代半导体
2025-07-28,1515.62,1523.89,1526.87,1495.73,3428390.0,2441631354.0,2.06,0.8,12.15,2.35,BK1121,concept,第四代半导体
2025-07-29,1520.21,1519.76,1528.07,1503.02,2715255.0,2040140907.0,1.64,-0.27,-4.13,1.86,BK1121,concept,第四代半导体
2025-07-30,1516.87,1516.58,1534.94,1506.38,854991.0,1312724191.0,1.88,-0.21,-3.18,0.59,BK1121,concept,第四代半导体
2025-07-31,1513.93,1480.13,1513.93,1476.92,908427.0,1414491105.0,2.44,-2.4,-36.45,0.62,BK1121,concept,第四代半导体
2025-08-01,1479.69,1457.38,1485.43,1454.24,609639.0,945153482.0,2.11,-1.54,-22.75,0.42,BK1121,concept,第四代半导体
2025-08-04,1450.77,1467.96,1467.98,1447.49,529206.0,780520413.0,1.41,0.73,10.58,0.36,BK1121,concept,第四代半导体
2025-08-05,1469.41,1477.33,1485.17,1464.59,604542.0,983315520.0,1.4,0.64,9.37,0.41,BK1121,concept,第四代半导体
2025-08-06,1475.98,1486.04,1487.99,1472.33,664719.0,1023034416.0,1.06,0.59,8.71,0.46,BK1121,concept,第四代半导体
2025-08-07,1487.94,1478.75,1490.87,1470.28,699661.0,1205766853.0,1.39,-0.49,-7.29,0.48,BK1121,concept,第四代半导体
2025-08-08,1480.93,1479.85,1489.38,1474.18,647527.0,1035862585.0,1.03,0.07,1.1,0.44,BK1121,concept,第四代半导体
