交易日期,开盘价,收盘价,最高价,最低价,成交量,成交额,振幅,涨跌幅,涨跌额,换手率
2022-06-06,26.02,31.22,31.22,26.02,5949.0,18478653.0,23.99,44.0,9.54,2.13
2022-06-07,34.34,34.34,34.34,34.34,983.0,3376411.0,0.0,9.99,3.12,0.35
2022-06-08,37.77,37.77,37.77,37.77,1150.0,4344041.0,0.0,9.99,3.43,0.41
2022-06-09,41.55,41.55,41.55,41.55,1896.0,7877422.0,0.0,10.01,3.78,0.68
2022-06-10,45.71,45.71,45.71,45.71,3009.0,13755784.0,0.0,10.01,4.16,1.08
2022-06-13,50.28,50.28,50.28,50.28,7909.0,39767507.0,0.0,10.0,4.57,2.83
2022-06-14,55.31,55.31,55.31,55.31,2884.0,15953671.0,0.0,10.0,5.03,1.03
2022-06-15,60.84,60.84,60.84,60.84,1249.0,7598733.0,0.0,10.0,5.53,0.45
2022-06-16,66.92,66.92,66.92,66.92,1629.0,10898457.0,0.0,9.99,6.08,0.58
2022-06-17,73.61,73.61,73.61,73.61,4278.0,31491094.0,0.0,10.0,6.69,1.53
2022-06-20,80.97,80.97,80.97,80.97,77751.0,629549920.0,0.0,10.0,7.36,27.81
2022-06-21,85.99,89.07,89.07,83.88,124722.0,1085504000.0,6.41,10.0,8.1,44.62
2022-06-22,89.07,93.52,97.98,86.01,180528.0,1672091424.0,13.44,5.0,4.45,64.58
2022-06-23,99.5,102.87,102.87,99.13,56233.0,570984608.0,4.0,10.0,9.35,20.12
2022-06-24,106.63,106.9,113.16,106.0,103304.0,1127767056.0,6.96,3.92,4.03,36.96
2022-06-27,107.11,114.6,115.29,107.01,89576.0,1002126400.0,7.75,7.2,7.7,32.04
2022-06-28,112.11,110.99,113.81,105.1,98335.0,1078095968.0,7.6,-3.15,-3.61,35.18
2022-06-29,111.0,100.0,111.98,99.89,97958.0,1001048160.0,10.89,-9.9,-10.99,35.04
2022-06-30,100.1,101.2,102.89,98.01,63883.0,644466736.0,4.88,1.2,1.2,22.85
2022-07-01,100.0,111.32,111.32,98.08,77151.0,818753552.0,13.08,10.0,10.12,27.6
2022-07-04,111.0,100.19,111.0,100.19,87044.0,896609376.0,9.71,-10.0,-11.13,31.14
2022-07-05,98.02,92.69,99.84,90.17,82581.0,779106240.0,9.65,-7.49,-7.5,29.54
2022-07-06,91.05,93.24,95.66,89.92,50423.0,471054848.0,6.19,0.59,0.55,18.04
2022-07-07,92.38,93.3,95.0,88.9,47032.0,432560336.0,6.54,0.06,0.06,16.83
2022-07-08,93.3,92.1,96.74,91.39,46749.0,437602064.0,5.73,-1.29,-1.2,16.72
2022-07-11,91.15,85.27,92.99,83.5,74179.0,643513536.0,10.3,-7.42,-6.83,26.54
2022-07-12,85.3,88.28,91.33,85.3,56302.0,496146466.61,7.07,3.53,3.01,20.14
2022-07-13,86.97,84.99,86.97,83.28,43848.0,371782664.42,4.18,-3.73,-3.29,15.69
2022-07-14,83.32,86.09,87.38,83.05,35295.0,302952445.59,5.09,1.29,1.1,12.63
2022-07-15,86.0,90.9,94.7,85.0,71012.0,653439074.43,11.27,5.59,4.81,25.4
2022-07-18,90.9,93.9,94.47,90.5,49020.0,454356013.69,4.37,3.3,3.0,17.54
2022-07-19,93.8,103.29,103.29,92.57,51130.0,508161998.06,11.42,10.0,9.39,18.29
2022-07-20,104.99,113.62,113.62,104.01,80594.0,882086581.17,9.3,10.0,10.33,28.83
2022-07-21,111.5,113.84,114.8,109.01,54314.0,609206820.9,5.1,0.19,0.22,19.43
2022-07-22,112.51,109.0,119.08,106.78,59137.0,659668608.05,10.8,-4.25,-4.84,21.16
2022-07-25,107.61,118.84,119.9,107.61,73936.0,862506937.28,11.28,9.03,9.84,26.45
2022-07-26,116.0,115.01,117.0,112.0,54783.0,627102566.89,4.21,-3.22,-3.83,19.6
2022-07-27,115.1,118.2,119.0,112.5,41365.0,479457548.35,5.65,2.77,3.19,14.8
2022-07-28,118.51,112.0,124.09,111.33,57882.0,677573354.8,10.8,-5.25,-6.2,20.71
2022-07-29,110.95,110.18,115.0,109.01,36957.0,415192467.38,5.35,-1.63,-1.82,13.22
2022-08-01,106.78,113.0,114.5,106.78,31942.0,357664971.53,7.01,2.56,2.82,11.43
2022-08-02,112.5,109.65,117.0,107.58,37315.0,418088842.66,8.34,-2.96,-3.35,13.35
2022-08-03,110.24,120.62,120.62,110.24,59606.0,702793825.14,9.47,10.0,10.97,21.32
2022-08-04,122.0,116.6,122.0,112.6,65439.0,762424985.34,7.79,-3.33,-4.02,23.41
2022-08-05,116.0,128.26,128.26,116.0,66546.0,829411087.56,10.51,10.0,11.66,23.81
2022-08-08,130.01,128.98,131.0,120.87,63462.0,793944220.01,7.9,0.56,0.72,22.7
2022-08-09,126.88,124.29,126.99,121.65,46514.0,574772474.99,4.14,-3.64,-4.69,16.64
2022-08-10,123.0,119.6,126.83,119.33,43489.0,533752023.95,6.03,-3.77,-4.69,15.56
2022-08-11,120.0,121.02,121.9,116.0,38399.0,457044522.27,4.93,1.19,1.42,13.74
2022-08-12,119.18,111.63,119.73,110.13,47472.0,542909546.19,7.93,-7.76,-9.39,16.98
2022-08-15,111.0,114.2,115.0,107.99,34005.0,381885376.27,6.28,2.3,2.57,12.16
2022-08-16,114.0,113.03,114.99,112.0,20602.0,233014219.8,2.62,-1.02,-1.17,7.37
2022-08-17,112.3,112.83,114.16,110.3,19208.0,215799736.27,3.42,-0.18,-0.2,6.87
2022-08-18,112.8,119.96,120.15,111.11,43729.0,511911879.61,8.01,6.32,7.13,15.64
2022-08-19,118.89,109.59,121.5,108.33,44456.0,506827265.41,10.98,-8.64,-10.37,15.9
2022-08-22,108.0,105.32,108.0,101.0,33861.0,353378017.17,6.39,-3.9,-4.27,12.11
2022-08-23,105.05,104.0,106.5,102.8,24890.0,258658047.0,3.51,-1.25,-1.32,8.9
2022-08-24,104.0,98.8,104.8,97.03,27375.0,276326296.63,7.47,-5.0,-5.2,9.79
2022-08-25,99.21,99.92,102.88,98.8,22561.0,227262204.73,4.13,1.13,1.12,8.07
2022-08-26,99.58,99.35,103.95,97.92,24695.0,248514016.2,6.03,-0.57,-0.57,8.83
2022-08-29,98.0,102.58,103.03,97.02,23887.0,243145816.29,6.05,3.25,3.23,8.55
2022-08-30,102.94,107.34,108.0,100.5,36213.0,378765536.45,7.31,4.64,4.76,12.95
2022-08-31,108.0,104.2,109.34,102.0,27450.0,288401297.98,6.84,-2.93,-3.14,9.82
2022-09-01,103.02,99.68,106.19,99.28,21956.0,224981070.68,6.63,-4.34,-4.52,7.85
2022-09-02,98.02,107.56,109.65,98.02,52028.0,554284092.91,11.67,7.91,7.88,18.61
2022-09-05,110.38,108.6,113.91,104.5,58126.0,635590857.96,8.75,0.97,1.04,20.79
2022-09-06,106.09,108.7,109.99,103.55,36883.0,395866026.11,5.93,0.09,0.1,13.19
2022-09-07,107.0,109.1,114.2,106.78,38249.0,426859786.43,6.83,0.37,0.4,13.68
2022-09-08,110.1,117.58,120.01,107.38,55713.0,636424124.24,11.58,7.77,8.48,19.93
2022-09-09,117.0,116.2,119.09,113.11,29926.0,347519170.3,5.09,-1.17,-1.38,10.71
2022-09-13,116.21,116.11,118.15,113.0,22055.0,255155330.21,4.43,-0.08,-0.09,7.89
2022-09-14,113.87,120.99,121.1,113.08,35314.0,418083004.97,6.91,4.2,4.88,12.63
2022-09-15,120.06,112.36,120.49,109.89,34551.0,396191157.42,8.76,-7.13,-8.63,12.36
2022-09-16,111.99,115.1,118.6,111.0,35093.0,405870588.99,6.76,2.44,2.74,12.55
2022-09-19,114.85,111.7,116.65,108.98,25739.0,289237007.95,6.66,-2.95,-3.4,9.21
2022-09-20,111.41,114.0,114.93,109.6,22403.0,252833752.38,4.77,2.06,2.3,8.01
2022-09-21,112.98,111.2,114.07,110.33,16249.0,181778901.03,3.28,-2.46,-2.8,5.81
2022-09-22,111.0,114.12,116.66,110.5,23334.0,267606917.09,5.54,2.63,2.92,8.35
2022-09-23,113.0,111.58,114.98,107.5,24244.0,268757279.48,6.55,-2.23,-2.54,8.67
2022-09-26,111.18,110.23,112.39,108.5,16036.0,176569483.23,3.49,-1.21,-1.35,5.74
2022-09-27,110.25,111.28,113.3,109.7,17337.0,193008116.84,3.27,0.95,1.05,6.2
2022-09-28,110.6,100.89,110.76,100.89,32929.0,343758104.33,8.87,-9.34,-10.39,11.78
2022-09-29,100.89,104.5,106.66,100.0,23324.0,242196274.88,6.6,3.58,3.61,8.34
2022-09-30,103.33,99.9,105.29,98.8,19871.0,199910822.44,6.21,-4.4,-4.6,7.11
2022-10-10,99.22,94.32,100.0,93.6,15093.0,143959389.18,6.41,-5.59,-5.58,5.4
2022-10-11,93.99,94.7,96.46,92.1,10574.0,100125057.63,4.62,0.4,0.38,3.78
2022-10-12,94.7,101.75,101.88,94.0,17932.0,174563578.32,8.32,7.44,7.05,6.41
2022-10-13,101.97,107.8,110.39,100.0,33688.0,361132127.63,10.21,5.95,6.05,12.05
2022-10-14,106.68,106.2,108.66,104.0,18648.0,197317544.83,4.32,-1.48,-1.6,6.67
2022-10-17,104.58,111.92,112.12,104.58,28179.0,308913538.59,7.1,5.39,5.72,10.08
2022-10-18,111.0,111.6,112.97,108.38,16587.0,184049027.03,4.1,-0.29,-0.32,5.93
2022-10-19,111.5,112.35,115.7,109.81,22368.0,253034265.03,5.28,0.67,0.75,8.0
2022-10-20,111.33,114.53,117.99,110.0,25130.0,288847419.62,7.11,1.94,2.18,8.99
2022-10-21,113.5,115.06,116.18,112.94,17568.0,201053882.73,2.83,0.46,0.53,6.28
2022-10-24,115.95,120.52,125.55,115.18,30037.0,360621335.72,9.01,4.75,5.46,10.75
2022-10-25,119.0,125.99,129.88,118.65,33888.0,426905164.59,9.32,4.54,5.47,12.12
2022-10-26,125.0,128.52,129.27,122.0,25966.0,328723505.96,5.77,2.01,2.53,9.29
2022-10-27,127.77,125.29,127.8,123.99,21622.0,271736363.28,2.96,-2.51,-3.23,7.74
2022-10-28,126.5,122.99,131.0,122.5,22803.0,287511710.5,6.78,-1.84,-2.3,8.16
2022-10-31,120.5,129.34,131.33,120.5,39674.0,509285044.23,8.81,5.16,6.35,14.19
2022-11-01,132.0,129.8,133.78,127.13,32568.0,422650309.22,5.14,0.36,0.46,11.65
2022-11-02,128.2,124.77,129.28,122.6,33644.0,421303554.57,5.15,-3.88,-5.03,12.04
2022-11-03,122.9,126.79,127.16,122.68,23148.0,291472982.02,3.59,1.62,2.02,8.28
2022-11-04,126.0,129.88,131.1,122.5,28500.0,363119611.69,6.78,2.44,3.09,10.2
2022-11-07,129.54,122.97,131.6,121.11,32702.0,406584937.05,8.08,-5.32,-6.91,11.7
2022-11-08,122.97,120.05,123.7,119.66,21047.0,254509979.79,3.29,-2.37,-2.92,7.53
2022-11-09,121.58,120.59,123.19,116.52,21657.0,261408890.01,5.56,0.45,0.54,7.75
2022-11-10,119.2,115.5,121.38,115.0,20292.0,237865571.52,5.29,-4.22,-5.09,7.26
2022-11-11,118.5,117.1,121.35,116.1,22683.0,269404811.13,4.55,1.39,1.6,8.11
2022-11-14,116.5,114.93,117.68,113.3,16150.0,186277246.22,3.74,-1.85,-2.17,5.78
2022-11-15,114.5,120.89,121.5,114.5,27453.0,328606804.48,6.09,5.19,5.96,9.82
2022-11-16,120.0,117.38,123.5,117.08,25528.0,307166080.05,5.31,-2.9,-3.51,9.13
2022-11-17,116.4,124.9,126.45,113.0,36012.0,432764374.49,11.46,6.41,7.52,12.88
2022-11-18,124.46,122.49,129.99,122.0,31671.0,398617213.88,6.4,-1.93,-2.41,11.33
2022-11-21,120.74,123.77,125.06,119.47,19998.0,245274345.85,4.56,1.04,1.28,7.15
2022-11-22,123.5,125.1,127.75,121.43,20355.0,254758971.46,5.11,1.07,1.33,7.28
2022-11-23,124.25,120.87,125.15,116.18,20987.0,251880298.16,7.17,-3.38,-4.23,7.51
2022-11-24,121.9,119.05,122.6,117.83,12582.0,150860327.71,3.95,-1.51,-1.82,4.5
2022-11-25,120.2,117.05,120.92,115.55,13674.0,160850887.59,4.51,-1.68,-2.0,4.89
2022-11-28,115.11,115.39,118.4,113.23,14651.0,168742981.0,4.42,-1.42,-1.66,5.24
2022-11-29,115.38,114.61,116.28,113.54,13081.0,150360032.43,2.37,-0.68,-0.78,4.68
2022-11-30,114.3,110.99,114.92,109.5,19246.0,213592805.36,4.73,-3.16,-3.62,6.89
2022-12-01,111.8,113.24,114.5,110.59,15214.0,172069276.0,3.52,2.03,2.25,5.44
2022-12-02,113.23,115.34,116.9,111.6,16705.0,192161032.34,4.68,1.85,2.1,5.98
2022-12-05,115.55,115.55,116.12,112.35,14051.0,160688784.59,3.27,0.18,0.21,5.03
2022-12-06,115.0,114.97,117.44,114.36,11110.0,128336725.26,2.67,-0.5,-0.58,3.97
2022-12-07,113.55,113.01,116.86,112.0,15014.0,171115501.18,4.23,-1.7,-1.96,5.37
2022-12-08,112.39,110.15,112.88,110.0,12326.0,137203940.65,2.55,-2.53,-2.86,4.41
2022-12-09,110.5,108.8,110.5,107.7,12198.0,132452185.77,2.54,-1.23,-1.35,4.36
2022-12-12,108.77,115.38,117.0,107.5,23275.0,264062454.56,8.73,6.05,6.58,8.33
2022-12-13,114.08,111.68,117.95,111.35,16192.0,184851329.75,5.72,-3.21,-3.7,5.79
2022-12-14,113.88,114.29,116.47,113.48,17485.0,201330274.11,2.68,2.34,2.61,6.26
2022-12-15,112.1,113.29,116.45,110.25,13509.0,153725569.41,5.42,-0.87,-1.0,4.83
2022-12-16,112.7,110.8,112.7,110.01,8993.0,99714635.52,2.37,-2.2,-2.49,3.22
2022-12-19,112.0,108.81,112.15,108.55,6019.0,66247003.78,3.25,-1.8,-1.99,2.15
2022-12-20,108.03,108.63,110.27,108.0,4455.0,48578354.32,2.09,-0.17,-0.18,1.59
2022-12-21,108.1,106.17,108.96,103.87,11035.0,116945309.72,4.69,-2.26,-2.46,3.95
2022-12-22,105.99,103.19,106.2,103.0,5799.0,60658423.0,3.01,-2.81,-2.98,2.07
2022-12-23,103.0,102.1,103.53,101.19,4948.0,50524459.5,2.27,-1.06,-1.09,1.77
2022-12-26,102.1,112.31,112.31,101.0,16625.0,180979532.18,11.08,10.0,10.21,5.95
2022-12-27,113.96,118.0,119.09,112.3,23181.0,268567471.16,6.05,5.07,5.69,8.29
2022-12-28,119.98,120.05,121.0,118.0,19316.0,231381765.14,2.54,1.74,2.05,6.91
2022-12-29,120.2,121.0,125.5,119.34,14529.0,176364948.11,5.13,0.79,0.95,5.2
2022-12-30,121.8,122.0,123.0,119.37,13134.0,158956164.93,3.0,0.83,1.0,4.7
2023-01-03,123.0,123.33,124.2,121.19,13508.0,165888254.49,2.47,1.09,1.33,4.83
2023-01-04,122.89,125.1,126.29,122.89,11646.0,145310835.98,2.76,1.44,1.77,4.17
2023-01-05,124.38,124.6,125.5,123.43,10063.0,125231947.09,1.65,-0.4,-0.5,3.6
2023-01-06,123.71,124.5,126.18,123.6,11476.0,142965254.72,2.07,-0.08,-0.1,4.11
2023-01-09,124.51,122.32,125.0,121.18,12482.0,152817371.73,3.07,-1.75,-2.18,4.47
2023-01-10,123.15,121.48,123.15,121.02,8899.0,108510226.22,1.74,-0.69,-0.84,3.18
2023-01-11,121.33,116.59,122.28,116.21,14181.0,167603219.06,5.0,-4.03,-4.89,5.07
2023-01-12,117.5,114.93,117.6,114.89,8372.0,96908512.16,2.32,-1.42,-1.66,2.99
2023-01-13,115.4,110.29,115.4,108.8,17472.0,193497161.96,5.74,-4.04,-4.64,6.25
2023-01-16,110.26,110.77,111.7,109.04,11361.0,125708626.3,2.41,0.44,0.48,4.06
2023-01-17,110.9,111.25,114.53,110.78,15565.0,174976087.53,3.39,0.43,0.48,5.57
2023-01-18,111.87,112.2,112.47,109.73,10163.0,112726074.85,2.46,0.85,0.95,3.64
2023-01-19,112.8,117.51,118.26,111.5,20314.0,234081987.22,6.02,4.73,5.31,7.27
2023-01-20,117.14,115.29,117.14,113.2,15041.0,172805230.33,3.35,-1.89,-2.22,5.38
2023-01-30,116.28,115.06,116.96,113.88,13229.0,151866954.25,2.67,-0.2,-0.23,4.73
2023-01-31,114.59,113.6,115.08,112.18,11676.0,132391415.31,2.52,-1.27,-1.46,4.18
2023-02-01,113.6,116.48,117.2,112.9,13107.0,151610211.33,3.79,2.54,2.88,4.69
2023-02-02,116.8,117.01,118.55,115.61,14551.0,170613486.8,2.52,0.46,0.53,5.21
2023-02-03,116.87,118.33,119.1,115.9,12894.0,151475873.02,2.73,1.13,1.32,4.61
2023-02-06,118.33,115.08,119.76,115.0,10689.0,124638843.67,4.02,-2.75,-3.25,3.82
2023-02-07,115.01,126.59,126.59,114.11,28257.0,344255552.83,10.84,10.0,11.51,10.11
2023-02-08,128.0,123.44,128.98,122.0,32580.0,408031576.12,5.51,-2.49,-3.15,11.65
2023-02-09,123.39,128.34,129.08,121.06,28678.0,360236867.5,6.5,3.97,4.9,10.26
2023-02-10,127.07,134.11,139.0,127.07,35074.0,472129918.67,9.3,4.5,5.77,12.55
2023-02-13,136.01,133.97,137.88,133.03,25181.0,340927248.32,3.62,-0.1,-0.14,9.01
2023-02-14,134.32,131.5,135.5,130.66,16126.0,213254045.97,3.61,-1.84,-2.47,5.77
2023-02-15,131.88,134.56,135.19,129.65,20600.0,273145551.39,4.21,2.33,3.06,7.37
2023-02-16,134.0,127.21,134.0,126.3,20926.0,271937978.73,5.72,-5.46,-7.35,7.49
2023-02-17,127.51,124.61,128.5,124.0,13425.0,168814582.66,3.54,-2.04,-2.6,4.8
2023-02-20,125.43,126.21,127.5,123.69,10789.0,135292975.79,3.06,1.28,1.6,3.86
2023-02-21,125.5,127.04,130.5,125.0,13556.0,172324488.87,4.36,0.66,0.83,4.85
2023-02-22,129.24,139.74,139.74,127.6,34399.0,463739762.08,9.56,10.0,12.7,12.31
2023-02-23,142.82,144.5,149.97,141.0,59004.0,857454908.83,6.42,3.41,4.76,21.11
2023-02-24,143.0,140.61,144.47,139.8,32755.0,463847972.05,3.23,-2.69,-3.89,11.72
2023-02-27,140.65,143.0,144.44,139.94,30637.0,436420834.94,3.2,1.7,2.39,10.96
2023-02-28,141.9,144.38,145.54,140.5,25254.0,361870735.02,3.52,0.97,1.38,9.03
2023-03-01,144.09,147.87,148.86,143.2,28989.0,424280465.28,3.92,2.42,3.49,10.37
2023-03-02,151.0,152.0,162.66,146.8,56173.0,864371028.36,10.73,2.79,4.13,20.1
2023-03-03,148.0,142.9,149.0,141.6,35371.0,508896629.26,4.87,-5.99,-9.1,12.65
2023-03-06,143.66,137.85,144.26,136.55,39415.0,551502844.4,5.4,-3.53,-5.05,14.1
2023-03-07,137.5,137.0,139.57,135.1,23247.0,319511323.97,3.24,-0.62,-0.85,8.32
2023-03-08,135.99,141.12,141.47,135.3,25278.0,352513928.72,4.5,3.01,4.12,9.04
2023-03-09,138.6,139.47,141.17,137.28,17165.0,238581939.08,2.76,-1.17,-1.65,6.14
2023-03-10,138.0,138.38,139.49,135.13,14222.0,195678357.72,3.13,-0.78,-1.09,5.09
2023-03-13,137.99,135.06,137.99,133.58,18208.0,245800032.68,3.19,-2.4,-3.32,6.51
2023-03-14,135.0,141.5,144.14,133.48,33388.0,466424242.73,7.89,4.77,6.44,11.94
2023-03-15,139.18,137.44,140.3,137.06,17825.0,246626521.12,2.29,-2.87,-4.06,6.38
2023-03-16,136.3,137.81,142.5,135.6,19305.0,269196181.63,5.02,0.27,0.37,6.91
2023-03-17,138.9,128.92,139.29,126.51,39450.0,520575081.75,9.27,-6.45,-8.89,14.11
2023-03-20,127.0,119.71,127.0,119.66,37483.0,454561751.57,5.69,-7.14,-9.21,13.41
2023-03-21,119.95,120.58,122.47,119.68,20434.0,247100980.44,2.33,0.73,0.87,7.31
2023-03-22,120.6,119.46,120.6,117.29,20036.0,237513162.39,2.75,-0.93,-1.12,7.17
2023-03-23,118.0,125.84,126.0,116.68,31163.0,380810716.67,7.8,5.34,6.38,11.15
2023-03-24,125.18,121.7,125.5,121.21,18842.0,231163212.29,3.41,-3.29,-4.14,6.74
2023-03-27,121.71,127.53,128.5,121.03,25629.0,322456114.11,6.14,4.79,5.83,9.17
2023-03-28,126.53,126.15,128.45,125.0,14011.0,177410219.19,2.71,-1.08,-1.38,5.01
2023-03-29,122.9,117.38,122.99,114.1,35051.0,409336138.17,7.05,-6.95,-8.77,12.54
2023-03-30,115.75,116.65,117.8,115.65,14885.0,173540510.62,1.83,-0.62,-0.73,5.32
2023-03-31,117.0,115.14,117.7,115.0,18174.0,210577162.2,2.31,-1.29,-1.51,6.5
2023-04-03,114.0,120.02,123.0,113.03,29841.0,354826929.16,8.66,4.24,4.88,10.68
2023-04-04,119.88,121.92,125.1,119.2,24166.0,296522611.64,4.92,1.58,1.9,8.64
2023-04-06,120.0,125.03,127.0,119.02,21819.0,271777210.54,6.55,2.55,3.11,7.81
2023-04-07,125.88,124.13,125.98,123.0,15516.0,193072630.98,2.38,-0.72,-0.9,5.55
2023-04-10,123.9,119.78,124.74,119.2,21476.0,260303123.35,4.46,-3.5,-4.35,7.68
2023-04-11,119.95,122.95,125.42,118.84,18300.0,224181117.28,5.49,2.65,3.17,6.55
2023-04-12,122.34,121.27,122.5,120.08,11341.0,137177440.09,1.97,-1.37,-1.68,4.06
2023-04-13,121.19,118.67,121.21,117.98,11034.0,131667891.97,2.66,-2.14,-2.6,3.95
2023-04-14,119.0,120.97,122.5,118.36,14019.0,169467049.62,3.49,1.94,2.3,5.01
2023-04-17,123.32,133.07,133.07,123.2,27388.0,358646041.48,8.16,10.0,12.1,9.8
2023-04-18,135.0,133.3,135.01,127.86,33615.0,443220953.34,5.37,0.17,0.23,12.03
2023-04-19,133.37,132.43,135.3,130.9,20235.0,268978567.27,3.3,-0.65,-0.87,7.24
2023-04-20,134.25,133.42,135.68,131.5,19523.0,259963388.06,3.16,0.75,0.99,6.98
2023-04-21,133.43,128.38,139.68,128.09,29423.0,394569813.9,8.69,-3.78,-5.04,10.53
2023-04-24,128.0,123.68,128.2,121.58,18874.0,234847714.42,5.16,-3.66,-4.7,6.75
2023-04-25,123.66,118.5,124.2,117.39,16735.0,201040055.63,5.51,-4.19,-5.18,5.99
2023-04-26,118.0,119.4,121.85,116.13,11810.0,140784819.94,4.83,0.76,0.9,4.22
2023-04-27,120.76,121.27,121.76,117.18,16370.0,195883034.79,3.84,1.57,1.87,5.86
2023-04-28,121.13,122.05,122.6,120.02,10514.0,128039553.29,2.13,0.64,0.78,3.76
2023-05-04,121.0,122.15,123.96,119.18,9021.0,110142926.55,3.92,0.08,0.1,3.23
2023-05-05,120.97,118.0,123.0,117.6,13423.0,159667502.83,4.42,-3.4,-4.15,4.8
2023-05-08,118.88,120.38,123.4,118.5,12727.0,154316300.04,4.15,2.02,2.38,4.55
2023-05-09,119.09,122.0,124.0,118.12,14363.0,174665133.52,4.88,1.35,1.62,5.14
2023-05-10,121.85,120.81,121.85,119.41,7102.0,85335332.75,2.0,-0.98,-1.19,2.54
2023-05-11,121.18,122.52,123.0,119.6,7761.0,94056895.81,2.81,1.42,1.71,2.78
2023-05-12,87.68,87.2,90.2,86.99,12052.0,106075462.12,2.62,-28.83,-35.32,3.08
2023-05-15,87.0,90.41,91.68,86.0,19654.0,175309195.59,6.51,3.68,3.21,5.02
2023-05-16,90.38,89.35,90.77,88.36,12024.0,107409959.03,2.67,-1.17,-1.06,3.07
2023-05-17,89.4,89.45,90.74,88.6,13124.0,117735367.41,2.4,0.11,0.1,3.35
2023-05-18,89.1,88.05,92.35,87.79,19215.0,172359620.25,5.1,-1.57,-1.4,4.91
2023-05-19,86.76,85.15,87.54,83.11,20208.0,171828074.83,5.03,-3.29,-2.9,5.16
2023-05-22,84.32,82.66,85.66,81.01,19734.0,162758462.11,5.46,-2.92,-2.49,5.04
2023-05-23,82.5,81.1,82.96,81.1,10159.0,83239731.4,2.25,-1.89,-1.56,2.6
2023-05-24,80.58,82.58,83.39,80.48,10840.0,88918984.03,3.59,1.82,1.48,2.77
2023-05-25,82.4,81.72,83.6,81.07,10490.0,86219464.9,3.06,-1.04,-0.86,2.68
2023-05-26,81.68,82.1,82.55,80.7,7412.0,60713578.0,2.26,0.47,0.38,1.89
2023-05-29,82.0,82.7,83.38,82.0,8098.0,66927125.0,1.68,0.73,0.6,2.07
2023-05-30,81.71,76.86,82.0,74.58,26897.0,207720984.97,8.97,-7.06,-5.84,6.87
2023-05-31,76.0,75.94,76.8,74.3,15653.0,118218532.88,3.25,-1.2,-0.92,4.0
2023-06-01,75.21,78.07,78.88,74.7,18187.0,140426895.22,5.5,2.8,2.13,4.65
2023-06-02,78.08,78.64,79.58,75.83,13242.0,103188272.59,4.8,0.73,0.57,3.38
2023-06-05,78.68,78.34,81.78,77.82,18091.0,144120093.88,5.04,-0.38,-0.3,4.62
2023-06-06,77.99,76.28,78.22,76.0,11547.0,88868503.15,2.83,-2.63,-2.06,1.62
2023-06-07,76.28,79.7,81.21,75.49,24845.0,194331730.07,7.5,4.48,3.42,3.49
2023-06-08,79.7,78.71,80.67,78.52,13716.0,109067557.5,2.7,-1.24,-0.99,1.92
2023-06-09,79.0,77.0,79.0,76.8,15697.0,121616224.4,2.8,-2.17,-1.71,2.2
2023-06-12,76.62,75.43,78.1,75.42,17136.0,131057579.37,3.48,-2.04,-1.57,2.4
2023-06-13,75.4,74.7,75.64,74.02,16606.0,123951875.57,2.15,-0.97,-0.73,2.33
2023-06-14,74.58,77.56,77.6,74.09,18824.0,143295663.7,4.7,3.83,2.86,2.64
2023-06-15,77.55,76.24,77.76,75.25,13412.0,102239314.95,3.24,-1.7,-1.32,1.88
2023-06-16,76.32,82.78,83.86,76.02,51018.0,415533984.72,10.28,8.58,6.54,7.16
2023-06-19,82.0,83.83,85.38,81.1,32440.0,270105634.26,5.17,1.27,1.05,4.55
2023-06-20,83.78,86.72,87.75,83.41,32280.0,277284066.42,5.18,3.45,2.89,4.53
2023-06-21,87.0,85.25,87.69,85.12,20934.0,179971487.04,2.96,-1.7,-1.47,2.94
2023-06-26,84.6,84.87,87.3,82.8,19332.0,164325701.15,5.28,-0.45,-0.38,2.71
2023-06-27,85.35,85.0,86.08,83.5,14211.0,120356534.07,3.04,0.15,0.13,1.99
2023-06-28,84.77,83.66,85.5,82.68,11062.0,92691137.07,3.32,-1.58,-1.34,1.55
2023-06-29,83.53,87.4,87.79,83.12,26521.0,228640044.62,5.58,4.47,3.74,3.72
2023-06-30,87.2,87.3,88.8,85.72,19986.0,174495123.49,3.52,-0.11,-0.1,2.8
2023-07-03,89.88,89.29,93.71,87.3,33048.0,298104496.52,7.34,2.28,1.99,4.64
2023-07-04,89.6,92.79,94.0,89.1,31179.0,285463514.79,5.49,3.92,3.5,4.38
2023-07-05,97.0,94.55,98.58,93.2,46781.0,450398508.41,5.8,1.9,1.76,6.57
2023-07-06,93.58,92.88,96.18,92.7,23883.0,224253576.8,3.68,-1.77,-1.67,3.35
2023-07-07,92.33,89.89,93.14,89.61,22412.0,202920927.39,3.8,-3.22,-2.99,3.15
2023-07-10,92.75,98.88,98.88,89.4,67921.0,645757214.37,10.55,10.0,8.99,9.53
2023-07-11,97.69,101.7,103.55,97.66,60844.0,615494869.7,5.96,2.85,2.82,8.54
2023-07-12,102.2,96.51,103.0,96.29,41687.0,410582061.03,6.6,-5.1,-5.19,5.85
2023-07-13,97.39,97.53,98.79,96.4,28048.0,273840590.2,2.48,1.06,1.02,3.94
2023-07-14,97.4,95.47,98.49,94.61,31854.0,305782697.63,3.98,-2.11,-2.06,4.47
2023-07-17,95.0,92.07,95.04,91.68,24902.0,231516318.29,3.52,-3.56,-3.4,3.49
2023-07-18,92.06,93.02,94.35,91.3,27275.0,253711376.65,3.31,1.03,0.95,3.83
2023-07-19,92.78,90.48,92.78,89.18,23435.0,212318395.66,3.87,-2.73,-2.54,3.29
2023-07-20,90.2,86.74,90.75,86.53,25540.0,225056828.12,4.66,-4.13,-3.74,3.58
2023-07-21,86.65,85.0,87.49,84.36,16156.0,138508336.07,3.61,-2.01,-1.74,2.27
2023-07-24,85.41,85.6,86.49,84.6,13662.0,117281215.4,2.22,0.71,0.6,1.92
2023-07-25,85.92,85.09,86.86,84.02,17024.0,144721497.98,3.32,-0.6,-0.51,2.39
2023-07-26,85.25,84.8,86.3,84.04,17441.0,148746516.17,2.66,-0.34,-0.29,2.45
2023-07-27,84.75,82.86,85.3,82.64,14517.0,121372052.61,3.14,-2.29,-1.94,2.04
2023-07-28,82.98,83.67,84.13,82.2,12819.0,106875708.02,2.33,0.98,0.81,1.8
2023-07-31,83.6,85.66,86.3,82.8,17776.0,151473509.06,4.18,2.38,1.99,2.49
2023-08-01,85.95,84.44,86.0,84.0,11596.0,98180651.46,2.33,-1.42,-1.22,1.63
2023-08-02,84.41,84.84,84.98,83.46,8506.0,71639167.3,1.8,0.47,0.4,1.19
2023-08-03,84.68,85.45,86.17,84.01,9441.0,80587963.99,2.55,0.72,0.61,1.32
2023-08-04,84.98,87.06,87.82,84.84,15795.0,136547957.8,3.49,1.88,1.61,2.22
2023-08-07,87.07,87.64,89.5,86.5,13819.0,121101721.01,3.45,0.67,0.58,1.94
2023-08-08,87.53,85.14,87.8,84.6,12807.0,110444408.92,3.65,-2.85,-2.5,1.8
2023-08-09,84.68,86.95,87.35,84.4,13180.0,113546122.95,3.46,2.13,1.81,1.85
2023-08-10,87.01,89.96,90.86,86.2,22724.0,202414511.38,5.36,3.46,3.01,3.19
2023-08-11,89.9,87.26,89.9,87.0,13533.0,119479722.0,3.22,-3.0,-2.7,1.9
2023-08-14,87.0,83.5,87.0,79.0,28497.0,234283016.8,9.17,-4.31,-3.76,4.0
2023-08-15,83.0,80.73,83.8,80.2,15578.0,127006430.75,4.31,-3.32,-2.77,2.19
2023-08-16,80.33,80.73,81.62,80.1,6918.0,55861880.26,1.88,0.0,0.0,0.97
2023-08-17,80.31,84.15,86.99,80.31,18056.0,151154193.21,8.27,4.24,3.42,2.53
2023-08-18,84.32,81.5,84.79,81.5,8852.0,73676103.25,3.91,-3.15,-2.65,1.24
2023-08-21,81.5,79.79,83.37,79.7,11726.0,94891902.08,4.5,-2.1,-1.71,1.65
2023-08-22,79.74,80.71,81.26,78.2,11892.0,94993058.3,3.84,1.15,0.92,1.67
2023-08-23,80.36,79.39,80.66,79.07,7190.0,57270176.7,1.97,-1.64,-1.32,1.01
2023-08-24,79.39,80.37,81.36,79.0,12649.0,101552878.55,2.97,1.23,0.98,1.78
2023-08-25,79.57,77.78,81.4,77.78,12860.0,101712596.2,4.5,-3.22,-2.59,1.8
2023-08-28,82.0,72.78,82.0,71.0,30241.0,227457968.92,14.14,-6.43,-5.0,4.24
2023-08-29,72.81,78.0,78.36,72.78,26085.0,198156481.32,7.67,7.17,5.22,3.66
2023-08-30,79.0,85.8,85.8,79.0,49906.0,418863849.83,8.72,10.0,7.8,7.0
2023-08-31,85.8,86.89,87.68,84.93,39953.0,346305722.98,3.21,1.27,1.09,5.61
2023-09-01,85.93,86.6,87.68,85.0,17342.0,149541655.0,3.08,-0.33,-0.29,2.43
2023-09-04,87.5,91.05,92.0,86.02,46119.0,412048779.66,6.91,5.14,4.45,6.47
2023-09-05,90.85,90.19,92.97,89.5,32819.0,297964387.16,3.81,-0.94,-0.86,4.61
2023-09-06,90.18,90.1,90.86,88.58,32299.0,289275866.79,2.53,-0.1,-0.09,4.53
2023-09-07,90.78,90.93,96.0,89.0,60198.0,556744323.82,7.77,0.92,0.83,8.45
2023-09-08,90.78,94.86,95.8,90.45,49273.0,460663968.27,5.88,4.32,3.93,6.92
2023-09-11,93.56,89.89,93.57,88.87,53258.0,481084866.12,4.95,-5.24,-4.97,7.47
2023-09-12,89.99,90.05,91.45,89.34,27587.0,249861950.4,2.35,0.18,0.16,3.87
2023-09-13,90.0,88.37,90.0,87.41,19886.0,175934113.5,2.88,-1.87,-1.68,2.79
2023-09-14,88.37,87.76,89.0,87.24,14144.0,124406968.2,1.99,-0.69,-0.61,1.98
2023-09-15,88.37,87.13,88.49,86.0,18381.0,159934172.38,2.84,-0.72,-0.63,2.58
2023-09-18,86.7,84.08,86.7,83.5,28395.0,239732882.29,3.67,-3.5,-3.05,3.98
2023-09-19,83.8,81.42,83.8,81.36,19299.0,158143798.34,2.9,-3.16,-2.66,2.71
2023-09-20,81.59,80.6,82.1,80.0,13241.0,106995637.6,2.58,-1.01,-0.82,1.86
2023-09-21,80.78,80.23,82.21,79.67,13587.0,109667256.4,3.15,-0.46,-0.37,1.91
2023-09-22,80.51,81.65,81.8,79.58,19840.0,159985497.39,2.77,1.77,1.42,2.78
2023-09-25,81.59,81.51,82.13,80.1,15316.0,124791530.8,2.49,-0.17,-0.14,2.15
2023-09-26,81.34,80.41,81.36,79.66,15419.0,123888764.04,2.09,-1.35,-1.1,2.16
2023-09-27,80.3,80.37,81.8,79.81,16566.0,133621612.86,2.47,-0.05,-0.04,2.32
2023-09-28,80.48,82.82,83.48,80.37,22579.0,185432691.58,3.87,3.05,2.45,3.17
2023-10-09,84.1,82.89,84.3,81.61,14744.0,122612130.07,3.25,0.08,0.07,2.07
2023-10-10,82.57,83.25,83.66,82.3,12262.0,101891715.59,1.64,0.43,0.36,1.72
2023-10-11,83.23,84.41,85.6,81.71,22379.0,188061152.6,4.67,1.39,1.16,3.14
2023-10-12,84.8,81.72,85.7,79.9,30895.0,253339025.2,6.87,-3.19,-2.69,4.34
2023-10-13,81.15,79.8,82.68,79.7,24052.0,194354553.6,3.65,-2.35,-1.92,3.38
2023-10-16,79.96,78.6,80.19,77.44,22248.0,174048365.75,3.45,-1.5,-1.2,3.12
2023-10-17,78.66,80.2,81.55,77.01,24519.0,194670386.3,5.78,2.04,1.6,3.44
2023-10-18,80.02,77.77,80.36,77.5,19139.0,150479601.96,3.57,-3.03,-2.43,2.69
2023-10-19,77.03,85.55,85.55,77.0,82797.0,695292586.56,10.99,10.0,7.78,11.62
2023-10-20,85.0,80.01,85.88,80.0,62384.0,517476312.39,6.87,-6.48,-5.54,8.75
2023-10-23,80.07,88.01,88.01,80.01,82243.0,708566008.75,10.0,10.0,8.0,11.54
2023-10-24,90.01,85.4,90.89,85.0,92363.0,804734660.75,6.69,-2.97,-2.61,12.96
2023-10-25,85.78,86.2,88.88,85.6,61088.0,530621782.12,3.84,0.94,0.8,8.57
2023-10-26,84.66,88.82,90.49,83.01,77642.0,680173083.14,8.68,3.04,2.62,10.9
2023-10-27,86.97,87.29,89.5,84.31,69194.0,596672625.75,5.84,-1.72,-1.53,9.71
2023-10-30,86.0,90.01,91.5,85.85,69468.0,620230667.52,6.47,3.12,2.72,9.75
2023-10-31,89.6,88.35,91.9,87.5,47880.0,425746114.69,4.89,-1.84,-1.66,6.72
2023-11-01,87.0,86.16,88.14,85.52,32992.0,284806387.8,2.97,-2.48,-2.19,4.63
2023-11-02,86.16,81.8,86.16,80.7,42422.0,351848291.57,6.34,-5.06,-4.36,5.95
2023-11-03,81.0,83.72,84.71,81.0,28449.0,237071120.05,4.54,2.35,1.92,3.99
2023-11-06,83.2,86.96,87.69,83.2,40011.0,343606325.85,5.36,3.87,3.24,5.62
2023-11-07,86.9,87.18,87.92,85.72,30335.0,263205353.35,2.53,0.25,0.22,4.26
2023-11-08,87.1,85.99,87.12,84.72,37724.0,323492171.82,2.75,-1.36,-1.19,5.29
2023-11-09,85.5,84.92,86.5,84.3,21634.0,184132142.53,2.56,-1.24,-1.07,3.04
2023-11-10,84.89,86.1,88.77,83.9,47228.0,409035399.26,5.73,1.39,1.18,6.63
2023-11-13,86.12,88.17,89.11,84.55,61766.0,542047437.38,5.3,2.4,2.07,8.67
2023-11-14,89.0,88.48,89.99,87.5,56215.0,498652912.53,2.82,0.35,0.31,7.89
2023-11-15,88.85,87.78,88.87,85.66,52473.0,456733344.13,3.63,-0.79,-0.7,7.36
2023-11-16,87.5,87.18,88.29,86.51,31916.0,278668512.41,2.03,-0.68,-0.6,4.48
2023-11-17,86.52,88.4,88.52,85.3,40424.0,352457959.17,3.69,1.4,1.22,5.67
2023-11-20,87.56,88.67,88.88,85.6,51577.0,450428624.08,3.71,0.31,0.27,7.24
2023-11-21,88.68,85.45,90.2,85.2,58361.0,506782050.12,5.64,-3.63,-3.22,8.19
2023-11-22,85.0,81.75,85.7,81.6,40556.0,336400223.08,4.8,-4.33,-3.7,5.69
2023-11-23,81.38,82.88,83.09,81.38,20810.0,171581233.9,2.09,1.38,1.13,2.92
2023-11-24,83.12,79.33,83.38,79.0,34151.0,273586517.37,5.28,-4.28,-3.55,4.79
2023-11-27,79.01,80.27,80.5,78.9,19595.0,156956018.53,2.02,1.18,0.94,2.75
2023-11-28,80.99,80.51,80.99,79.68,17713.0,142249465.17,1.63,0.3,0.24,2.49
2023-11-29,80.44,80.52,81.18,80.01,17457.0,140842757.64,1.45,0.01,0.01,2.45
2023-11-30,80.3,80.04,80.48,78.23,19398.0,154194140.9,2.79,-0.6,-0.48,2.72
2023-12-01,79.9,80.3,80.5,79.2,16262.0,129847595.08,1.62,0.32,0.26,2.28
2023-12-04,80.14,80.43,81.17,79.68,17668.0,142360911.35,1.86,0.16,0.13,2.48
2023-12-05,80.0,76.77,80.04,76.55,29612.0,230118470.46,4.34,-4.55,-3.66,4.16
2023-12-06,77.0,76.82,78.17,76.5,18001.0,138795970.75,2.18,0.07,0.05,2.53
2023-12-07,76.8,77.49,77.65,76.01,19087.0,147322542.06,2.13,0.87,0.67,2.68
2023-12-08,77.5,77.63,79.7,77.15,36633.0,287169829.62,3.29,0.18,0.14,5.14
2023-12-11,77.11,77.9,78.41,76.37,27287.0,211790656.32,2.63,0.35,0.27,3.83
2023-12-12,77.95,77.09,78.5,76.55,22990.0,177635959.95,2.5,-1.04,-0.81,3.23
2023-12-13,76.99,76.52,78.5,76.5,21638.0,167356197.68,2.59,-0.74,-0.57,3.04
2023-12-14,76.66,73.5,77.16,72.51,40058.0,296518955.07,6.08,-3.95,-3.02,5.62
2023-12-15,73.4,71.97,73.5,71.66,21050.0,152074950.62,2.5,-2.08,-1.53,2.95
2023-12-18,71.68,68.21,71.68,67.89,34466.0,239324342.04,5.27,-5.22,-3.76,4.84
2023-12-19,68.08,66.14,68.58,65.01,36424.0,241710187.27,5.23,-3.03,-2.07,5.11
2023-12-20,66.0,62.15,66.3,62.12,44235.0,281109534.27,6.32,-6.03,-3.99,6.21
2023-12-21,61.5,62.75,64.8,61.48,43689.0,276327638.87,5.34,0.97,0.6,6.13
2023-12-22,62.74,62.05,63.6,60.02,30617.0,190558179.31,5.71,-1.12,-0.7,4.3
2023-12-25,62.02,61.73,63.26,61.5,22907.0,142594190.11,2.84,-0.52,-0.32,3.21
2023-12-26,61.44,59.74,61.72,59.06,32842.0,196683200.11,4.31,-3.22,-1.99,4.61
2023-12-27,59.6,60.31,60.42,59.25,21742.0,130241546.2,1.96,0.95,0.57,3.05
2023-12-28,60.6,63.41,64.25,60.32,46972.0,293804481.44,6.52,5.14,3.1,6.02
2023-12-29,63.55,62.71,64.0,62.4,34128.0,215201725.52,2.52,-1.1,-0.7,4.38
2024-01-02,63.25,64.55,65.95,62.71,52256.0,337694542.54,5.17,2.93,1.84,6.7
2024-01-03,64.1,63.21,64.1,62.14,27200.0,171465102.31,3.04,-2.08,-1.34,3.49
2024-01-04,63.01,62.6,63.6,62.11,18359.0,115445285.32,2.36,-0.97,-0.61,2.35
2024-01-05,62.66,61.06,63.21,60.58,23142.0,142658553.12,4.2,-2.46,-1.54,2.97
2024-01-08,61.07,59.18,61.18,59.01,17636.0,105608826.65,3.55,-3.08,-1.88,2.26
2024-01-09,59.31,58.05,60.2,57.57,27673.0,162083664.8,4.44,-1.91,-1.13,3.55
2024-01-10,58.23,56.51,58.25,56.5,25921.0,148352508.14,3.01,-2.65,-1.54,3.32
2024-01-11,56.73,57.68,58.15,56.33,29665.0,170030699.86,3.22,2.07,1.17,3.8
2024-01-12,57.3,58.4,59.36,56.73,38107.0,221503525.0,4.56,1.25,0.72,4.89
2024-01-15,57.67,57.32,58.33,56.45,27342.0,156798403.2,3.22,-1.85,-1.08,3.51
2024-01-16,57.19,56.42,57.25,55.43,27823.0,156445444.87,3.18,-1.57,-0.9,3.57
2024-01-17,56.17,54.05,56.39,54.02,22658.0,124518034.02,4.2,-4.2,-2.37,2.91
2024-01-18,53.64,54.78,54.98,52.56,26251.0,141071079.56,4.48,1.35,0.73,3.37
2024-01-19,54.39,53.5,55.31,53.42,15600.0,84637273.15,3.45,-2.34,-1.28,2.0
2024-01-22,53.37,50.0,53.84,49.4,24791.0,128076399.96,8.3,-6.54,-3.5,3.18
2024-01-23,49.26,50.92,51.15,49.26,24061.0,121811850.33,3.78,1.84,0.92,3.09
2024-01-24,51.3,50.8,51.36,48.8,24454.0,122379383.39,5.03,-0.24,-0.12,3.14
2024-01-25,50.9,52.72,53.2,50.51,27582.0,143860962.15,5.3,3.78,1.92,3.54
2024-01-26,52.6,50.71,52.72,50.61,21274.0,109825383.89,4.0,-3.81,-2.01,2.73
2024-01-29,51.17,49.46,52.48,49.46,19821.0,100256561.0,5.96,-2.46,-1.25,2.54
2024-01-30,49.41,47.71,50.14,47.68,18847.0,92203554.36,4.97,-3.54,-1.75,2.42
2024-01-31,47.77,44.96,48.17,44.84,26504.0,122645560.69,6.98,-5.76,-2.75,3.4
2024-02-01,44.78,44.51,45.45,43.5,25837.0,115068430.5,4.34,-1.0,-0.45,3.31
2024-02-02,44.72,41.5,45.35,40.18,36348.0,154088953.23,11.62,-6.76,-3.01,4.66
2024-02-05,41.35,37.35,41.37,37.35,42007.0,161371699.01,9.69,-10.0,-4.15,5.39
2024-02-06,34.82,39.44,39.99,34.79,55837.0,208074025.29,13.92,5.6,2.09,7.16
2024-02-07,39.44,42.16,43.38,39.06,54325.0,229777698.77,10.95,6.9,2.72,6.97
2024-02-08,42.17,45.92,46.28,42.17,68988.0,308181873.94,9.75,8.92,3.76,8.85
2024-02-19,46.5,45.87,47.0,44.86,52056.0,236596460.84,4.66,-0.11,-0.05,6.67
2024-02-20,45.62,46.8,47.17,44.83,43674.0,201490215.3,5.1,2.03,0.93,5.6
2024-02-21,46.68,47.26,48.78,45.8,45689.0,217195750.88,6.37,0.98,0.46,5.86
2024-02-22,46.89,48.76,48.88,46.72,32200.0,155054393.92,4.57,3.17,1.5,4.13
2024-02-23,49.0,50.81,51.17,48.28,43933.0,217655383.78,5.93,4.2,2.05,5.63
2024-02-26,50.3,51.88,53.1,49.68,53511.0,276908361.01,6.73,2.11,1.07,6.86
2024-02-27,53.0,56.25,56.99,52.66,81191.0,444328584.22,8.35,8.42,4.37,10.41
2024-02-28,55.98,50.63,56.71,50.63,86866.0,470495865.56,10.81,-9.99,-5.62,11.14
2024-02-29,50.11,53.52,53.54,50.05,52135.0,273411099.47,6.89,5.71,2.89,6.68
2024-03-01,54.08,55.71,55.88,54.01,64393.0,354881230.04,3.49,4.09,2.19,8.26
2024-03-04,56.28,56.03,58.09,55.35,54758.0,309496755.7,4.92,0.57,0.32,7.02
2024-03-05,55.13,55.4,56.88,55.0,44544.0,249607289.31,3.36,-1.12,-0.63,5.71
2024-03-06,55.4,55.82,56.51,53.99,42273.0,233684645.92,4.55,0.76,0.42,5.42
2024-03-07,55.85,53.72,56.3,53.7,33916.0,186127023.2,4.66,-3.76,-2.1,4.35
2024-03-08,53.6,55.41,55.66,53.01,35685.0,194680979.33,4.93,3.15,1.69,4.58
2024-03-11,54.85,55.64,55.88,54.4,27083.0,149828861.33,2.67,0.42,0.23,3.47
2024-03-12,55.33,58.3,59.18,55.27,64881.0,373464074.48,7.03,4.78,2.66,8.32
2024-03-13,58.28,59.56,61.0,57.18,68720.0,406643398.89,6.55,2.16,1.26,8.81
2024-03-14,59.35,58.19,59.98,57.0,41759.0,243781609.5,5.0,-2.3,-1.37,5.35
2024-03-15,58.69,58.67,58.93,57.24,31888.0,185279808.17,2.9,0.82,0.48,4.09
2024-03-18,58.7,59.19,59.78,58.31,36614.0,215821505.58,2.51,0.89,0.52,4.69
2024-03-19,59.2,60.44,61.82,58.7,48310.0,292824547.35,5.27,2.11,1.25,6.19
2024-03-20,60.65,62.33,63.98,60.65,50831.0,316389841.62,5.51,3.13,1.89,6.52
2024-03-21,62.23,60.41,62.26,60.15,45013.0,274468897.4,3.39,-3.08,-1.92,5.77
2024-03-22,60.41,58.89,60.87,58.06,39820.0,236365393.37,4.65,-2.52,-1.52,5.11
2024-03-25,59.01,56.53,59.08,56.43,28336.0,164078166.29,4.5,-4.01,-2.36,3.63
2024-03-26,56.7,55.42,57.28,55.07,27417.0,153507932.14,3.91,-1.96,-1.11,3.52
2024-03-27,55.23,52.32,55.28,52.3,27687.0,148566118.72,5.38,-5.59,-3.1,3.55
2024-03-28,52.04,56.2,57.41,52.04,44992.0,248107539.33,10.26,7.42,3.88,5.77
2024-03-29,56.0,56.36,57.13,54.08,29609.0,164300957.34,5.43,0.28,0.16,3.8
2024-04-01,56.15,58.6,58.84,56.11,39140.0,226132748.5,4.84,3.97,2.24,5.02
2024-04-02,58.65,57.3,58.65,56.31,30872.0,176854091.52,3.99,-2.22,-1.3,3.96
2024-04-03,56.89,56.56,57.8,55.98,22366.0,127063625.18,3.18,-1.29,-0.74,2.87
2024-04-08,56.0,53.93,56.28,53.9,24571.0,134804295.48,4.21,-4.65,-2.63,3.15
2024-04-09,53.93,53.7,54.74,53.09,17635.0,94667329.76,3.06,-0.43,-0.23,2.26
2024-04-10,53.5,51.48,53.5,50.59,23603.0,121725743.91,5.42,-4.13,-2.22,3.03
2024-04-11,50.8,50.58,51.85,50.27,21565.0,109711750.39,3.07,-1.75,-0.9,2.77
2024-04-12,50.59,51.11,52.45,49.93,24708.0,126105105.34,4.98,1.05,0.53,3.17
2024-04-15,51.07,49.52,52.0,48.48,31366.0,156426995.35,6.89,-3.11,-1.59,4.02
2024-04-16,48.66,45.79,49.8,45.6,33641.0,157813115.19,8.48,-7.53,-3.73,4.31
2024-04-17,46.85,48.83,48.88,46.85,30252.0,145381582.32,4.43,6.64,3.04,3.88
2024-04-18,48.77,48.56,49.85,47.38,25282.0,122840892.64,5.06,-0.55,-0.27,3.24
2024-04-19,48.0,48.38,49.29,47.25,23868.0,115070426.47,4.2,-0.37,-0.18,3.06
2024-04-22,46.12,47.7,48.31,44.58,28728.0,135469168.47,7.71,-1.41,-0.68,3.68
2024-04-23,47.83,48.65,49.44,47.7,27134.0,131927337.28,3.65,1.99,0.95,3.48
2024-04-24,48.45,50.2,50.3,48.41,24905.0,123735623.2,3.88,3.19,1.55,3.19
2024-04-25,50.13,50.5,51.27,50.02,19713.0,100016619.63,2.49,0.6,0.3,2.53
2024-04-26,50.45,50.96,51.68,50.34,25692.0,131421295.38,2.65,0.91,0.46,3.29
2024-04-29,50.9,53.24,53.75,50.72,27532.0,145119211.92,5.95,4.47,2.28,3.53
2024-04-30,53.24,52.65,53.49,51.73,23760.0,124557715.75,3.31,-1.11,-0.59,3.05
2024-05-06,53.28,53.64,54.13,53.0,22941.0,123106705.75,2.15,1.88,0.99,2.94
2024-05-07,41.22,43.65,45.22,40.56,95705.0,416948473.82,8.69,-18.62,-9.99,9.44
2024-05-08,43.82,42.99,45.02,42.74,86702.0,379861038.74,5.22,-1.51,-0.66,8.55
2024-05-09,42.89,42.99,43.35,42.53,45501.0,195453120.48,1.91,0.0,0.0,4.49
2024-05-10,43.0,41.52,43.19,41.4,42166.0,177179946.26,4.16,-3.42,-1.47,4.16
2024-05-13,41.39,39.88,41.39,39.71,36628.0,147042000.92,4.05,-3.95,-1.64,3.61
2024-05-14,40.21,39.4,40.67,39.3,23296.0,92851117.36,3.44,-1.2,-0.48,2.3
2024-05-15,39.3,39.15,40.37,38.5,23576.0,93265701.78,4.75,-0.63,-0.25,2.33
2024-05-16,39.15,38.86,39.99,38.7,21614.0,84830569.56,3.3,-0.74,-0.29,2.13
2024-05-17,39.0,39.42,39.71,38.26,26936.0,105308238.36,3.73,1.44,0.56,2.66
2024-05-20,39.35,41.35,41.56,38.87,55785.0,226988744.28,6.82,4.9,1.93,5.5
2024-05-21,41.38,41.0,42.14,39.95,54389.0,221714994.74,5.3,-0.85,-0.35,5.36
2024-05-22,40.74,41.42,42.0,40.02,42326.0,174264600.82,4.83,1.02,0.42,4.17
2024-05-23,41.39,40.29,41.49,40.21,30203.0,123097504.0,3.09,-2.73,-1.13,2.98
2024-05-24,40.12,38.76,40.29,38.71,28992.0,114089176.68,3.92,-3.8,-1.53,2.86
2024-05-27,38.77,38.9,38.9,37.08,31801.0,120100648.9,4.7,0.36,0.14,3.14
2024-05-28,38.91,39.81,40.87,38.2,38849.0,155180696.43,6.86,2.34,0.91,3.83
2024-05-29,41.38,39.18,42.38,39.0,45408.0,183796436.94,8.49,-1.58,-0.63,4.48
2024-05-30,38.5,40.61,41.43,38.02,66542.0,267397891.64,8.7,3.65,1.43,6.56
2024-05-31,40.55,41.84,42.5,40.21,72845.0,302539759.86,5.64,3.03,1.23,7.18
2024-06-03,42.0,41.9,43.41,41.67,86366.0,366300185.52,4.16,0.14,0.06,8.52
2024-06-04,41.48,41.2,42.58,40.75,54350.0,224563989.3,4.37,-1.67,-0.7,5.36
2024-06-05,41.0,41.45,43.33,40.85,77264.0,327005064.14,6.02,0.61,0.25,7.62
2024-06-06,41.2,39.11,41.68,39.0,64956.0,260883269.35,6.47,-5.65,-2.34,6.41
2024-06-07,39.25,38.6,39.8,38.3,35077.0,136476521.37,3.84,-1.3,-0.51,3.46
2024-06-11,38.58,41.1,41.43,37.47,57188.0,228448230.55,10.26,6.48,2.5,5.64
2024-06-12,40.89,40.71,41.57,40.55,29311.0,120016392.56,2.48,-0.95,-0.39,2.89
2024-06-13,40.58,41.03,41.8,40.2,45740.0,187978737.94,3.93,0.79,0.32,4.51
2024-06-14,40.6,40.19,40.9,39.75,30960.0,124160434.12,2.8,-2.05,-0.84,3.05
2024-06-17,39.92,40.2,40.85,39.67,26978.0,108892735.06,2.94,0.02,0.01,2.66
2024-06-18,40.55,41.92,42.35,40.22,59684.0,247984836.24,5.3,4.28,1.72,5.89
2024-06-19,41.69,40.75,42.17,40.6,47642.0,196337365.13,3.75,-2.79,-1.17,4.7
2024-06-20,40.16,39.19,41.26,39.19,50577.0,202928161.58,5.08,-3.83,-1.56,4.99
2024-06-21,39.0,38.95,39.5,38.13,28559.0,110740722.04,3.5,-0.61,-0.24,2.82
2024-06-24,39.34,37.22,39.71,37.1,38589.0,147478826.78,6.7,-4.44,-1.73,3.81
2024-06-25,37.24,35.86,37.6,35.35,35160.0,127402129.62,6.05,-3.65,-1.36,3.47
2024-06-26,36.1,37.48,37.49,35.15,34227.0,125030913.7,6.53,4.52,1.62,3.38
2024-06-27,37.13,36.46,37.57,36.42,21815.0,80657534.26,3.07,-2.72,-1.02,2.15
2024-06-28,36.23,36.72,37.62,36.2,29442.0,109065922.01,3.89,0.71,0.26,2.9
2024-07-01,36.73,35.4,36.8,34.83,35245.0,124948627.04,5.36,-3.59,-1.32,3.48
2024-07-02,35.26,34.63,35.45,34.57,24406.0,85197484.84,2.49,-2.18,-0.77,2.41
2024-07-03,34.71,34.21,34.87,33.78,22120.0,75846882.86,3.15,-1.21,-0.42,2.18
2024-07-04,34.2,32.85,34.39,32.68,28360.0,94541332.36,5.0,-3.98,-1.36,2.8
2024-07-05,32.78,32.18,32.78,31.99,24854.0,80229510.62,2.4,-2.04,-0.67,2.45
2024-07-08,32.5,31.16,32.53,31.0,22238.0,70021546.86,4.75,-3.17,-1.02,2.19
2024-07-09,31.25,31.66,31.9,30.6,33119.0,103774529.06,4.17,1.6,0.5,3.27
2024-07-10,31.66,31.31,32.08,30.97,26033.0,82306299.0,3.51,-1.11,-0.35,2.57
2024-07-11,31.5,30.7,31.75,30.5,47267.0,146095329.56,3.99,-1.95,-0.61,4.66
2024-07-12,30.9,30.06,30.9,30.03,28680.0,86552832.14,2.83,-2.08,-0.64,2.83
2024-07-15,30.4,30.38,31.75,30.06,46060.0,141738130.62,5.62,1.06,0.32,4.54
2024-07-16,29.89,30.24,30.36,29.67,36114.0,108186719.19,2.27,-0.46,-0.14,3.56
2024-07-17,30.3,29.57,30.39,29.53,25193.0,75018239.18,2.84,-2.22,-0.67,2.48
2024-07-18,29.31,29.77,30.13,28.67,30536.0,89390822.44,4.94,0.68,0.2,3.01
2024-07-19,29.87,31.66,32.38,29.5,60981.0,190788758.57,9.67,6.35,1.89,6.01
2024-07-22,31.46,32.83,33.38,31.43,54130.0,176683317.84,6.16,3.7,1.17,5.34
2024-07-23,32.52,31.65,32.95,31.6,33224.0,107241588.74,4.11,-3.59,-1.18,3.28
2024-07-24,31.54,31.66,32.61,31.32,37186.0,118524065.28,4.08,0.03,0.01,3.67
2024-07-25,31.66,32.45,32.8,31.49,46962.0,151670155.02,4.14,2.5,0.79,4.63
2024-07-26,32.55,34.42,35.05,32.3,87983.0,297549021.43,8.47,6.07,1.97,8.68
2024-07-29,35.04,34.76,36.02,34.51,77489.0,271725026.88,4.39,0.99,0.34,7.64
2024-07-30,34.56,35.02,35.81,34.0,68562.0,239417450.04,5.21,0.75,0.26,6.76
2024-07-31,34.7,35.82,35.85,34.4,73559.0,258997566.71,4.14,2.28,0.8,7.25
2024-08-01,35.5,37.05,37.15,35.5,71803.0,262949898.07,4.61,3.43,1.23,7.08
2024-08-02,36.31,35.43,37.2,35.43,65899.0,238642200.66,4.78,-4.37,-1.62,6.5
2024-08-05,35.09,34.08,36.2,34.0,53698.0,187925422.88,6.21,-3.81,-1.35,5.3
2024-08-06,34.43,34.6,35.32,34.05,40278.0,139729065.3,3.73,1.53,0.52,3.97
2024-08-07,34.68,38.06,38.06,34.68,160957.0,602236200.33,9.77,10.0,3.46,15.87
2024-08-08,38.06,34.78,38.3,34.66,153194.0,551758507.23,9.56,-8.62,-3.28,15.11
2024-08-09,34.9,33.7,36.09,33.7,86638.0,301368034.79,6.87,-3.11,-1.08,8.54
2024-08-12,32.83,32.59,33.13,32.05,55198.0,179762555.08,3.2,-3.29,-1.11,5.44
2024-08-13,32.58,32.77,33.25,32.2,34488.0,112631633.0,3.22,0.55,0.18,3.4
2024-08-14,32.88,32.15,32.99,32.15,24475.0,79547767.26,2.56,-1.89,-0.62,2.41
2024-08-15,31.9,31.95,32.75,31.4,36699.0,117655794.48,4.2,-0.62,-0.2,3.62
2024-08-16,32.88,31.41,32.9,31.36,35003.0,111625736.59,4.82,-1.69,-0.54,3.45
2024-08-19,31.03,31.4,31.57,30.81,26279.0,82232338.3,2.42,-0.03,-0.01,2.59
2024-08-20,31.4,30.81,31.96,30.74,25179.0,78469752.55,3.89,-1.88,-0.59,2.48
2024-08-21,30.62,30.61,31.18,30.46,18208.0,55942056.81,2.34,-0.65,-0.2,1.8
2024-08-22,30.59,30.26,31.47,30.21,30515.0,93856957.82,4.12,-1.14,-0.35,3.01
2024-08-23,30.08,29.68,30.42,29.68,24001.0,71756327.25,2.45,-1.92,-0.58,2.37
2024-08-26,29.84,29.52,30.1,29.44,20846.0,61976345.76,2.22,-0.54,-0.16,2.06
2024-08-27,29.36,28.91,29.79,28.86,18065.0,52503290.25,3.15,-2.07,-0.61,1.78
2024-08-28,28.69,28.6,29.05,28.5,16388.0,47074853.45,1.9,-1.07,-0.31,1.62
2024-08-29,28.51,29.42,29.69,28.4,26481.0,77168390.18,4.51,2.87,0.82,2.61
2024-08-30,29.4,29.97,30.4,29.24,37896.0,113739610.46,3.94,1.87,0.55,3.74
2024-09-02,30.0,28.65,30.0,28.61,27732.0,81200433.74,4.64,-4.4,-1.32,2.74
2024-09-03,28.61,28.99,29.04,28.4,23487.0,67558513.06,2.23,1.19,0.34,2.32
2024-09-04,28.66,29.46,29.79,28.6,28220.0,82772011.12,4.1,1.62,0.47,2.78
2024-09-05,29.4,29.52,30.14,29.28,24039.0,71261022.37,2.92,0.2,0.06,2.37
2024-09-06,29.55,28.54,29.68,28.51,23883.0,69096855.4,3.96,-3.32,-0.98,2.36
2024-09-09,28.51,27.95,28.66,27.75,22846.0,64250252.08,3.19,-2.07,-0.59,2.25
2024-09-10,27.9,28.35,28.55,27.51,22166.0,62112084.22,3.72,1.43,0.4,2.19
2024-09-11,28.23,28.06,28.38,27.86,15297.0,42958605.88,1.83,-1.02,-0.29,1.51
2024-09-12,28.2,27.78,28.48,27.72,18690.0,52592469.98,2.71,-1.0,-0.28,1.84
2024-09-13,27.78,27.01,28.09,27.01,18156.0,49648281.1,3.89,-2.77,-0.77,1.79
2024-09-18,27.28,26.87,27.49,26.47,14989.0,40165147.42,3.78,-0.52,-0.14,1.48
2024-09-19,27.11,27.55,27.81,26.82,19625.0,53759337.22,3.68,2.53,0.68,1.94
2024-09-20,27.55,27.51,27.88,27.2,18342.0,50409766.94,2.47,-0.15,-0.04,1.81
2024-09-23,27.45,27.8,28.32,27.15,26229.0,73155194.24,4.25,1.05,0.29,2.59
2024-09-24,27.9,28.54,28.55,27.24,36247.0,101733578.47,4.71,2.66,0.74,3.57
2024-09-25,28.84,28.89,29.4,28.7,36771.0,106780634.02,2.45,1.23,0.35,3.63
2024-09-26,28.88,29.78,29.78,28.63,41115.0,120191284.47,3.98,3.08,0.89,4.06
2024-09-27,30.45,32.33,32.59,30.37,60957.0,191711158.72,7.45,8.56,2.55,6.01
2024-09-30,34.0,35.56,35.56,33.33,85752.0,299156628.06,6.9,9.99,3.23,8.46
2024-10-08,39.12,39.12,39.12,37.8,95896.0,373005721.08,3.71,10.01,3.56,9.46
2024-10-09,39.12,38.79,41.94,37.22,126453.0,501708062.69,12.07,-0.84,-0.33,12.47
2024-10-10,39.3,37.16,39.84,36.87,73583.0,279764666.92,7.66,-4.2,-1.63,7.26
2024-10-11,36.3,34.36,36.98,33.99,51401.0,180628296.64,8.05,-7.53,-2.8,5.07
2024-10-14,34.88,37.2,37.66,34.78,76155.0,276069095.69,8.38,8.27,2.84,7.51
2024-10-15,37.1,36.55,38.22,36.27,57095.0,213343939.04,5.24,-1.75,-0.65,5.63
2024-10-16,36.0,36.11,36.8,35.56,33597.0,121522897.5,3.39,-1.2,-0.44,3.31
2024-10-17,36.6,37.08,38.36,36.27,68519.0,255647813.7,5.79,2.69,0.97,6.76
2024-10-18,37.12,39.59,40.45,36.48,95379.0,369207571.71,10.71,6.77,2.51,9.41
2024-10-21,40.09,40.31,41.69,39.88,102444.0,416289298.5,4.57,1.82,0.72,10.1
2024-10-22,39.88,40.98,41.82,39.06,103762.0,422771577.69,6.85,1.66,0.67,10.23
2024-10-23,40.48,42.65,45.0,40.18,138374.0,602502798.53,11.76,4.08,1.67,13.65
2024-10-24,42.71,40.23,42.71,40.02,86082.0,351241692.34,6.31,-5.67,-2.42,8.49
2024-10-25,40.27,40.95,41.32,40.25,56184.0,229281107.52,2.66,1.79,0.72,5.54
2024-10-28,40.95,41.48,42.17,40.76,51223.0,211679932.38,3.44,1.29,0.53,5.05
2024-10-29,41.75,43.29,45.49,41.3,125280.0,547404786.0,10.1,4.36,1.81,12.36
2024-10-30,43.4,42.47,43.5,41.93,57869.0,246465259.38,3.63,-1.89,-0.82,5.71
2024-10-31,42.32,43.73,44.36,41.38,64031.0,275300352.8,7.02,2.97,1.26,6.32
2024-11-01,43.3,40.42,43.72,40.2,71552.0,296833576.43,8.05,-7.57,-3.31,7.06
2024-11-04,40.4,44.46,44.46,40.25,80364.0,345541681.7,10.42,10.0,4.04,7.93
2024-11-05,44.47,46.26,47.52,44.47,115900.0,533263945.32,6.86,4.05,1.8,11.43
2024-11-06,46.88,48.89,49.92,45.35,146787.0,703092578.62,9.88,5.69,2.63,14.48
2024-11-07,48.01,48.9,51.25,47.45,92452.0,452186480.94,7.77,0.02,0.01,9.12
2024-11-08,48.9,51.92,53.7,48.9,120386.0,627090751.41,9.82,6.18,3.02,11.87
2024-11-11,54.28,51.93,54.78,50.9,111824.0,584781791.16,7.47,0.02,0.01,11.03
2024-11-12,51.7,49.43,52.29,48.89,92183.0,464883207.58,6.55,-4.81,-2.5,9.09
2024-11-13,48.95,49.22,50.15,47.56,54561.0,266219571.46,5.24,-0.42,-0.21,5.38
2024-11-14,49.9,47.76,49.98,47.51,46730.0,226055075.66,5.02,-2.97,-1.46,4.61
2024-11-15,47.5,44.44,47.98,44.41,78586.0,359031384.26,7.47,-6.95,-3.32,7.75
2024-11-18,44.4,43.8,45.23,42.2,50338.0,220261543.69,6.82,-1.44,-0.64,4.96
2024-11-19,43.8,45.48,45.8,43.8,44960.0,201265391.41,4.57,3.84,1.68,4.43
2024-11-20,45.2,46.4,46.91,44.98,46136.0,213111376.56,4.24,2.02,0.92,4.55
2024-11-21,46.53,45.66,47.53,45.25,37256.0,171792247.16,4.91,-1.59,-0.74,3.67
2024-11-22,45.28,43.87,46.56,43.66,41567.0,188079030.31,6.35,-3.92,-1.79,4.1
2024-11-25,43.6,42.9,44.32,42.15,36170.0,155606037.26,4.95,-2.21,-0.97,3.57
2024-11-26,42.91,42.79,44.2,42.5,26837.0,116238749.44,3.96,-0.26,-0.11,2.65
2024-11-27,43.4,47.07,47.07,42.03,72900.0,328782297.56,11.78,10.0,4.28,7.19
2024-11-28,47.81,47.92,49.5,47.4,112213.0,544904168.74,4.46,1.81,0.85,11.07
2024-11-29,48.11,48.4,48.99,46.69,71403.0,342636478.61,4.8,1.0,0.48,7.04
2024-12-02,47.7,48.97,49.88,47.61,68069.0,332894822.85,4.69,1.18,0.57,6.71
2024-12-03,48.8,47.1,49.65,46.48,50347.0,239286203.9,6.47,-3.82,-1.87,4.97
2024-12-04,47.5,45.95,47.86,45.68,40813.0,189949880.58,4.63,-2.44,-1.15,4.03
2024-12-05,45.67,46.32,46.88,45.18,35166.0,161670549.98,3.7,0.81,0.37,3.47
2024-12-06,46.59,45.71,46.6,44.86,38994.0,177669555.01,3.76,-1.32,-0.61,3.85
2024-12-09,45.55,44.9,45.6,44.67,27979.0,125914227.71,2.03,-1.77,-0.81,2.76
2024-12-10,47.07,46.39,47.21,45.1,69129.0,318524691.05,4.7,3.32,1.49,6.82
2024-12-11,46.1,46.19,46.6,45.45,33864.0,155984069.0,2.48,-0.43,-0.2,3.34
2024-12-12,46.48,46.33,46.94,45.11,35953.0,165568823.4,3.96,0.3,0.14,3.55
2024-12-13,45.73,44.38,45.93,44.33,46880.0,210590537.8,3.45,-4.21,-1.95,4.62
2024-12-16,44.38,42.99,44.71,42.68,37457.0,162284595.76,4.57,-3.13,-1.39,3.69
2024-12-17,43.01,41.52,43.65,41.44,40583.0,172303979.21,5.14,-3.42,-1.47,4.0
2024-12-18,41.88,41.99,42.82,41.15,40210.0,168148977.47,4.02,1.13,0.47,3.97
2024-12-19,41.29,41.9,42.14,40.8,34755.0,143839026.79,3.19,-0.21,-0.09,3.43
2024-12-20,41.9,42.46,43.21,41.51,35304.0,150355622.5,4.06,1.34,0.56,3.48
2024-12-23,42.0,40.94,42.38,40.83,30248.0,125520916.99,3.65,-3.58,-1.52,2.98
2024-12-24,40.9,40.6,41.39,39.88,36729.0,148667043.19,3.69,-0.83,-0.34,3.62
2024-12-25,40.6,39.58,40.86,39.15,43185.0,172237281.9,4.21,-2.51,-1.02,4.26
2024-12-26,39.57,40.3,40.45,39.0,28318.0,113720193.75,3.66,1.82,0.72,2.79
2024-12-27,41.3,40.27,41.48,40.06,26981.0,109567089.3,3.52,-0.07,-0.03,2.66
2024-12-30,40.0,39.66,40.48,39.37,23294.0,92814543.12,2.76,-1.51,-0.61,2.3
2024-12-31,39.66,38.1,39.86,38.08,34034.0,131365228.02,4.49,-3.93,-1.56,3.36
2025-01-02,38.0,36.72,38.24,36.29,32866.0,122793025.22,5.12,-3.62,-1.38,3.24
2025-01-03,36.99,34.81,37.33,34.61,46316.0,164354891.68,7.41,-5.2,-1.91,4.57
2025-01-06,34.81,34.37,34.95,34.05,27765.0,95870007.1,2.59,-1.26,-0.44,2.74
2025-01-07,34.42,34.96,35.15,34.39,23665.0,82210790.55,2.21,1.72,0.59,2.33
2025-01-08,35.05,34.41,35.05,33.19,30504.0,103899753.48,5.32,-1.57,-0.55,3.01
2025-01-09,34.12,34.49,34.94,33.97,23459.0,81094104.58,2.82,0.23,0.08,2.31
2025-01-10,34.52,34.0,35.6,34.0,27538.0,95777488.8,4.64,-1.42,-0.49,2.72
2025-01-13,33.2,34.67,35.1,32.9,24523.0,83760977.26,6.47,1.97,0.67,2.42
2025-01-14,34.82,36.35,36.39,34.4,31271.0,111317026.09,5.74,4.85,1.68,3.08
2025-01-15,36.45,35.47,36.45,35.36,25274.0,90159344.59,3.0,-2.42,-0.88,2.49
2025-01-16,35.58,35.6,36.22,34.95,22183.0,78845185.9,3.58,0.37,0.13,2.19
2025-01-17,35.31,35.87,36.28,35.13,21476.0,76778006.47,3.23,0.76,0.27,2.12
2025-01-20,32.28,32.28,32.28,32.28,10446.0,33719688.0,0.0,-10.01,-3.59,1.03
2025-01-21,29.05,29.05,29.05,29.05,7429.0,21581245.0,0.0,-10.01,-3.23,0.73
2025-01-22,26.15,26.15,26.15,26.15,25703.0,67213345.0,0.0,-9.98,-2.9,2.54
2025-01-23,26.0,27.41,28.0,26.0,195517.0,525395116.58,7.65,4.82,1.26,19.28
2025-01-24,26.03,26.33,26.95,25.83,123224.0,323723982.52,4.09,-3.94,-1.08,12.15
2025-01-27,26.33,27.15,27.8,26.33,98621.0,267424414.43,5.58,3.11,0.82,9.73
2025-02-05,27.69,28.14,28.86,27.43,82947.0,234059143.23,5.27,3.65,0.99,8.18
2025-02-06,28.15,28.49,28.7,27.75,68992.0,195385401.96,3.38,1.24,0.35,6.8
2025-02-07,28.41,28.55,28.88,28.06,73814.0,210702778.6,2.88,0.21,0.06,7.28
2025-02-10,28.62,30.52,30.67,28.62,112563.0,336718795.67,7.18,6.9,1.97,11.1
2025-02-11,30.89,30.93,31.31,29.87,92396.0,283044148.66,4.72,1.34,0.41,9.11
2025-02-12,30.8,31.0,31.14,30.18,71094.0,217963203.63,3.1,0.23,0.07,7.01
2025-02-13,30.9,30.3,31.07,30.2,52924.0,161724591.76,2.81,-2.26,-0.7,5.22
2025-02-14,30.0,29.7,30.27,29.28,62512.0,185518823.23,3.27,-1.98,-0.6,6.17
2025-02-17,29.5,30.0,30.28,29.5,50121.0,149923922.19,2.63,1.01,0.3,4.94
2025-02-18,30.0,29.17,30.78,29.0,57772.0,171733531.92,5.93,-2.77,-0.83,5.7
2025-02-19,29.17,30.04,30.18,29.05,50541.0,150697621.52,3.87,2.98,0.87,4.98
2025-02-20,30.04,30.62,30.63,29.71,52901.0,159889296.28,3.06,1.93,0.58,5.22
2025-02-21,30.62,31.21,31.23,30.38,63620.0,196969883.04,2.78,1.93,0.59,6.27
2025-02-24,31.21,31.89,32.22,30.68,67142.0,212137387.08,4.93,2.18,0.68,6.62
2025-02-25,31.58,32.47,32.8,31.2,66461.0,214447764.5,5.02,1.82,0.58,6.55
2025-02-26,32.33,32.72,32.94,31.9,61357.0,198842698.61,3.2,0.77,0.25,6.05
2025-02-27,32.7,32.08,32.76,31.42,54234.0,173965818.87,4.1,-1.96,-0.64,5.35
2025-02-28,31.89,30.53,32.03,30.33,51016.0,158538543.45,5.3,-4.83,-1.55,5.03
2025-03-03,30.53,30.06,30.99,29.85,42084.0,128260662.98,3.73,-1.54,-0.47,4.15
2025-03-04,29.87,31.74,31.89,29.71,62030.0,193504890.96,7.25,5.59,1.68,6.12
2025-03-05,31.6,32.14,32.45,31.42,53853.0,172086274.81,3.25,1.26,0.4,5.31
2025-03-06,32.26,32.22,32.68,31.97,51966.0,167836309.34,2.21,0.25,0.08,5.13
2025-03-07,32.22,32.17,33.0,31.74,53732.0,173958957.84,3.91,-0.16,-0.05,5.3
2025-03-10,32.23,33.48,34.98,32.22,93278.0,315055180.42,8.58,4.07,1.31,9.2
2025-03-11,32.82,35.39,35.8,32.61,113395.0,395785543.2,9.53,5.7,1.91,11.18
2025-03-12,35.5,34.86,35.95,34.6,70610.0,248088385.34,3.81,-1.5,-0.53,6.96
2025-03-13,34.85,34.25,35.25,33.7,53253.0,182053382.59,4.45,-1.75,-0.61,5.25
2025-03-14,34.18,34.45,34.5,33.47,48069.0,163928215.26,3.01,0.58,0.2,4.74
2025-03-17,34.43,33.88,34.66,33.78,39857.0,135372996.18,2.55,-1.65,-0.57,3.93
2025-03-18,33.94,33.3,34.2,33.03,42167.0,141353751.96,3.45,-1.71,-0.58,4.16
2025-03-19,33.3,32.7,33.3,32.47,32430.0,106413002.59,2.49,-1.8,-0.6,3.2
2025-03-20,32.68,32.16,32.8,32.03,33321.0,107876962.24,2.35,-1.65,-0.54,3.29
2025-03-21,31.93,31.71,32.75,31.48,38271.0,122352085.94,3.95,-1.4,-0.45,3.77
2025-03-24,31.49,29.86,31.71,29.0,64730.0,194824702.38,8.55,-5.83,-1.85,6.38
2025-03-25,29.83,30.5,31.34,29.51,49193.0,150920880.3,6.13,2.14,0.64,4.85
2025-03-26,30.28,30.42,30.89,29.9,31700.0,96417982.9,3.25,-0.26,-0.08,3.13
2025-03-27,30.3,29.96,30.5,29.37,30365.0,90795173.02,3.71,-1.51,-0.46,2.99
2025-03-28,29.95,28.97,30.16,28.92,35387.0,103920778.6,4.14,-3.3,-0.99,3.49
2025-03-31,28.98,28.6,29.05,28.2,28417.0,81128881.88,2.93,-1.28,-0.37,2.8
2025-04-01,28.99,30.05,30.66,28.91,57256.0,171889134.54,6.12,5.07,1.45,5.65
2025-04-02,29.81,29.84,30.29,29.58,27821.0,83261613.33,2.36,-0.7,-0.21,2.74
2025-04-03,29.34,29.41,30.23,29.18,24962.0,73818507.2,3.52,-1.44,-0.43,2.46
2025-04-07,28.09,26.47,28.84,26.47,43325.0,117371706.62,8.06,-10.0,-2.94,4.27
2025-04-08,25.93,27.19,27.56,25.89,40832.0,108613566.13,6.31,2.72,0.72,4.03
2025-04-09,29.91,29.91,29.91,29.32,44369.0,132573549.3,2.17,10.0,2.72,4.38
2025-04-10,32.83,32.9,32.9,32.1,40396.0,132592042.28,2.67,10.0,2.99,3.98
2025-04-11,33.33,34.37,36.19,32.32,177771.0,600048958.93,11.76,4.47,1.47,17.53
2025-04-14,33.12,32.73,33.72,32.65,109864.0,363644700.08,3.11,-4.77,-1.64,10.84
2025-04-15,32.8,33.23,33.8,32.51,80426.0,266221510.35,3.94,1.53,0.5,7.93
2025-04-16,32.65,31.74,32.98,31.2,69770.0,223566904.12,5.36,-4.48,-1.49,6.88
2025-04-17,31.5,31.67,32.55,31.36,47060.0,150684455.32,3.75,-0.22,-0.07,4.64
2025-04-18,31.5,30.96,31.94,30.65,42727.0,133013189.86,4.07,-2.24,-0.71,4.21
2025-04-21,30.03,31.05,31.49,29.51,67574.0,206880578.4,6.4,0.29,0.09,6.66
2025-04-22,31.0,32.76,33.33,30.56,113298.0,362531985.16,8.92,5.51,1.71,11.17
2025-04-24,32.77,33.66,34.35,32.0,163954.0,542714895.02,7.17,2.75,0.9,16.17
2025-04-25,33.66,32.72,34.2,32.61,74963.0,249753606.69,4.72,-2.79,-0.94,7.39
2025-04-28,33.2,34.36,34.36,32.93,71106.0,242442667.88,4.37,5.01,1.64,7.01
2025-04-29,34.3,34.36,35.36,33.94,65178.0,224997122.73,4.13,0.0,0.0,6.43
2025-04-30,34.2,33.71,34.6,33.4,60642.0,206359051.52,3.49,-1.89,-0.65,5.98
2025-05-06,33.8,35.26,35.4,33.8,72967.0,253530049.16,4.75,4.6,1.55,7.2
2025-05-07,35.67,36.19,37.02,35.31,97855.0,355079350.52,4.85,2.64,0.93,9.65
2025-05-08,36.0,37.33,37.46,35.81,68082.0,250574043.89,4.56,3.15,1.14,6.71
2025-05-09,38.0,37.08,38.41,36.52,74233.0,277456809.14,5.06,-0.67,-0.25,7.32
2025-05-12,37.0,38.71,38.93,36.5,85117.0,327357899.29,6.55,4.4,1.63,8.39
2025-05-13,38.5,37.41,38.62,37.38,64230.0,243212763.89,3.2,-3.36,-1.3,6.33
2025-05-14,37.24,36.35,37.87,36.27,54131.0,198995457.66,4.28,-2.83,-1.06,5.34
2025-05-15,36.51,36.34,37.17,36.21,40141.0,147191793.66,2.64,-0.03,-0.01,3.96
2025-05-16,36.08,36.73,37.09,36.08,32031.0,117702368.41,2.78,1.07,0.39,3.16
2025-05-19,37.08,37.45,37.8,36.88,39040.0,145867435.02,2.5,1.96,0.72,3.85
2025-05-20,37.28,36.4,37.47,36.4,41965.0,154876955.42,2.86,-2.8,-1.05,4.14
2025-05-21,36.38,36.06,37.0,35.9,37480.0,136434252.69,3.02,-0.93,-0.34,3.7
2025-05-22,35.95,35.88,36.68,35.53,34129.0,123178792.62,3.19,-0.5,-0.18,3.37
2025-05-23,36.47,35.46,36.48,35.39,31065.0,111754564.92,3.04,-1.17,-0.42,3.06
2025-05-26,35.3,35.36,35.53,34.8,36433.0,127957668.86,2.06,-0.28,-0.1,3.59
2025-05-27,35.37,35.6,35.73,34.86,25949.0,91508763.04,2.46,0.68,0.24,2.56
2025-05-28,35.4,34.3,35.62,34.3,44412.0,154553694.98,3.71,-3.65,-1.3,4.38
2025-05-29,34.35,34.79,34.94,34.21,29681.0,102842474.46,2.13,1.43,0.49,2.93
2025-05-30,34.62,34.81,35.07,34.28,24412.0,84721993.24,2.27,0.06,0.02,2.41
2025-06-03,34.81,36.45,36.55,34.81,73429.0,266723768.31,5.0,4.71,1.64,7.24
2025-06-04,36.0,35.89,36.23,35.75,32535.0,116901995.76,1.32,-1.54,-0.56,3.21
2025-06-05,35.9,35.79,36.46,35.71,30321.0,109284326.08,2.09,-0.28,-0.1,2.99
2025-06-06,36.09,35.52,36.42,35.46,28107.0,100879513.96,2.68,-0.75,-0.27,1.38
2025-06-09,35.66,36.12,36.38,35.66,28194.0,101608588.26,2.03,1.69,0.6,1.39
2025-06-10,36.57,35.68,36.59,35.52,32810.0,118128793.38,2.96,-1.22,-0.44,1.61
2025-06-11,35.75,35.0,35.82,35.0,28833.0,102020172.44,2.3,-1.91,-0.68,1.42
2025-06-12,34.9,34.62,35.25,34.6,27685.0,96608248.38,1.86,-1.09,-0.38,1.36
2025-06-13,34.8,34.78,35.19,34.46,26955.0,93842161.41,2.11,0.46,0.16,1.32
2025-06-16,34.97,35.07,35.17,34.66,15702.0,54874706.71,1.47,0.83,0.29,0.77
2025-06-17,35.07,34.2,35.14,34.15,30049.0,103669388.72,2.82,-2.48,-0.87,1.48
2025-06-18,34.2,34.68,34.88,34.0,22248.0,76517047.94,2.57,1.4,0.48,1.09
2025-06-19,34.64,34.53,34.98,34.15,17293.0,59729898.3,2.39,-0.43,-0.15,0.85
2025-06-20,34.54,34.03,34.54,34.02,14911.0,50947931.87,1.51,-1.45,-0.5,0.73
2025-06-23,34.02,34.96,35.26,33.93,22323.0,77627606.35,3.91,2.73,0.93,1.1
2025-06-24,35.09,35.37,35.5,34.81,19349.0,68133434.98,1.97,1.17,0.41,0.95
2025-06-25,35.44,36.12,36.24,35.41,27049.0,97257098.81,2.35,2.12,0.75,1.33
2025-06-26,36.2,36.02,36.68,35.98,25342.0,91903329.36,1.94,-0.28,-0.1,1.25
2025-06-27,36.02,36.11,36.38,35.79,22855.0,82603686.64,1.64,0.25,0.09,1.12
2025-06-30,36.59,37.92,37.92,36.58,33239.0,125453157.0,3.71,5.01,1.81,1.63
2025-07-01,39.43,38.81,39.72,38.35,68404.0,267082776.82,3.61,2.35,0.89,3.36
2025-07-02,38.99,38.66,39.5,38.01,39903.0,154784742.88,3.84,-0.39,-0.15,1.96
2025-07-03,39.36,39.81,40.53,39.03,49523.0,197373194.36,3.88,2.97,1.15,2.43
2025-07-04,39.58,39.23,40.61,39.11,43129.0,172193575.6,3.77,-1.46,-0.58,2.12
2025-07-07,39.31,40.2,40.4,39.03,40193.0,160329673.97,3.49,2.47,0.97,1.98
2025-07-08,40.2,42.21,42.21,40.2,38880.0,161584725.29,5.0,5.0,2.01,1.91
2025-07-09,43.0,41.86,43.08,41.3,49645.0,207473110.32,4.22,-0.83,-0.35,2.44
2025-07-10,40.0,39.77,40.43,39.77,58972.0,235428950.92,1.58,-4.99,-2.09,2.9
2025-07-11,39.65,39.02,39.85,38.73,54603.0,214584690.83,2.82,-1.89,-0.75,2.68
2025-07-14,39.28,39.73,39.83,39.12,25607.0,101331670.62,1.82,1.82,0.71,1.26
2025-07-15,39.9,39.9,40.5,39.46,35320.0,141359337.03,2.62,0.43,0.17,1.74
2025-07-16,40.0,39.6,40.08,39.45,23149.0,91949547.18,1.58,-0.75,-0.3,1.14
2025-07-17,39.39,39.88,40.06,39.09,28103.0,111223698.83,2.45,0.71,0.28,1.38
2025-07-18,39.88,39.42,40.04,39.14,25086.0,99075548.84,2.26,-1.15,-0.46,1.23
2025-07-21,39.3,39.09,39.68,38.82,33408.0,130653499.4,2.18,-0.84,-0.33,1.64
2025-07-22,38.95,38.43,39.27,38.37,36420.0,141152757.0,2.3,-1.69,-0.66,1.79
2025-07-23,38.26,38.33,39.02,38.11,25636.0,98889237.69,2.37,-0.26,-0.1,1.26
2025-07-24,38.32,39.14,39.47,38.31,30985.0,121260646.91,3.03,2.11,0.81,1.52
2025-07-25,39.18,39.28,39.66,38.93,29507.0,115590464.9,1.87,0.36,0.14,1.45
2025-07-28,39.32,39.92,40.05,39.32,29276.0,116570215.3,1.86,1.63,0.64,1.44
2025-07-29,40.0,39.99,40.11,39.54,23726.0,94463211.52,1.43,0.18,0.07,1.17
2025-07-30,40.09,39.22,40.6,39.1,32454.0,129115315.94,3.75,-1.93,-0.77,1.59
2025-07-31,39.27,39.99,40.93,39.25,44675.0,179321998.34,4.28,1.96,0.77,2.2
2025-08-01,40.14,40.2,40.78,39.83,27210.0,109344508.0,2.38,0.53,0.21,1.34
2025-08-04,39.91,41.56,41.73,39.91,33881.0,139646172.0,4.53,3.38,1.36,1.66
