股票代码,名称,上市日期,上市状态,终止/暂停上市日期
sz000001,平安银行,1991-04-03,正常交易,
sz000002,万  科Ａ,1991-01-29,正常交易,
sz000004,*ST国华,1990-12-01,正常交易,
sz000006,深振业Ａ,1992-04-27,正常交易,
sz000007,全新好,1992-04-13,正常交易,
sz000008,神州高铁,1992-05-07,正常交易,
sz000009,中国宝安,1991-06-25,正常交易,
sz000010,美丽生态,1995-10-27,正常交易,
sz000011,深物业A,1992-03-30,正常交易,
sz000012,南  玻Ａ,1992-02-28,正常交易,
sz000014,沙河股份,1992-06-02,正常交易,
sz000016,深康佳Ａ,1992-03-27,正常交易,
sz000017,深中华A,1992-03-31,正常交易,
sz000019,深粮控股,1992-10-12,正常交易,
sz000020,深华发Ａ,1992-04-28,正常交易,
sz000021,深科技,1994-02-02,正常交易,
sz000025,特  力Ａ,1993-06-21,正常交易,
sz000026,飞亚达,1993-06-03,正常交易,
sz000027,深圳能源,1993-09-03,正常交易,
sz000028,国药一致,1993-08-09,正常交易,
sz000029,深深房Ａ,1993-09-15,正常交易,
sz000030,富奥股份,1993-09-29,正常交易,
sz000031,大悦城,1993-10-08,正常交易,
sz000032,深桑达Ａ,1993-10-28,正常交易,
sz000034,神州数码,1994-05-09,正常交易,
sz000035,中国天楹,1994-04-08,正常交易,
sz000036,华联控股,1994-06-17,正常交易,
sz000037,深南电A,1994-07-01,正常交易,
sz000039,中集集团,1994-04-08,正常交易,
sz000042,中洲控股,1994-09-21,正常交易,
sz000045,深纺织Ａ,1994-08-15,正常交易,
sz000048,京基智农,1994-11-01,正常交易,
sz000049,德赛电池,1995-03-20,正常交易,
sz000050,深天马Ａ,1995-03-15,正常交易,
sz000055,方大集团,1996-04-15,正常交易,
sz000056,皇庭国际,1996-07-08,正常交易,
sz000058,深 赛 格,1996-12-26,正常交易,
sz000059,华锦股份,1997-01-30,正常交易,
sz000060,中金岭南,1997-01-23,正常交易,
sz000061,农 产 品,1997-01-10,正常交易,
sz000062,深圳华强,1997-01-30,正常交易,
sz000063,中兴通讯,1997-11-18,正常交易,
sz000065,北方国际,1998-06-05,正常交易,
sz000066,中国长城,1997-06-26,正常交易,
sz000068,华控赛格,1997-06-11,正常交易,
sz000069,华侨城Ａ,1997-09-10,正常交易,
sz000070,特发信息,2000-05-11,正常交易,
sz000078,海王生物,1998-12-18,正常交易,
sz000088,盐 田 港,1997-07-28,正常交易,
sz000089,深圳机场,1998-04-20,正常交易,
sz000090,天健集团,1999-07-21,正常交易,
sz000096,广聚能源,2000-07-24,正常交易,
sz000099,中信海直,2000-07-31,正常交易,
sz000100,TCL科技,2004-01-30,正常交易,
sz000151,中成股份,2000-09-06,正常交易,
sz000153,丰原药业,2000-09-20,正常交易,
sz000155,川能动力,2000-09-26,正常交易,
sz000156,华数传媒,2000-09-06,正常交易,
sz000157,中联重科,2000-10-12,正常交易,
sz000158,常山北明,2000-07-24,正常交易,
sz000159,国际实业,2000-09-26,正常交易,
sz000166,申万宏源,2015-01-26,正常交易,
sz000301,东方盛虹,2000-05-29,正常交易,
sz000333,美的集团,2013-09-18,正常交易,
sz000338,潍柴动力,2007-04-30,正常交易,
sz000400,许继电气,1997-04-18,正常交易,
sz000401,冀东水泥,1996-06-14,正常交易,
sz000402,金 融 街,1996-06-26,正常交易,
sz000403,派林生物,1996-06-28,正常交易,
sz000404,长虹华意,1996-06-19,正常交易,
sz000407,胜利股份,1996-07-03,正常交易,
sz000408,藏格矿业,1996-06-28,正常交易,
sz000409,云鼎科技,1996-06-27,正常交易,
sz000410,沈阳机床,1996-07-18,正常交易,
sz000411,英特集团,1996-07-16,正常交易,
sz000415,渤海租赁,1996-07-16,正常交易,
sz000417,合百集团,1996-08-12,正常交易,
sz000419,通程控股,1996-08-16,正常交易,
sz000420,吉林化纤,1996-08-02,正常交易,
sz000421,南京公用,1996-08-06,正常交易,
sz000422,湖北宜化,1996-08-15,正常交易,
sz000423,东阿阿胶,1996-07-29,正常交易,
sz000425,徐工机械,1996-08-28,正常交易,
sz000426,兴业银锡,1996-08-28,正常交易,
sz000428,华天酒店,1996-08-08,正常交易,
sz000429,粤高速Ａ,1998-02-20,正常交易,
sz000430,ST张家界,1996-08-29,正常交易,
sz000488,ST晨鸣,2000-11-20,正常交易,
sz000498,山东路桥,1997-06-09,正常交易,
sz000501,武商集团,1992-11-20,正常交易,
sz000503,国新健康,1992-11-30,正常交易,
sz000504,*ST生物,1992-12-08,正常交易,
sz000505,京粮控股,1992-12-21,正常交易,
sz000506,招金黄金,1993-03-12,正常交易,
sz000507,珠海港,1993-03-26,正常交易,
sz000509,华塑控股,1993-05-07,正常交易,
sz000510,新金路,1993-05-07,正常交易,
sz000513,丽珠集团,1993-10-28,正常交易,
sz000514,渝 开 发,1993-07-12,正常交易,
sz000516,国际医学,1993-08-09,正常交易,
sz000517,荣安地产,1993-08-06,正常交易,
sz000518,*ST四环,1993-09-08,正常交易,
sz000519,中兵红箭,1993-10-08,正常交易,
sz000520,凤凰航运,1993-10-25,正常交易,
sz000521,长虹美菱,1993-10-18,正常交易,
sz000523,红棉股份,1993-11-08,正常交易,
sz000524,岭南控股,1993-11-18,正常交易,
sz000525,红太阳,1993-10-28,正常交易,
sz000526,学大教育,1993-11-01,正常交易,
sz000528,柳    工,1993-11-18,正常交易,
sz000529,广弘控股,1993-11-18,正常交易,
sz000530,冰山冷热,1993-12-08,正常交易,
sz000531,穗恒运Ａ,1994-01-06,正常交易,
sz000532,华金资本,1994-01-03,正常交易,
sz000533,顺钠股份,1994-01-03,正常交易,
sz000534,万泽股份,1994-01-10,正常交易,
sz000536,华映科技,1993-11-26,正常交易,
sz000537,中绿电,1993-12-10,正常交易,
sz000538,云南白药,1993-12-15,正常交易,
sz000539,粤电力Ａ,1993-11-26,正常交易,
sz000541,佛山照明,1993-11-23,正常交易,
sz000543,皖能电力,1993-12-20,正常交易,
sz000544,中原环保,1993-12-08,正常交易,
sz000545,金浦钛业,1993-12-15,正常交易,
sz000546,金圆股份,1993-12-15,正常交易,
sz000547,航天发展,1993-11-30,正常交易,
sz000548,湖南投资,1993-12-20,正常交易,
sz000550,江铃汽车,1993-12-01,正常交易,
sz000551,创元科技,1994-01-06,正常交易,
sz000552,甘肃能化,1994-01-06,正常交易,
sz000553,安道麦A,1993-12-03,正常交易,
sz000554,泰山石油,1993-12-15,正常交易,
sz000555,神州信息,1994-04-08,正常交易,
sz000557,西部创业,1994-06-17,正常交易,
sz000558,天府文旅,1994-05-09,正常交易,
sz000559,万向钱潮,1994-01-10,正常交易,
sz000560,我爱我家,1994-02-02,正常交易,
sz000561,烽火电子,1994-05-09,正常交易,
sz000563,陕国投Ａ,1994-01-10,正常交易,
sz000564,供销大集,1994-01-10,正常交易,
sz000565,渝三峡Ａ,1994-04-08,正常交易,
sz000566,海南海药,1994-05-25,正常交易,
sz000567,海德股份,1994-05-25,正常交易,
sz000568,泸州老窖,1994-05-09,正常交易,
sz000570,苏常柴Ａ,1994-07-01,正常交易,
sz000571,新大洲A,1994-05-25,正常交易,
sz000572,海马汽车,1994-08-08,正常交易,
sz000573,粤宏远Ａ,1994-08-15,正常交易,
sz000576,甘化科工,1994-09-07,正常交易,
sz000581,威孚高科,1998-09-24,正常交易,
sz000582,北部湾港,1995-11-02,正常交易,
sz000586,汇源通信,1995-12-20,正常交易,
sz000589,贵州轮胎,1996-03-08,正常交易,
sz000590,启迪药业,1996-01-19,正常交易,
sz000591,太阳能,1996-02-08,正常交易,
sz000592,平潭发展,1996-03-27,正常交易,
sz000593,德龙汇能,1996-03-12,正常交易,
sz000595,*ST宝实,1996-04-19,正常交易,
sz000596,古井贡酒,1996-09-27,正常交易,
sz000597,东北制药,1996-05-23,正常交易,
sz000598,兴蓉环境,1996-05-29,正常交易,
sz000599,青岛双星,1996-04-30,正常交易,
sz000600,建投能源,1996-06-06,正常交易,
sz000601,韶能股份,1996-08-30,正常交易,
sz000603,盛达资源,1996-08-23,正常交易,
sz000605,渤海股份,1996-09-13,正常交易,
sz000607,华媒控股,1996-08-30,正常交易,
sz000608,*ST阳光,1996-09-19,正常交易,
sz000609,ST中迪,1996-10-10,正常交易,
sz000610,西安旅游,1996-09-26,正常交易,
sz000612,焦作万方,1996-09-26,正常交易,
sz000615,*ST美谷,1996-10-16,正常交易,
sz000617,中油资本,1996-10-22,正常交易,
sz000619,海螺新材,1996-10-23,正常交易,
sz000620,盈新发展,1996-10-29,正常交易,
sz000623,吉林敖东,1996-10-28,正常交易,
sz000625,长安汽车,1997-06-10,正常交易,
sz000626,远大控股,1996-11-28,正常交易,
sz000627,*ST天茂,1996-11-12,正常交易,
sz000628,高新发展,1996-11-18,正常交易,
sz000629,钒钛股份,1996-11-15,正常交易,
sz000630,铜陵有色,1996-11-20,正常交易,
sz000631,顺发恒业,1996-11-22,正常交易,
sz000632,三木集团,1996-11-21,正常交易,
sz000633,合金投资,1996-11-12,正常交易,
sz000635,英 力 特,1996-11-20,正常交易,
sz000636,风华高科,1996-11-29,正常交易,
sz000637,茂化实华,1996-11-14,正常交易,
sz000638,*ST万方,1996-11-26,正常交易,
sz000639,西王食品,1996-11-26,正常交易,
sz000650,仁和药业,1996-12-10,正常交易,
sz000651,格力电器,1996-11-18,正常交易,
sz000652,泰达股份,1996-11-28,正常交易,
sz000655,金岭矿业,1996-11-28,正常交易,
sz000656,*ST金科,1996-11-28,正常交易,
sz000657,中钨高新,1996-12-05,正常交易,
sz000659,珠海中富,1996-12-03,正常交易,
sz000661,长春高新,1996-12-18,正常交易,
sz000663,永安林业,1996-12-06,正常交易,
sz000665,湖北广电,1996-12-10,正常交易,
sz000668,*ST荣控,1996-12-10,正常交易,
sz000669,ST金鸿,1996-12-10,正常交易,
sz000670,盈方微,1996-12-17,正常交易,
sz000672,上峰水泥,1996-12-18,正常交易,
sz000676,智度股份,1996-12-24,正常交易,
sz000677,恒天海龙,1996-12-26,正常交易,
sz000678,襄阳轴承,1997-01-06,正常交易,
sz000679,大连友谊,1997-01-24,正常交易,
sz000680,山推股份,1997-01-22,正常交易,
sz000681,视觉中国,1997-01-21,正常交易,
sz000682,东方电子,1997-01-21,正常交易,
sz000683,博源化工,1997-01-31,正常交易,
sz000685,中山公用,1997-01-23,正常交易,
sz000686,东北证券,1997-02-27,正常交易,
sz000688,国城矿业,1997-01-20,正常交易,
sz000690,宝新能源,1997-01-28,正常交易,
sz000691,*ST亚太,1997-02-28,正常交易,
sz000692,惠天热电,1997-02-27,正常交易,
sz000695,滨海能源,1997-02-18,正常交易,
sz000697,ST炼石,1997-03-25,正常交易,
sz000698,沈阳化工,1997-02-20,正常交易,
sz000700,模塑科技,1997-02-28,正常交易,
sz000701,厦门信达,1997-02-26,正常交易,
sz000702,正虹科技,1997-03-18,正常交易,
sz000703,恒逸石化,1997-03-28,正常交易,
sz000705,浙江震元,1997-04-10,正常交易,
sz000707,双环科技,1997-04-15,正常交易,
sz000708,中信特钢,1997-03-26,正常交易,
sz000709,河钢股份,1997-04-16,正常交易,
sz000710,贝瑞基因,1997-04-22,正常交易,
sz000711,*ST京蓝,1997-04-11,正常交易,
sz000712,锦龙股份,1997-04-15,正常交易,
sz000713,丰乐种业,1997-04-22,正常交易,
sz000715,中兴商业,1997-05-08,正常交易,
sz000716,黑芝麻,1997-04-18,正常交易,
sz000717,中南股份,1997-05-08,正常交易,
sz000718,苏宁环球,1997-04-08,正常交易,
sz000719,中原传媒,1997-03-31,正常交易,
sz000720,新能泰山,1997-05-09,正常交易,
sz000721,西安饮食,1997-04-30,正常交易,
sz000722,湖南发展,1997-05-22,正常交易,
sz000723,美锦能源,1997-05-15,正常交易,
sz000725,京东方Ａ,2001-01-12,正常交易,
sz000726,鲁  泰Ａ,2000-12-25,正常交易,
sz000727,冠捷科技,1997-05-20,正常交易,
sz000728,国元证券,1997-06-16,正常交易,
sz000729,燕京啤酒,1997-07-16,正常交易,
sz000731,四川美丰,1997-06-17,正常交易,
sz000733,振华科技,1997-07-03,正常交易,
sz000735,罗 牛 山,1997-06-11,正常交易,
sz000736,*ST中地,1997-04-25,正常交易,
sz000737,北方铜业,1997-04-28,正常交易,
sz000738,航发控制,1997-06-26,正常交易,
sz000739,普洛药业,1997-05-09,正常交易,
sz000750,国海证券,1997-07-09,正常交易,
sz000751,锌业股份,1997-06-26,正常交易,
sz000752,ST西发,1997-06-25,正常交易,
sz000753,漳州发展,1997-06-26,正常交易,
sz000755,山西高速,1997-06-27,正常交易,
sz000756,新华制药,1997-08-06,正常交易,
sz000757,浩物股份,1997-06-27,正常交易,
sz000758,中色股份,1997-04-16,正常交易,
sz000759,中百集团,1997-05-19,正常交易,
sz000761,本钢板材,1998-01-15,正常交易,
sz000762,西藏矿业,1997-07-08,正常交易,
sz000766,通化金马,1997-04-30,正常交易,
sz000767,晋控电力,1997-06-09,正常交易,
sz000768,中航西飞,1997-06-26,正常交易,
sz000776,广发证券,1997-06-11,正常交易,
sz000777,中核科技,1997-07-10,正常交易,
sz000778,新兴铸管,1997-06-06,正常交易,
sz000779,甘咨询,1997-05-28,正常交易,
sz000782,恒申新材,1997-06-19,正常交易,
sz000783,长江证券,1997-07-31,正常交易,
sz000785,居然智家,1997-07-11,正常交易,
sz000786,北新建材,1997-06-06,正常交易,
sz000788,北大医药,1997-06-16,正常交易,
sz000789,万年青,1997-09-23,正常交易,
sz000790,华神科技,1998-03-27,正常交易,
sz000791,甘肃能源,1997-10-14,正常交易,
sz000792,盐湖股份,1997-09-04,正常交易,
sz000793,ST华闻,1997-07-29,正常交易,
sz000795,英洛华,1997-08-08,正常交易,
sz000796,凯撒旅业,1997-07-03,正常交易,
sz000797,中国武夷,1997-07-15,正常交易,
sz000798,中水渔业,1998-02-12,正常交易,
sz000799,酒鬼酒,1997-07-18,正常交易,
sz000800,一汽解放,1997-06-18,正常交易,
sz000801,四川九洲,1998-05-06,正常交易,
sz000802,北京文化,1998-01-08,正常交易,
sz000803,山高环能,1998-03-03,正常交易,
sz000807,云铝股份,1998-04-08,正常交易,
sz000809,和展能源,1998-06-16,正常交易,
sz000810,创维数字,1998-06-02,正常交易,
sz000811,冰轮环境,1998-05-28,正常交易,
sz000812,陕西金叶,1998-06-23,正常交易,
sz000813,德展健康,1998-05-19,正常交易,
sz000815,美利云,1998-06-09,正常交易,
sz000816,智慧农业,1997-08-18,正常交易,
sz000818,航锦科技,1997-10-17,正常交易,
sz000819,岳阳兴长,1997-06-25,正常交易,
sz000820,*ST节能,1998-06-30,正常交易,
sz000821,京山轻机,1998-06-26,正常交易,
sz000822,山东海化,1998-07-03,正常交易,
sz000823,超声电子,1997-10-08,正常交易,
sz000825,太钢不锈,1998-10-21,正常交易,
sz000826,启迪环境,1998-02-25,正常交易,
sz000828,东莞控股,1997-06-17,正常交易,
sz000829,天音控股,1997-12-02,正常交易,
sz000830,鲁西化工,1998-08-07,正常交易,
sz000831,中国稀土,1998-09-11,正常交易,
sz000833,粤桂股份,1998-11-11,正常交易,
sz000837,秦川机床,1998-09-28,正常交易,
sz000838,财信发展,1997-06-26,正常交易,
sz000839,国安股份,1997-10-31,正常交易,
sz000848,承德露露,1997-11-13,正常交易,
sz000850,华茂股份,1998-10-07,正常交易,
sz000851,*ST高鸿,1998-06-09,正常交易,
sz000852,石化机械,1998-11-26,正常交易,
sz000856,冀东装备,1998-08-13,正常交易,
sz000858,五 粮 液,1998-04-27,正常交易,
sz000859,国风新材,1998-11-19,正常交易,
sz000860,顺鑫农业,1998-11-04,正常交易,
sz000862,银星能源,1998-09-15,正常交易,
sz000863,三湘印象,1997-09-25,正常交易,
sz000868,安凯客车,1997-07-25,正常交易,
sz000869,张  裕Ａ,2000-10-26,正常交易,
sz000875,吉电股份,2002-09-26,正常交易,
sz000876,新 希 望,1998-03-11,正常交易,
sz000877,天山股份,1999-01-07,正常交易,
sz000878,云南铜业,1998-06-02,正常交易,
sz000880,潍柴重机,1998-04-02,正常交易,
sz000881,中广核技,1998-09-02,正常交易,
sz000882,华联股份,1998-06-16,正常交易,
sz000883,湖北能源,1998-05-19,正常交易,
sz000885,城发环境,1999-03-19,正常交易,
sz000886,海南高速,1998-01-23,正常交易,
sz000887,中鼎股份,1998-12-03,正常交易,
sz000888,峨眉山Ａ,1997-10-21,正常交易,
sz000889,中嘉博创,1997-12-18,正常交易,
sz000890,法尔胜,1999-01-19,正常交易,
sz000892,欢瑞世纪,1999-01-15,正常交易,
sz000893,亚钾国际,1998-12-24,正常交易,
sz000895,双汇发展,1998-12-10,正常交易,
sz000897,津滨发展,1999-04-22,正常交易,
sz000898,鞍钢股份,1997-12-25,正常交易,
sz000899,赣能股份,1997-11-26,正常交易,
sz000900,现代投资,1999-01-28,正常交易,
sz000901,航天科技,1999-04-01,正常交易,
sz000902,新洋丰,1999-04-08,正常交易,
sz000903,ST云动,1999-04-15,正常交易,
sz000905,厦门港务,1999-04-29,正常交易,
sz000906,浙商中拓,1999-07-07,正常交易,
sz000908,ST景峰,1999-02-03,正常交易,
sz000909,ST数源,1999-05-07,正常交易,
sz000910,大亚圣象,1999-06-30,正常交易,
sz000911,广农糖业,1999-05-27,正常交易,
sz000912,泸天化,1999-06-03,正常交易,
sz000913,钱江摩托,1999-05-14,正常交易,
sz000915,华特达因,1999-06-09,正常交易,
sz000917,电广传媒,1999-03-25,正常交易,
sz000919,金陵药业,1999-11-18,正常交易,
sz000920,沃顿科技,1999-06-16,正常交易,
sz000921,海信家电,1999-07-13,正常交易,
sz000922,佳电股份,1999-06-18,正常交易,
sz000923,河钢资源,1999-07-14,正常交易,
sz000925,众合科技,1999-06-11,正常交易,
sz000926,福星股份,1999-06-18,正常交易,
sz000927,中国铁物,1999-07-27,正常交易,
sz000928,中钢国际,1999-03-12,正常交易,
sz000929,*ST兰黄,1999-06-23,正常交易,
sz000930,中粮科技,1999-07-12,正常交易,
sz000931,中 关 村,1999-07-12,正常交易,
sz000932,华菱钢铁,1999-08-03,正常交易,
sz000933,神火股份,1999-08-31,正常交易,
sz000935,四川双马,1999-08-24,正常交易,
sz000936,华西股份,1999-08-10,正常交易,
sz000937,冀中能源,1999-09-09,正常交易,
sz000938,紫光股份,1999-11-04,正常交易,
sz000948,南天信息,1999-10-14,正常交易,
sz000949,新乡化纤,1999-10-21,正常交易,
sz000950,重药控股,1999-09-16,正常交易,
sz000951,中国重汽,1999-11-25,正常交易,
sz000952,广济药业,1999-11-12,正常交易,
sz000953,河化股份,1999-12-02,正常交易,
sz000955,欣龙控股,1999-12-09,正常交易,
sz000957,中通客车,2000-01-13,正常交易,
sz000958,电投产融,1999-12-23,正常交易,
sz000959,首钢股份,1999-12-16,正常交易,
sz000960,锡业股份,2000-02-21,正常交易,
sz000962,东方钽业,2000-01-20,正常交易,
sz000963,华东医药,2000-01-27,正常交易,
sz000965,天保基建,2000-04-06,正常交易,
sz000966,长源电力,2000-03-16,正常交易,
sz000967,盈峰环境,2000-03-30,正常交易,
sz000968,蓝焰控股,2000-06-22,正常交易,
sz000969,安泰科技,2000-05-29,正常交易,
sz000970,中科三环,2000-04-20,正常交易,
sz000972,*ST中基,2000-09-26,正常交易,
sz000973,佛塑科技,2000-05-25,正常交易,
sz000975,山金国际,2000-06-08,正常交易,
sz000977,浪潮信息,2000-06-08,正常交易,
sz000978,桂林旅游,2000-05-18,正常交易,
sz000980,众泰汽车,2000-06-16,正常交易,
sz000981,山子高科,2000-06-22,正常交易,
sz000983,山西焦煤,2000-07-26,正常交易,
sz000985,大庆华科,2000-07-26,正常交易,
sz000987,越秀资本,2000-07-18,正常交易,
sz000988,华工科技,2000-06-08,正常交易,
sz000989,九芝堂,2000-06-28,正常交易,
sz000990,诚志股份,2000-07-06,正常交易,
sz000993,闽东电力,2000-07-31,正常交易,
sz000995,皇台酒业,2000-08-07,正常交易,
sz000997,新 大 陆,2000-08-07,正常交易,
sz000998,隆平高科,2000-12-11,正常交易,
sz000999,华润三九,2000-03-09,正常交易,
sz001201,东瑞股份,2021-04-28,正常交易,
sz001202,炬申股份,2021-04-29,正常交易,
sz001203,大中矿业,2021-05-10,正常交易,
sz001205,盛航股份,2021-05-13,正常交易,
sz001206,依依股份,2021-05-18,正常交易,
sz001207,联科科技,2021-06-23,正常交易,
sz001208,华菱线缆,2021-06-24,正常交易,
sz001209,洪兴股份,2021-07-23,正常交易,
sz001210,金房能源,2021-07-29,正常交易,
sz001211,双枪科技,2021-08-05,正常交易,
sz001212,中旗新材,2021-08-23,正常交易,
sz001213,中铁特货,2021-09-08,正常交易,
sz001215,千味央厨,2021-09-06,正常交易,
sz001216,华瓷股份,2021-10-19,正常交易,
sz001217,华尔泰,2021-09-29,正常交易,
sz001218,丽臣实业,2021-10-15,正常交易,
sz001219,青岛食品,2021-10-21,正常交易,
sz001221,悍高集团,2025-07-30,正常交易,
sz001222,源飞宠物,2022-08-18,正常交易,
sz001223,欧克科技,2022-12-12,正常交易,
sz001225,和泰机电,2023-02-22,正常交易,
sz001226,拓山重工,2022-06-22,正常交易,
sz001227,兰州银行,2022-01-17,正常交易,
sz001228,永泰运,2022-04-29,正常交易,
sz001229,魅视科技,2022-08-08,正常交易,
sz001230,劲旅环境,2022-07-15,正常交易,
sz001231,农心科技,2022-08-19,正常交易,
sz001234,泰慕士,2022-01-11,正常交易,
sz001236,弘业期货,2022-08-05,正常交易,
sz001238,浙江正特,2022-09-19,正常交易,
sz001239,永达股份,2023-12-12,正常交易,
sz001255,博菲电气,2022-09-30,正常交易,
sz001256,炜冈科技,2022-12-05,正常交易,
sz001258,立新能源,2022-07-27,正常交易,
sz001259,利仁科技,2022-08-31,正常交易,
sz001260,坤泰股份,2023-02-16,正常交易,
sz001266,宏英智能,2022-02-28,正常交易,
sz001267,汇绿生态,2021-11-17,正常交易,
sz001268,联合精密,2022-06-30,正常交易,
sz001269,欧晶科技,2022-09-30,正常交易,
sz001270,*ST铖昌,2022-06-06,正常交易,
sz001277,速达股份,2024-09-03,正常交易,
sz001278,一彬科技,2023-03-08,正常交易,
sz001279,强邦新材,2024-10-11,正常交易,
sz001282,三联锻造,2023-05-24,正常交易,
sz001283,豪鹏科技,2022-09-05,正常交易,
sz001286,陕西能源,2023-04-10,正常交易,
sz001287,中电港,2023-04-10,正常交易,
sz001288,运机集团,2021-11-01,正常交易,
sz001289,龙源电力,2022-01-24,正常交易,
sz001296,长江材料,2021-12-24,正常交易,
sz001298,好上好,2022-10-31,正常交易,
sz001299,美能能源,2022-10-31,正常交易,
sz001300,三柏硕,2022-10-19,正常交易,
sz001301,尚太科技,2022-12-28,正常交易,
sz001306,夏厦精密,2023-11-16,正常交易,
sz001308,康冠科技,2022-03-18,正常交易,
sz001309,德明利,2022-07-01,正常交易,
sz001311,多利科技,2023-02-27,正常交易,
sz001313,粤海饲料,2022-02-16,正常交易,
sz001314,亿道信息,2023-02-14,正常交易,
sz001316,润贝航科,2022-06-24,正常交易,
sz001317,三羊马,2021-11-30,正常交易,
sz001318,阳光乳业,2022-05-20,正常交易,
sz001319,铭科精技,2022-05-12,正常交易,
sz001322,箭牌家居,2022-10-26,正常交易,
sz001323,慕思股份,2022-06-23,正常交易,
sz001324,长青科技,2023-05-22,正常交易,
sz001326,联域股份,2023-11-09,正常交易,
sz001328,登康口腔,2023-04-10,正常交易,
sz001330,博纳影业,2022-08-18,正常交易,
sz001331,胜通能源,2022-09-08,正常交易,
sz001332,锡装股份,2022-09-20,正常交易,
sz001333,光华股份,2022-12-08,正常交易,
sz001335,信凯科技,2025-04-15,正常交易,
sz001336,楚环科技,2022-07-25,正常交易,
sz001337,四川黄金,2023-03-03,正常交易,
sz001338,永顺泰,2022-11-16,正常交易,
sz001339,智微智能,2022-08-15,正常交易,
sz001356,富岭股份,2025-01-23,正常交易,
sz001358,兴欣新材,2023-12-21,正常交易,
sz001359,平安电工,2024-03-28,正常交易,
sz001360,南矿集团,2023-04-10,正常交易,
sz001366,播恩集团,2023-03-07,正常交易,
sz001367,海森药业,2023-04-10,正常交易,
sz001368,通达创智,2023-03-13,正常交易,
sz001373,翔腾新材,2023-06-01,正常交易,
sz001376,百通能源,2023-11-03,正常交易,
sz001378,德冠新材,2023-10-30,正常交易,
sz001379,腾达科技,2024-01-19,正常交易,
sz001380,华纬科技,2023-05-16,正常交易,
sz001382,新亚电缆,2025-03-21,正常交易,
sz001387,雪祺电气,2024-01-11,正常交易,
sz001388,信通电子,2025-07-01,正常交易,
sz001389,广合科技,2024-04-02,正常交易,
sz001390,古麒绒材,2025-05-29,正常交易,
sz001391,国货航,2024-12-30,正常交易,
sz001395,亚联机械,2025-01-27,正常交易,
sz001400,江顺科技,2025-04-24,正常交易,
sz001696,宗申动力,1997-03-06,正常交易,
sz001872,招商港口,1993-05-05,正常交易,
sz001896,豫能控股,1998-01-22,正常交易,
sz001914,招商积余,1994-09-28,正常交易,
sz001965,招商公路,2017-12-25,正常交易,
sz001979,招商蛇口,2015-12-30,正常交易,
sz002001,新 和 成,2004-06-25,正常交易,
sz002003,伟星股份,2004-06-25,正常交易,
sz002004,华邦健康,2004-06-25,正常交易,
sz002005,ST德豪,2004-06-25,正常交易,
sz002006,精工科技,2004-06-25,正常交易,
sz002007,华兰生物,2004-06-25,正常交易,
sz002008,大族激光,2004-06-25,正常交易,
sz002009,天奇股份,2004-06-29,正常交易,
sz002010,传化智联,2004-06-29,正常交易,
sz002011,盾安环境,2004-07-05,正常交易,
sz002012,凯恩股份,2004-07-05,正常交易,
sz002014,永新股份,2004-07-08,正常交易,
sz002015,协鑫能科,2004-07-08,正常交易,
sz002016,世荣兆业,2004-07-08,正常交易,
sz002017,东信和平,2004-07-13,正常交易,
sz002019,亿帆医药,2004-07-13,正常交易,
sz002020,京新药业,2004-07-15,正常交易,
sz002021,中捷资源,2004-07-15,正常交易,
sz002022,科华生物,2004-07-21,正常交易,
sz002023,海特高新,2004-07-21,正常交易,
sz002024,ST易购,2004-07-21,正常交易,
sz002025,航天电器,2004-07-26,正常交易,
sz002026,山东威达,2004-07-27,正常交易,
sz002027,分众传媒,2004-08-04,正常交易,
sz002028,思源电气,2004-08-05,正常交易,
sz002029,七 匹 狼,2004-08-06,正常交易,
sz002030,达安基因,2004-08-09,正常交易,
sz002031,巨轮智能,2004-08-16,正常交易,
sz002032,苏 泊 尔,2004-08-17,正常交易,
sz002033,丽江股份,2004-08-25,正常交易,
sz002034,旺能环境,2004-08-26,正常交易,
sz002035,华帝股份,2004-09-01,正常交易,
sz002036,联创电子,2004-09-03,正常交易,
sz002037,保利联合,2004-09-08,正常交易,
sz002038,双鹭药业,2004-09-09,正常交易,
sz002039,黔源电力,2005-03-03,正常交易,
sz002040,南 京 港,2005-03-25,正常交易,
sz002041,登海种业,2005-04-18,正常交易,
sz002042,华孚时尚,2005-04-27,正常交易,
sz002043,兔 宝 宝,2005-05-10,正常交易,
sz002044,美年健康,2005-05-18,正常交易,
sz002045,国光电器,2005-05-23,正常交易,
sz002046,国机精工,2005-05-26,正常交易,
sz002047,*ST宝鹰,2005-05-31,正常交易,
sz002048,宁波华翔,2005-06-03,正常交易,
sz002049,紫光国微,2005-06-06,正常交易,
sz002050,三花智控,2005-06-07,正常交易,
sz002051,中工国际,2006-06-19,正常交易,
sz002052,同洲电子,2006-06-27,正常交易,
sz002053,云南能投,2006-06-27,正常交易,
sz002054,德美化工,2006-07-25,正常交易,
sz002055,得润电子,2006-07-25,正常交易,
sz002056,横店东磁,2006-08-02,正常交易,
sz002057,中钢天源,2006-08-02,正常交易,
sz002058,*ST威尔,2006-08-02,正常交易,
sz002059,云南旅游,2006-08-10,正常交易,
sz002060,广东建工,2006-08-10,正常交易,
sz002061,浙江交科,2006-08-16,正常交易,
sz002062,宏润建设,2006-08-16,正常交易,
sz002063,远光软件,2006-08-23,正常交易,
sz002064,华峰化学,2006-08-23,正常交易,
sz002065,东华软件,2006-08-23,正常交易,
sz002066,瑞泰科技,2006-08-23,正常交易,
sz002067,景兴纸业,2006-09-15,正常交易,
sz002068,黑猫股份,2006-09-15,正常交易,
sz002069,獐子岛,2006-09-28,正常交易,
sz002072,凯瑞德,2006-10-18,正常交易,
sz002073,软控股份,2006-10-18,正常交易,
sz002074,国轩高科,2006-10-18,正常交易,
sz002075,沙钢股份,2006-10-25,正常交易,
sz002076,*ST星光,2006-10-25,正常交易,
sz002077,大港股份,2006-11-16,正常交易,
sz002078,太阳纸业,2006-11-16,正常交易,
sz002079,苏州固锝,2006-11-16,正常交易,
sz002080,中材科技,2006-11-20,正常交易,
sz002081,金 螳 螂,2006-11-20,正常交易,
sz002082,万邦德,2006-11-20,正常交易,
sz002083,孚日股份,2006-11-24,正常交易,
sz002084,海鸥住工,2006-11-24,正常交易,
sz002085,万丰奥威,2006-11-28,正常交易,
sz002086,东方海洋,2006-11-28,正常交易,
sz002088,鲁阳节能,2006-11-30,正常交易,
sz002090,金智科技,2006-12-08,正常交易,
sz002091,江苏国泰,2006-12-08,正常交易,
sz002092,中泰化学,2006-12-08,正常交易,
sz002093,国脉科技,2006-12-15,正常交易,
sz002094,青岛金王,2006-12-15,正常交易,
sz002095,生 意 宝,2006-12-15,正常交易,
sz002096,易普力,2006-12-22,正常交易,
sz002097,山河智能,2006-12-22,正常交易,
sz002098,浔兴股份,2006-12-22,正常交易,
sz002099,海翔药业,2006-12-26,正常交易,
sz002100,天康生物,2006-12-26,正常交易,
sz002101,广东鸿图,2006-12-29,正常交易,
sz002102,能特科技,2006-12-29,正常交易,
sz002103,广博股份,2007-01-10,正常交易,
sz002104,恒宝股份,2007-01-10,正常交易,
sz002105,信隆健康,2007-01-12,正常交易,
sz002106,莱宝高科,2007-01-12,正常交易,
sz002107,沃华医药,2007-01-24,正常交易,
sz002108,沧州明珠,2007-01-24,正常交易,
sz002109,兴化股份,2007-01-26,正常交易,
sz002110,三钢闽光,2007-01-26,正常交易,
sz002111,威海广泰,2007-01-26,正常交易,
sz002112,三变科技,2007-02-08,正常交易,
sz002114,罗平锌电,2007-02-15,正常交易,
sz002115,三维通信,2007-02-15,正常交易,
sz002116,中国海诚,2007-02-15,正常交易,
sz002117,东港股份,2007-03-02,正常交易,
sz002119,康强电子,2007-03-02,正常交易,
sz002120,韵达股份,2007-03-06,正常交易,
sz002121,科陆电子,2007-03-06,正常交易,
sz002122,汇洲智能,2007-03-28,正常交易,
sz002123,梦网科技,2007-03-28,正常交易,
sz002124,天邦食品,2007-04-03,正常交易,
sz002125,湘潭电化,2007-04-03,正常交易,
sz002126,银轮股份,2007-04-18,正常交易,
sz002127,南极电商,2007-04-18,正常交易,
sz002128,电投能源,2007-04-18,正常交易,
sz002129,TCL中环,2007-04-20,正常交易,
sz002130,沃尔核材,2007-04-20,正常交易,
sz002131,利欧股份,2007-04-27,正常交易,
sz002132,恒星科技,2007-04-27,正常交易,
sz002133,广宇集团,2007-04-27,正常交易,
sz002134,天津普林,2007-05-16,正常交易,
sz002135,东南网架,2007-05-30,正常交易,
sz002136,安 纳 达,2007-05-30,正常交易,
sz002137,实益达,2007-06-13,正常交易,
sz002138,顺络电子,2007-06-13,正常交易,
sz002139,拓邦股份,2007-06-29,正常交易,
sz002140,东华科技,2007-07-12,正常交易,
sz002141,贤丰控股,2007-07-20,正常交易,
sz002142,宁波银行,2007-07-19,正常交易,
sz002144,宏达高科,2007-08-03,正常交易,
sz002145,中核钛白,2007-08-03,正常交易,
sz002146,荣盛发展,2007-08-08,正常交易,
sz002148,北纬科技,2007-08-10,正常交易,
sz002149,西部材料,2007-08-10,正常交易,
sz002150,通润装备,2007-08-10,正常交易,
sz002151,北斗星通,2007-08-13,正常交易,
sz002152,广电运通,2007-08-13,正常交易,
sz002153,石基信息,2007-08-13,正常交易,
sz002154,报 喜 鸟,2007-08-16,正常交易,
sz002155,湖南黄金,2007-08-16,正常交易,
sz002156,通富微电,2007-08-16,正常交易,
sz002157,正邦科技,2007-08-17,正常交易,
sz002158,汉钟精机,2007-08-17,正常交易,
sz002159,三特索道,2007-08-17,正常交易,
sz002160,常铝股份,2007-08-21,正常交易,
sz002161,远 望 谷,2007-08-21,正常交易,
sz002162,悦心健康,2007-08-23,正常交易,
sz002163,海南发展,2007-08-23,正常交易,
sz002164,宁波东力,2007-08-23,正常交易,
sz002165,红 宝 丽,2007-09-13,正常交易,
sz002166,莱茵生物,2007-09-13,正常交易,
sz002167,东方锆业,2007-09-13,正常交易,
sz002168,*ST惠程,2007-09-19,正常交易,
sz002169,智光电气,2007-09-19,正常交易,
sz002170,芭田股份,2007-09-19,正常交易,
sz002171,楚江新材,2007-09-21,正常交易,
sz002172,澳洋健康,2007-09-21,正常交易,
sz002173,创新医疗,2007-09-25,正常交易,
sz002174,游族网络,2007-09-25,正常交易,
sz002175,东方智造,2007-10-12,正常交易,
sz002176,江特电机,2007-10-12,正常交易,
sz002177,御银股份,2007-11-01,正常交易,
sz002178,延华智能,2007-11-01,正常交易,
sz002179,中航光电,2007-11-01,正常交易,
sz002180,纳思达,2007-11-13,正常交易,
sz002181,粤 传 媒,2007-11-16,正常交易,
sz002182,宝武镁业,2007-11-13,正常交易,
sz002183,怡 亚 通,2007-11-13,正常交易,
sz002184,海得控制,2007-11-16,正常交易,
sz002185,华天科技,2007-11-20,正常交易,
sz002186,全 聚 德,2007-11-20,正常交易,
sz002187,广百股份,2007-11-22,正常交易,
sz002188,中天服务,2007-11-22,正常交易,
sz002189,中光学,2007-12-03,正常交易,
sz002190,成飞集成,2007-12-03,正常交易,
sz002191,劲嘉股份,2007-12-05,正常交易,
sz002192,融捷股份,2007-12-05,正常交易,
sz002193,如意集团,2007-12-07,正常交易,
sz002194,武汉凡谷,2007-12-07,正常交易,
sz002195,岩山科技,2007-12-12,正常交易,
sz002196,方正电机,2007-12-12,正常交易,
sz002197,ST证通,2007-12-18,正常交易,
sz002198,嘉应制药,2007-12-18,正常交易,
sz002199,*ST东晶,2007-12-21,正常交易,
sz002200,*ST交投,2007-12-21,正常交易,
sz002201,九鼎新材,2007-12-26,正常交易,
sz002202,金风科技,2007-12-26,正常交易,
sz002203,海亮股份,2008-01-16,正常交易,
sz002204,大连重工,2008-01-16,正常交易,
sz002205,国统股份,2008-01-23,正常交易,
sz002206,海 利 得,2008-01-23,正常交易,
sz002207,准油股份,2008-01-28,正常交易,
sz002208,合肥城建,2008-01-28,正常交易,
sz002209,达 意 隆,2008-01-30,正常交易,
sz002210,飞马国际,2008-01-30,正常交易,
sz002211,ST宏达,2008-02-01,正常交易,
sz002212,天融信,2008-02-01,正常交易,
sz002213,大为股份,2008-02-01,正常交易,
sz002214,*ST大立,2008-02-18,正常交易,
sz002215,诺 普 信,2008-02-18,正常交易,
sz002216,三全食品,2008-02-20,正常交易,
sz002217,合力泰,2008-02-20,正常交易,
sz002218,拓日新能,2008-02-28,正常交易,
sz002219,新里程,2008-03-06,正常交易,
sz002221,东华能源,2008-03-06,正常交易,
sz002222,福晶科技,2008-03-19,正常交易,
sz002223,鱼跃医疗,2008-04-18,正常交易,
sz002224,三 力 士,2008-04-25,正常交易,
sz002225,濮耐股份,2008-04-25,正常交易,
sz002226,江南化工,2008-05-06,正常交易,
sz002227,奥 特 迅,2008-05-06,正常交易,
sz002228,合兴包装,2008-05-08,正常交易,
sz002229,鸿博股份,2008-05-08,正常交易,
sz002230,科大讯飞,2008-05-12,正常交易,
sz002231,*ST奥维,2008-05-12,正常交易,
sz002232,启明信息,2008-05-09,正常交易,
sz002233,塔牌集团,2008-05-16,正常交易,
sz002234,民和股份,2008-05-16,正常交易,
sz002235,安妮股份,2008-05-16,正常交易,
sz002236,大华股份,2008-05-20,正常交易,
sz002237,恒邦股份,2008-05-20,正常交易,
sz002238,天威视讯,2008-05-26,正常交易,
sz002239,奥特佳,2008-05-22,正常交易,
sz002240,盛新锂能,2008-05-23,正常交易,
sz002241,歌尔股份,2008-05-22,正常交易,
sz002242,九阳股份,2008-05-28,正常交易,
sz002243,力合科创,2008-05-28,正常交易,
sz002244,滨江集团,2008-05-29,正常交易,
sz002245,蔚蓝锂芯,2008-06-05,正常交易,
sz002246,北化股份,2008-06-05,正常交易,
sz002247,聚力文化,2008-06-12,正常交易,
sz002248,华东数控,2008-06-12,正常交易,
sz002249,大洋电机,2008-06-19,正常交易,
sz002250,联化科技,2008-06-19,正常交易,
sz002251,步步高,2008-06-19,正常交易,
sz002252,上海莱士,2008-06-23,正常交易,
sz002253,*ST智胜,2008-06-23,正常交易,
sz002254,泰和新材,2008-06-25,正常交易,
sz002255,海陆重工,2008-06-25,正常交易,
sz002256,兆新股份,2008-06-25,正常交易,
sz002258,利尔化学,2008-07-08,正常交易,
sz002259,升达林业,2008-07-16,正常交易,
sz002261,拓维信息,2008-07-23,正常交易,
sz002262,恩华药业,2008-07-23,正常交易,
sz002263,大东南,2008-07-28,正常交易,
sz002264,新 华 都,2008-07-31,正常交易,
sz002265,建设工业,2008-08-06,正常交易,
sz002266,浙富控股,2008-08-06,正常交易,
sz002267,陕天然气,2008-08-13,正常交易,
sz002268,电科网安,2008-08-11,正常交易,
sz002269,美邦服饰,2008-08-28,正常交易,
sz002270,华明装备,2008-09-05,正常交易,
sz002271,东方雨虹,2008-09-10,正常交易,
sz002272,川润股份,2008-09-19,正常交易,
sz002273,水晶光电,2008-09-19,正常交易,
sz002274,华昌化工,2008-09-25,正常交易,
sz002275,桂林三金,2009-07-10,正常交易,
sz002276,万马股份,2009-07-10,正常交易,
sz002277,友阿股份,2009-07-17,正常交易,
sz002278,神开股份,2009-08-11,正常交易,
sz002279,久其软件,2009-08-11,正常交易,
sz002281,光迅科技,2009-08-21,正常交易,
sz002282,博深股份,2009-08-21,正常交易,
sz002283,天润工业,2009-08-21,正常交易,
sz002284,亚太股份,2009-08-28,正常交易,
sz002285,世联行,2009-08-28,正常交易,
sz002286,保龄宝,2009-08-28,正常交易,
sz002287,奇正藏药,2009-08-28,正常交易,
sz002289,*ST宇顺,2009-09-03,正常交易,
sz002290,禾盛新材,2009-09-03,正常交易,
sz002291,遥望科技,2009-09-03,正常交易,
sz002292,奥飞娱乐,2009-09-10,正常交易,
sz002293,罗莱生活,2009-09-10,正常交易,
sz002294,信立泰,2009-09-10,正常交易,
sz002295,精艺股份,2009-09-29,正常交易,
sz002296,辉煌科技,2009-09-29,正常交易,
sz002297,博云新材,2009-09-29,正常交易,
sz002298,中电鑫龙,2009-09-29,正常交易,
sz002299,圣农发展,2009-10-21,正常交易,
sz002300,太阳电缆,2009-10-21,正常交易,
sz002301,齐心集团,2009-10-21,正常交易,
sz002302,西部建设,2009-11-03,正常交易,
sz002303,美盈森,2009-11-03,正常交易,
sz002304,洋河股份,2009-11-06,正常交易,
sz002305,*ST南置,2009-11-06,正常交易,
sz002306,*ST云网,2009-11-11,正常交易,
sz002307,北新路桥,2009-11-11,正常交易,
sz002309,中利集团,2009-11-27,正常交易,
sz002310,东方园林,2009-11-27,正常交易,
sz002311,海大集团,2009-11-27,正常交易,
sz002312,川发龙蟒,2009-12-03,正常交易,
sz002313,日海智能,2009-12-03,正常交易,
sz002314,南山控股,2009-12-03,正常交易,
sz002315,焦点科技,2009-12-09,正常交易,
sz002316,ST亚联,2009-12-09,正常交易,
sz002317,众生药业,2009-12-11,正常交易,
sz002318,久立特材,2009-12-11,正常交易,
sz002319,乐通股份,2009-12-11,正常交易,
sz002320,海峡股份,2009-12-16,正常交易,
sz002321,华英农业,2009-12-16,正常交易,
sz002322,理工能科,2009-12-18,正常交易,
sz002323,雅博股份,2009-12-18,正常交易,
sz002324,普利特,2009-12-18,正常交易,
sz002326,永太科技,2009-12-22,正常交易,
sz002327,富安娜,2009-12-30,正常交易,
sz002328,新朋股份,2009-12-30,正常交易,
sz002329,皇氏集团,2010-01-06,正常交易,
sz002330,得利斯,2010-01-06,正常交易,
sz002331,皖通科技,2010-01-06,正常交易,
sz002332,仙琚制药,2010-01-12,正常交易,
sz002333,罗普斯金,2010-01-12,正常交易,
sz002334,英威腾,2010-01-13,正常交易,
sz002335,科华数据,2010-01-13,正常交易,
sz002337,赛象科技,2010-01-15,正常交易,
sz002338,奥普光电,2010-01-15,正常交易,
sz002339,积成电子,2010-01-22,正常交易,
sz002340,格林美,2010-01-22,正常交易,
sz002342,巨力索具,2010-01-26,正常交易,
sz002343,慈文传媒,2010-01-26,正常交易,
sz002344,海宁皮城,2010-01-26,正常交易,
sz002345,潮宏基,2010-01-28,正常交易,
sz002346,柘中股份,2010-01-28,正常交易,
sz002347,泰尔股份,2010-01-28,正常交易,
sz002348,高乐股份,2010-02-03,正常交易,
sz002349,精华制药,2010-02-03,正常交易,
sz002350,北京科锐,2010-02-03,正常交易,
sz002351,漫步者,2010-02-05,正常交易,
sz002352,顺丰控股,2010-02-05,正常交易,
sz002353,杰瑞股份,2010-02-05,正常交易,
sz002354,天娱数科,2010-02-09,正常交易,
sz002355,兴民智通,2010-02-09,正常交易,
sz002356,赫美集团,2010-02-09,正常交易,
sz002357,富临运业,2010-02-10,正常交易,
sz002358,森源电气,2010-02-10,正常交易,
sz002360,同德化工,2010-03-03,正常交易,
sz002361,神剑股份,2010-03-03,正常交易,
sz002362,汉王科技,2010-03-03,正常交易,
sz002363,隆基机械,2010-03-05,正常交易,
sz002364,中恒电气,2010-03-05,正常交易,
sz002365,永安药业,2010-03-05,正常交易,
sz002366,融发核电,2010-03-12,正常交易,
sz002367,康力电梯,2010-03-12,正常交易,
sz002368,太极股份,2010-03-12,正常交易,
sz002369,卓翼科技,2010-03-16,正常交易,
sz002370,亚太药业,2010-03-16,正常交易,
sz002371,北方华创,2010-03-16,正常交易,
sz002372,伟星新材,2010-03-18,正常交易,
sz002373,千方科技,2010-03-18,正常交易,
sz002374,中锐股份,2010-03-18,正常交易,
sz002375,亚厦股份,2010-03-23,正常交易,
sz002376,新北洋,2010-03-23,正常交易,
sz002377,国创高新,2010-03-23,正常交易,
sz002378,章源钨业,2010-03-31,正常交易,
sz002379,宏创控股,2010-03-31,正常交易,
sz002380,科远智慧,2010-03-31,正常交易,
sz002381,双箭股份,2010-04-02,正常交易,
sz002382,蓝帆医疗,2010-04-02,正常交易,
sz002383,合众思壮,2010-04-02,正常交易,
sz002384,东山精密,2010-04-09,正常交易,
sz002385,大北农,2010-04-09,正常交易,
sz002386,天原股份,2010-04-09,正常交易,
sz002387,维信诺,2010-04-13,正常交易,
sz002388,ST新亚,2010-04-13,正常交易,
sz002389,航天彩虹,2010-04-13,正常交易,
sz002390,信邦制药,2010-04-16,正常交易,
sz002391,长青股份,2010-04-16,正常交易,
sz002392,北京利尔,2010-04-23,正常交易,
sz002393,力生制药,2010-04-23,正常交易,
sz002394,联发股份,2010-04-23,正常交易,
sz002395,双象股份,2010-04-29,正常交易,
sz002396,星网锐捷,2010-06-23,正常交易,
sz002397,梦洁股份,2010-04-29,正常交易,
sz002398,垒知集团,2010-05-06,正常交易,
sz002399,海普瑞,2010-05-06,正常交易,
sz002400,省广集团,2010-05-06,正常交易,
sz002401,中远海科,2010-05-06,正常交易,
sz002402,和而泰,2010-05-11,正常交易,
sz002403,爱仕达,2010-05-11,正常交易,
sz002404,嘉欣丝绸,2010-05-11,正常交易,
sz002405,四维图新,2010-05-18,正常交易,
sz002406,远东传动,2010-05-18,正常交易,
sz002407,多氟多,2010-05-18,正常交易,
sz002408,齐翔腾达,2010-05-18,正常交易,
sz002409,雅克科技,2010-05-25,正常交易,
sz002410,广联达,2010-05-25,正常交易,
sz002412,汉森制药,2010-05-25,正常交易,
sz002413,雷科防务,2010-05-28,正常交易,
sz002414,高德红外,2010-07-16,正常交易,
sz002415,海康威视,2010-05-28,正常交易,
sz002416,爱施德,2010-05-28,正常交易,
sz002418,康盛股份,2010-06-01,正常交易,
sz002419,天虹股份,2010-06-01,正常交易,
sz002420,毅昌科技,2010-06-01,正常交易,
sz002421,达实智能,2010-06-03,正常交易,
sz002422,科伦药业,2010-06-03,正常交易,
sz002423,中粮资本,2010-06-03,正常交易,
sz002424,贵州百灵,2010-06-03,正常交易,
sz002425,ST凯文,2010-06-08,正常交易,
sz002426,胜利精密,2010-06-08,正常交易,
sz002427,尤夫股份,2010-06-08,正常交易,
sz002428,云南锗业,2010-06-08,正常交易,
sz002429,兆驰股份,2010-06-10,正常交易,
sz002430,杭氧股份,2010-06-10,正常交易,
sz002431,棕榈股份,2010-06-10,正常交易,
sz002432,九安医疗,2010-06-10,正常交易,
sz002434,万里扬,2010-06-18,正常交易,
sz002436,兴森科技,2010-06-18,正常交易,
sz002437,誉衡药业,2010-06-23,正常交易,
sz002438,江苏神通,2010-06-23,正常交易,
sz002439,启明星辰,2010-06-23,正常交易,
sz002440,闰土股份,2010-07-06,正常交易,
sz002441,众业达,2010-07-06,正常交易,
sz002442,龙星科技,2010-07-06,正常交易,
sz002443,金洲管道,2010-07-06,正常交易,
sz002444,巨星科技,2010-07-13,正常交易,
sz002445,中南文化,2010-07-13,正常交易,
sz002446,盛路通信,2010-07-13,正常交易,
sz002448,中原内配,2010-07-16,正常交易,
sz002449,国星光电,2010-07-16,正常交易,
sz002451,摩恩电气,2010-07-20,正常交易,
sz002452,长高电新,2010-07-20,正常交易,
sz002453,华软科技,2010-07-20,正常交易,
sz002454,松芝股份,2010-07-20,正常交易,
sz002455,百川股份,2010-08-03,正常交易,
sz002456,欧菲光,2010-08-03,正常交易,
sz002457,青龙管业,2010-08-03,正常交易,
sz002458,益生股份,2010-08-10,正常交易,
sz002459,晶澳科技,2010-08-10,正常交易,
sz002460,赣锋锂业,2010-08-10,正常交易,
sz002461,珠江啤酒,2010-08-18,正常交易,
sz002462,嘉事堂,2010-08-18,正常交易,
sz002463,沪电股份,2010-08-18,正常交易,
sz002465,海格通信,2010-08-31,正常交易,
sz002466,天齐锂业,2010-08-31,正常交易,
sz002467,二六三,2010-09-08,正常交易,
sz002468,申通快递,2010-09-08,正常交易,
sz002469,三维化学,2010-09-08,正常交易,
sz002470,金正大,2010-09-08,正常交易,
sz002471,中超控股,2010-09-10,正常交易,
sz002472,双环传动,2010-09-10,正常交易,
sz002474,榕基软件,2010-09-15,正常交易,
sz002475,立讯精密,2010-09-15,正常交易,
sz002476,宝莫股份,2010-09-15,正常交易,
sz002478,常宝股份,2010-09-21,正常交易,
sz002479,富春环保,2010-09-21,正常交易,
sz002480,新筑股份,2010-09-21,正常交易,
sz002481,双塔食品,2010-09-21,正常交易,
sz002482,广田集团,2010-09-29,正常交易,
sz002483,润邦股份,2010-09-29,正常交易,
sz002484,江海股份,2010-09-29,正常交易,
sz002485,ST雪发,2010-10-15,正常交易,
sz002486,嘉麟杰,2010-10-15,正常交易,
sz002487,大金重工,2010-10-15,正常交易,
sz002488,金固股份,2010-10-21,正常交易,
sz002489,浙江永强,2010-10-21,正常交易,
sz002490,山东墨龙,2010-10-21,正常交易,
sz002491,通鼎互联,2010-10-21,正常交易,
sz002492,恒基达鑫,2010-11-02,正常交易,
sz002493,荣盛石化,2010-11-02,正常交易,
sz002494,华斯股份,2010-11-02,正常交易,
sz002495,佳隆股份,2010-11-02,正常交易,
sz002496,*ST辉丰,2010-11-09,正常交易,
sz002497,雅化集团,2010-11-09,正常交易,
sz002498,汉缆股份,2010-11-09,正常交易,
sz002500,山西证券,2010-11-15,正常交易,
sz002501,利源股份,2010-11-17,正常交易,
sz002506,协鑫集成,2010-11-18,正常交易,
sz002507,涪陵榨菜,2010-11-23,正常交易,
sz002508,老板电器,2010-11-23,正常交易,
sz002510,天汽模,2010-11-25,正常交易,
sz002511,中顺洁柔,2010-11-25,正常交易,
sz002512,达华智能,2010-12-03,正常交易,
sz002513,蓝丰生化,2010-12-03,正常交易,
sz002514,宝馨科技,2010-12-03,正常交易,
sz002515,金字火腿,2010-12-03,正常交易,
sz002516,旷达科技,2010-12-07,正常交易,
sz002517,恺英网络,2010-12-07,正常交易,
sz002518,科士达,2010-12-07,正常交易,
sz002519,银河电子,2010-12-07,正常交易,
sz002520,日发精机,2010-12-10,正常交易,
sz002521,齐峰新材,2010-12-10,正常交易,
sz002522,浙江众成,2010-12-10,正常交易,
sz002523,天桥起重,2010-12-10,正常交易,
sz002524,光正眼科,2010-12-17,正常交易,
sz002526,山东矿机,2010-12-17,正常交易,
sz002527,新时达,2010-12-24,正常交易,
sz002528,ST英飞拓,2010-12-24,正常交易,
sz002529,*ST海源,2010-12-24,正常交易,
sz002530,金财互联,2010-12-31,正常交易,
sz002531,天顺风能,2010-12-31,正常交易,
sz002532,天山铝业,2010-12-31,正常交易,
sz002533,金杯电工,2010-12-31,正常交易,
sz002534,西子洁能,2011-01-10,正常交易,
sz002535,林州重机,2011-01-11,正常交易,
sz002536,飞龙股份,2011-01-11,正常交易,
sz002537,海联金汇,2011-01-10,正常交易,
sz002538,司尔特,2011-01-18,正常交易,
sz002539,云图控股,2011-01-18,正常交易,
sz002540,亚太科技,2011-01-18,正常交易,
sz002541,鸿路钢构,2011-01-18,正常交易,
sz002542,中化岩土,2011-01-28,正常交易,
sz002543,万和电气,2011-01-28,正常交易,
sz002544,普天科技,2011-01-28,正常交易,
sz002545,东方铁塔,2011-02-11,正常交易,
sz002546,新联电子,2011-02-11,正常交易,
sz002547,春兴精工,2011-02-18,正常交易,
sz002548,金新农,2011-02-18,正常交易,
sz002549,凯美特气,2011-02-18,正常交易,
sz002550,千红制药,2011-02-18,正常交易,
sz002551,尚荣医疗,2011-02-25,正常交易,
sz002552,宝鼎科技,2011-02-25,正常交易,
sz002553,南方精工,2011-02-25,正常交易,
sz002554,惠博普,2011-02-25,正常交易,
sz002555,三七互娱,2011-03-02,正常交易,
sz002556,辉隆股份,2011-03-02,正常交易,
sz002557,洽洽食品,2011-03-02,正常交易,
sz002558,巨人网络,2011-03-02,正常交易,
sz002559,亚威股份,2011-03-03,正常交易,
sz002560,通达股份,2011-03-03,正常交易,
sz002561,徐家汇,2011-03-03,正常交易,
sz002562,兄弟科技,2011-03-10,正常交易,
sz002563,森马服饰,2011-03-11,正常交易,
sz002564,天沃科技,2011-03-10,正常交易,
sz002565,顺灏股份,2011-03-18,正常交易,
sz002566,益盛药业,2011-03-18,正常交易,
sz002567,唐人神,2011-03-25,正常交易,
sz002568,百润股份,2011-03-25,正常交易,
sz002569,*ST步森,2011-04-12,正常交易,
sz002570,贝因美,2011-04-12,正常交易,
sz002571,德力股份,2011-04-12,正常交易,
sz002572,索菲亚,2011-04-12,正常交易,
sz002573,清新环境,2011-04-22,正常交易,
sz002574,明牌珠宝,2011-04-22,正常交易,
sz002575,群兴玩具,2011-04-22,正常交易,
sz002576,通达动力,2011-04-28,正常交易,
sz002577,雷柏科技,2011-04-28,正常交易,
sz002578,闽发铝业,2011-04-28,正常交易,
sz002579,中京电子,2011-05-06,正常交易,
sz002580,圣阳股份,2011-05-06,正常交易,
sz002581,ST未名,2011-05-20,正常交易,
sz002582,好想你,2011-05-20,正常交易,
sz002583,海能达,2011-05-27,正常交易,
sz002584,西陇科学,2011-06-02,正常交易,
sz002585,双星新材,2011-06-02,正常交易,
sz002586,*ST围海,2011-06-02,正常交易,
sz002587,奥拓电子,2011-06-10,正常交易,
sz002588,史丹利,2011-06-10,正常交易,
sz002589,瑞康医药,2011-06-10,正常交易,
sz002590,万安科技,2011-06-10,正常交易,
sz002591,恒大高新,2011-06-21,正常交易,
sz002592,ST八菱,2011-11-11,正常交易,
sz002593,日上集团,2011-06-28,正常交易,
sz002594,比亚迪,2011-06-30,正常交易,
sz002595,豪迈科技,2011-06-28,正常交易,
sz002596,海南瑞泽,2011-07-07,正常交易,
sz002597,金禾实业,2011-07-07,正常交易,
sz002598,山东章鼓,2011-07-07,正常交易,
sz002599,盛通股份,2011-07-15,正常交易,
sz002600,领益智造,2011-07-15,正常交易,
sz002601,龙佰集团,2011-07-15,正常交易,
sz002602,ST华通,2011-07-28,正常交易,
sz002603,以岭药业,2011-07-28,正常交易,
sz002605,姚记科技,2011-08-05,正常交易,
sz002606,大连电瓷,2011-08-05,正常交易,
sz002607,中公教育,2011-08-10,正常交易,
sz002608,江苏国信,2011-08-10,正常交易,
sz002609,捷顺科技,2011-08-15,正常交易,
sz002611,东方精工,2011-08-30,正常交易,
sz002612,朗姿股份,2011-08-30,正常交易,
sz002613,北玻股份,2011-08-30,正常交易,
sz002614,奥佳华,2011-09-09,正常交易,
sz002615,哈尔斯,2011-09-09,正常交易,
sz002616,长青集团,2011-09-20,正常交易,
sz002617,露笑科技,2011-09-20,正常交易,
sz002620,ST瑞和,2011-09-29,正常交易,
sz002622,皓宸医疗,2011-10-18,正常交易,
sz002623,亚玛顿,2011-10-13,正常交易,
sz002624,完美世界,2011-10-28,正常交易,
sz002625,光启技术,2011-11-03,正常交易,
sz002626,金达威,2011-10-28,正常交易,
sz002627,三峡旅游,2011-11-03,正常交易,
sz002628,成都路桥,2011-11-03,正常交易,
sz002629,仁智股份,2011-11-03,正常交易,
sz002630,ST华西,2011-11-11,正常交易,
sz002631,德尔未来,2011-11-11,正常交易,
sz002632,道明光学,2011-11-22,正常交易,
sz002633,申科股份,2011-11-22,正常交易,
sz002634,棒杰股份,2011-12-05,正常交易,
sz002635,安洁科技,2011-11-25,正常交易,
sz002636,金安国纪,2011-11-25,正常交易,
sz002637,赞宇科技,2011-11-25,正常交易,
sz002638,勤上股份,2011-11-25,正常交易,
sz002639,雪人集团,2011-12-05,正常交易,
sz002640,跨境通,2011-12-08,正常交易,
sz002641,公元股份,2011-12-08,正常交易,
sz002642,荣联科技,2011-12-20,正常交易,
sz002643,万润股份,2011-12-20,正常交易,
sz002644,佛慈制药,2011-12-22,正常交易,
sz002645,华宏科技,2011-12-20,正常交易,
sz002646,天佑德酒,2011-12-22,正常交易,
sz002647,*ST仁东,2011-12-28,正常交易,
sz002648,卫星化学,2011-12-28,正常交易,
sz002649,博彦科技,2012-01-06,正常交易,
sz002650,ST加加,2012-01-06,正常交易,
sz002651,利君股份,2012-01-06,正常交易,
sz002652,扬子新材,2012-01-19,正常交易,
sz002653,海思科,2012-01-17,正常交易,
sz002654,万润科技,2012-02-17,正常交易,
sz002655,共达电声,2012-02-17,正常交易,
sz002656,*ST摩登,2012-02-28,正常交易,
sz002657,中科金财,2012-02-28,正常交易,
sz002658,雪迪龙,2012-03-09,正常交易,
sz002659,凯文教育,2012-03-09,正常交易,
sz002660,茂硕电源,2012-03-16,正常交易,
sz002661,克明食品,2012-03-16,正常交易,
sz002662,峰璟股份,2012-03-09,正常交易,
sz002663,普邦股份,2012-03-16,正常交易,
sz002664,信质集团,2012-03-16,正常交易,
sz002666,德联集团,2012-03-27,正常交易,
sz002667,威领股份,2012-03-29,正常交易,
sz002668,TCL智家,2012-04-16,正常交易,
sz002669,康达新材,2012-04-16,正常交易,
sz002670,国盛金控,2012-04-16,正常交易,
sz002671,龙泉股份,2012-04-26,正常交易,
sz002672,东江环保,2012-04-26,正常交易,
sz002673,西部证券,2012-05-03,正常交易,
sz002674,兴业科技,2012-05-07,正常交易,
sz002675,东诚药业,2012-05-25,正常交易,
sz002676,顺威股份,2012-05-25,正常交易,
sz002677,浙江美大,2012-05-25,正常交易,
sz002678,珠江钢琴,2012-05-30,正常交易,
sz002679,福建金森,2012-06-05,正常交易,
sz002681,奋达科技,2012-06-05,正常交易,
sz002682,龙洲股份,2012-06-12,正常交易,
sz002683,广东宏大,2012-06-12,正常交易,
sz002685,华东重机,2012-06-12,正常交易,
sz002686,亿利达,2012-07-03,正常交易,
sz002687,乔治白,2012-07-13,正常交易,
sz002688,金河生物,2012-07-13,正常交易,
sz002689,远大智能,2012-07-17,正常交易,
sz002690,美亚光电,2012-07-31,正常交易,
sz002691,冀凯股份,2012-07-31,正常交易,
sz002692,远程股份,2012-08-08,正常交易,
sz002693,*ST双成,2012-08-08,正常交易,
sz002694,顾地科技,2012-08-16,正常交易,
sz002695,煌上煌,2012-09-05,正常交易,
sz002696,百洋股份,2012-09-05,正常交易,
sz002697,红旗连锁,2012-09-05,正常交易,
sz002698,博实股份,2012-09-11,正常交易,
sz002700,万憬能源,2012-09-21,正常交易,
sz002701,奥瑞金,2012-10-11,正常交易,
sz002702,海欣食品,2012-10-11,正常交易,
sz002703,浙江世宝,2012-11-02,正常交易,
sz002705,新宝股份,2014-01-21,正常交易,
sz002706,良信股份,2014-01-21,正常交易,
sz002707,众信旅游,2014-01-23,正常交易,
sz002708,光洋股份,2014-01-21,正常交易,
sz002709,天赐材料,2014-01-23,正常交易,
sz002712,思美传媒,2014-01-23,正常交易,
sz002713,*ST东易,2014-02-19,正常交易,
sz002714,牧原股份,2014-01-28,正常交易,
sz002715,登云股份,2014-02-19,正常交易,
sz002716,湖南白银,2014-01-28,正常交易,
sz002717,ST岭南,2014-02-19,正常交易,
sz002718,友邦吊顶,2014-01-28,正常交易,
sz002719,麦趣尔,2014-01-28,正常交易,
sz002721,金一文化,2014-01-27,正常交易,
sz002722,物产金轮,2014-01-28,正常交易,
sz002723,小崧股份,2014-01-29,正常交易,
sz002724,海洋王,2014-11-04,正常交易,
sz002725,跃岭股份,2014-01-29,正常交易,
sz002726,龙大美食,2014-06-26,正常交易,
sz002727,一心堂,2014-07-02,正常交易,
sz002728,特一药业,2014-07-31,正常交易,
sz002729,好利科技,2014-09-12,正常交易,
sz002730,电光科技,2014-10-09,正常交易,
sz002731,萃华珠宝,2014-11-04,正常交易,
sz002732,燕塘乳业,2014-12-05,正常交易,
sz002733,雄韬股份,2014-12-03,正常交易,
sz002734,利民股份,2015-01-27,正常交易,
sz002735,王子新材,2014-12-03,正常交易,
sz002736,国信证券,2014-12-29,正常交易,
sz002737,葵花药业,2014-12-30,正常交易,
sz002738,中矿资源,2014-12-30,正常交易,
sz002739,万达电影,2015-01-22,正常交易,
sz002741,光华科技,2015-02-16,正常交易,
sz002742,*ST三圣,2015-02-17,正常交易,
sz002743,富煌钢构,2015-02-17,正常交易,
sz002745,木林森,2015-02-17,正常交易,
sz002746,仙坛股份,2015-02-16,正常交易,
sz002747,埃斯顿,2015-03-20,正常交易,
sz002748,世龙实业,2015-03-19,正常交易,
sz002749,国光股份,2015-03-20,正常交易,
sz002752,昇兴股份,2015-04-22,正常交易,
sz002753,永东股份,2015-05-19,正常交易,
sz002755,奥赛康,2015-05-15,正常交易,
sz002756,永兴材料,2015-05-15,正常交易,
sz002757,南兴股份,2015-05-27,正常交易,
sz002758,浙农股份,2015-05-27,正常交易,
sz002759,天际股份,2015-05-28,正常交易,
sz002760,凤形股份,2015-06-11,正常交易,
sz002761,浙江建投,2015-06-10,正常交易,
sz002762,*ST金比,2015-06-10,正常交易,
sz002763,汇洁股份,2015-06-10,正常交易,
sz002765,蓝黛科技,2015-06-12,正常交易,
sz002766,索菱股份,2015-06-11,正常交易,
sz002767,先锋电子,2015-06-12,正常交易,
sz002768,国恩股份,2015-06-30,正常交易,
sz002769,普路通,2015-06-29,正常交易,
sz002771,真视通,2015-06-29,正常交易,
sz002772,众兴菌业,2015-06-26,正常交易,
sz002773,康弘药业,2015-06-26,正常交易,
sz002774,快意电梯,2017-03-24,正常交易,
sz002775,文科股份,2015-06-29,正常交易,
sz002777,久远银海,2015-12-31,正常交易,
sz002778,中晟高科,2016-01-06,正常交易,
sz002779,中坚科技,2015-12-09,正常交易,
sz002780,三夫户外,2015-12-09,正常交易,
sz002782,可立克,2015-12-22,正常交易,
sz002783,凯龙股份,2015-12-09,正常交易,
sz002785,万里石,2015-12-23,正常交易,
sz002786,银宝山新,2015-12-23,正常交易,
sz002787,华源控股,2015-12-31,正常交易,
sz002788,鹭燕医药,2016-02-18,正常交易,
sz002789,*ST建艺,2016-03-11,正常交易,
sz002790,瑞尔特,2016-03-08,正常交易,
sz002791,坚朗五金,2016-03-29,正常交易,
sz002792,通宇通讯,2016-03-28,正常交易,
sz002793,罗欣药业,2016-04-15,正常交易,
sz002795,永和智控,2016-04-28,正常交易,
sz002796,世嘉科技,2016-05-10,正常交易,
sz002797,第一创业,2016-05-11,正常交易,
sz002798,帝欧家居,2016-05-25,正常交易,
sz002799,环球印务,2016-06-08,正常交易,
sz002800,天顺股份,2016-05-30,正常交易,
sz002801,微光股份,2016-06-22,正常交易,
sz002802,洪汇新材,2016-06-29,正常交易,
sz002803,吉宏股份,2016-07-12,正常交易,
sz002805,丰元股份,2016-07-07,正常交易,
sz002806,华锋股份,2016-07-26,正常交易,
sz002807,江阴银行,2016-09-02,正常交易,
sz002808,*ST恒久,2016-08-12,正常交易,
sz002809,红墙股份,2016-08-23,正常交易,
sz002810,山东赫达,2016-08-26,正常交易,
sz002811,郑中设计,2016-09-08,正常交易,
sz002812,恩捷股份,2016-09-14,正常交易,
sz002813,路畅科技,2016-10-12,正常交易,
sz002815,崇达技术,2016-10-12,正常交易,
sz002816,*ST和科,2016-10-25,正常交易,
sz002817,黄山胶囊,2016-10-25,正常交易,
sz002818,富森美,2016-11-09,正常交易,
sz002819,东方中科,2016-11-11,正常交易,
sz002820,桂发祥,2016-11-18,正常交易,
sz002821,凯莱英,2016-11-18,正常交易,
sz002822,ST中装,2016-11-29,正常交易,
sz002823,凯中精密,2016-11-24,正常交易,
sz002824,和胜股份,2017-01-12,正常交易,
sz002825,纳尔股份,2016-11-29,正常交易,
sz002826,易明医药,2016-12-09,正常交易,
sz002827,高争民爆,2016-12-09,正常交易,
sz002828,贝肯能源,2016-12-08,正常交易,
sz002829,星网宇达,2016-12-13,正常交易,
sz002830,名雕股份,2016-12-13,正常交易,
sz002831,裕同科技,2016-12-16,正常交易,
sz002832,比音勒芬,2016-12-23,正常交易,
sz002833,弘亚数控,2016-12-28,正常交易,
sz002835,同为股份,2016-12-28,正常交易,
sz002836,新宏泽,2016-12-29,正常交易,
sz002837,英维克,2016-12-29,正常交易,
sz002838,道恩股份,2017-01-06,正常交易,
sz002839,张家港行,2017-01-24,正常交易,
sz002840,华统股份,2017-01-10,正常交易,
sz002841,视源股份,2017-01-19,正常交易,
sz002842,翔鹭钨业,2017-01-19,正常交易,
sz002843,泰嘉股份,2017-01-20,正常交易,
sz002845,同兴达,2017-01-25,正常交易,
sz002846,英联股份,2017-02-07,正常交易,
sz002847,盐津铺子,2017-02-08,正常交易,
sz002848,*ST高斯,2017-02-13,正常交易,
sz002849,威星智能,2017-02-17,正常交易,
sz002850,科达利,2017-03-02,正常交易,
sz002851,麦格米特,2017-03-06,正常交易,
sz002852,道道全,2017-03-10,正常交易,
sz002853,皮阿诺,2017-03-10,正常交易,
sz002855,捷荣技术,2017-03-21,正常交易,
sz002856,美芝股份,2017-03-20,正常交易,
sz002857,三晖电气,2017-03-23,正常交易,
sz002858,力盛体育,2017-03-24,正常交易,
sz002859,洁美科技,2017-04-07,正常交易,
sz002860,星帅尔,2017-04-12,正常交易,
sz002861,瀛通通讯,2017-04-13,正常交易,
sz002862,实丰文化,2017-04-11,正常交易,
sz002863,今飞凯达,2017-04-18,正常交易,
sz002864,盘龙药业,2017-11-16,正常交易,
sz002865,钧达股份,2017-04-25,正常交易,
sz002866,传艺科技,2017-04-26,正常交易,
sz002867,周大生,2017-04-27,正常交易,
sz002868,*ST绿康,2017-05-03,正常交易,
sz002869,金溢科技,2017-05-15,正常交易,
sz002870,香山股份,2017-05-15,正常交易,
sz002871,伟隆股份,2017-05-11,正常交易,
sz002872,ST天圣,2017-05-19,正常交易,
sz002873,新天药业,2017-05-19,正常交易,
sz002875,安奈儿,2017-06-01,正常交易,
sz002876,三利谱,2017-05-25,正常交易,
sz002877,智能自控,2017-06-05,正常交易,
sz002878,元隆雅图,2017-06-06,正常交易,
sz002879,长缆科技,2017-07-07,正常交易,
sz002880,卫光生物,2017-06-16,正常交易,
sz002881,美格智能,2017-06-22,正常交易,
sz002882,金龙羽,2017-07-17,正常交易,
sz002883,中设股份,2017-06-20,正常交易,
sz002884,凌霄泵业,2017-07-11,正常交易,
sz002885,京泉华,2017-06-27,正常交易,
sz002886,沃特股份,2017-06-27,正常交易,
sz002887,绿茵生态,2017-08-01,正常交易,
sz002888,惠威科技,2017-07-21,正常交易,
sz002889,东方嘉盛,2017-07-31,正常交易,
sz002890,弘宇股份,2017-08-02,正常交易,
sz002891,中宠股份,2017-08-21,正常交易,
sz002892,科力尔,2017-08-17,正常交易,
sz002893,京能热力,2017-09-15,正常交易,
sz002895,川恒股份,2017-08-25,正常交易,
sz002896,中大力德,2017-08-29,正常交易,
sz002897,意华股份,2017-09-07,正常交易,
sz002898,*ST赛隆,2017-09-12,正常交易,
sz002899,英派斯,2017-09-15,正常交易,
sz002900,哈三联,2017-09-22,正常交易,
sz002901,大博医疗,2017-09-22,正常交易,
sz002902,铭普光磁,2017-09-29,正常交易,
sz002903,宇环数控,2017-10-13,正常交易,
sz002905,金逸影视,2017-10-16,正常交易,
sz002906,华阳集团,2017-10-13,正常交易,
sz002907,华森制药,2017-10-20,正常交易,
sz002908,德生科技,2017-10-20,正常交易,
sz002909,集泰股份,2017-10-26,正常交易,
sz002910,庄园牧场,2017-10-31,正常交易,
sz002911,佛燃能源,2017-11-22,正常交易,
sz002912,中新赛克,2017-11-21,正常交易,
sz002913,奥士康,2017-12-01,正常交易,
sz002915,中欣氟材,2017-12-05,正常交易,
sz002916,深南电路,2017-12-13,正常交易,
sz002917,金奥博,2017-12-08,正常交易,
sz002918,蒙娜丽莎,2017-12-19,正常交易,
sz002919,名臣健康,2017-12-18,正常交易,
sz002920,德赛西威,2017-12-26,正常交易,
sz002921,联诚精密,2017-12-27,正常交易,
sz002922,伊戈尔,2017-12-29,正常交易,
sz002923,润都股份,2018-01-05,正常交易,
sz002925,盈趣科技,2018-01-15,正常交易,
sz002926,华西证券,2018-02-05,正常交易,
sz002927,泰永长征,2018-02-23,正常交易,
sz002928,华夏航空,2018-03-02,正常交易,
sz002929,润建股份,2018-03-01,正常交易,
sz002930,宏川智慧,2018-03-28,正常交易,
sz002931,锋龙股份,2018-04-03,正常交易,
sz002932,明德生物,2018-07-10,正常交易,
sz002933,新兴装备,2018-08-28,正常交易,
sz002935,天奥电子,2018-09-03,正常交易,
sz002936,郑州银行,2018-09-19,正常交易,
sz002937,兴瑞科技,2018-09-26,正常交易,
sz002938,鹏鼎控股,2018-09-18,正常交易,
sz002939,长城证券,2018-10-26,正常交易,
sz002940,昂利康,2018-10-23,正常交易,
sz002941,新疆交建,2018-11-28,正常交易,
sz002942,新农股份,2018-12-05,正常交易,
sz002943,宇晶股份,2018-11-29,正常交易,
sz002945,华林证券,2019-01-17,正常交易,
sz002946,新乳业,2019-01-25,正常交易,
sz002947,恒铭达,2019-02-01,正常交易,
sz002948,青岛银行,2019-01-16,正常交易,
sz002949,华阳国际,2019-02-26,正常交易,
sz002950,奥美医疗,2019-03-11,正常交易,
sz002951,金时科技,2019-03-15,正常交易,
sz002952,亚世光电,2019-03-28,正常交易,
sz002953,日丰股份,2019-05-09,正常交易,
sz002955,鸿合科技,2019-05-23,正常交易,
sz002956,西麦食品,2019-06-19,正常交易,
sz002957,科瑞技术,2019-07-26,正常交易,
sz002958,青农商行,2019-03-26,正常交易,
sz002959,小熊电器,2019-08-23,正常交易,
sz002960,青鸟消防,2019-08-09,正常交易,
sz002961,瑞达期货,2019-09-05,正常交易,
sz002962,五方光电,2019-09-17,正常交易,
sz002963,豪尔赛,2019-10-28,正常交易,
sz002965,祥鑫科技,2019-10-25,正常交易,
sz002966,苏州银行,2019-08-02,正常交易,
sz002967,广电计量,2019-11-08,正常交易,
sz002968,新大正,2019-12-03,正常交易,
sz002969,嘉美包装,2019-12-02,正常交易,
sz002970,锐明技术,2019-12-17,正常交易,
sz002971,和远气体,2020-01-13,正常交易,
sz002972,科安达,2019-12-27,正常交易,
sz002973,侨银股份,2020-01-06,正常交易,
sz002975,博杰股份,2020-02-05,正常交易,
sz002976,瑞玛精密,2020-03-06,正常交易,
sz002977,天箭科技,2020-03-17,正常交易,
sz002978,安宁股份,2020-04-17,正常交易,
sz002979,雷赛智能,2020-04-08,正常交易,
sz002980,华盛昌,2020-04-15,正常交易,
sz002981,朝阳科技,2020-04-17,正常交易,
sz002982,湘佳股份,2020-04-24,正常交易,
sz002983,芯瑞达,2020-04-28,正常交易,
sz002984,森麒麟,2020-09-11,正常交易,
sz002985,北摩高科,2020-04-29,正常交易,
sz002986,宇新股份,2020-06-02,正常交易,
sz002987,京北方,2020-05-07,正常交易,
sz002988,豪美新材,2020-05-18,正常交易,
sz002989,中天精装,2020-06-10,正常交易,
sz002990,盛视科技,2020-05-25,正常交易,
sz002991,甘源食品,2020-07-31,正常交易,
sz002992,宝明科技,2020-08-03,正常交易,
sz002993,奥海科技,2020-08-17,正常交易,
sz002995,天地在线,2020-08-05,正常交易,
sz002996,顺博合金,2020-08-28,正常交易,
sz002997,瑞鹄模具,2020-09-03,正常交易,
sz002998,优彩资源,2020-09-25,正常交易,
sz002999,天禾股份,2020-09-03,正常交易,
sz003000,劲仔食品,2020-09-14,正常交易,
sz003001,中岩大地,2020-10-13,正常交易,
sz003002,壶化股份,2020-09-22,正常交易,
sz003003,天元股份,2020-09-21,正常交易,
sz003004,*ST声迅,2020-11-26,正常交易,
sz003005,竞业达,2020-09-22,正常交易,
sz003006,百亚股份,2020-09-21,正常交易,
sz003007,直真科技,2020-09-23,正常交易,
sz003008,开普检测,2020-09-23,正常交易,
sz003009,中天火箭,2020-09-25,正常交易,
sz003010,若羽臣,2020-09-25,正常交易,
sz003011,海象新材,2020-09-30,正常交易,
sz003012,东鹏控股,2020-10-19,正常交易,
sz003013,地铁设计,2020-10-22,正常交易,
sz003015,日久光电,2020-10-21,正常交易,
sz003016,欣贺股份,2020-10-26,正常交易,
sz003017,大洋生物,2020-10-26,正常交易,
sz003018,金富科技,2020-11-06,正常交易,
sz003019,宸展光电,2020-11-17,正常交易,
sz003020,立方制药,2020-12-15,正常交易,
sz003021,兆威机电,2020-12-04,正常交易,
sz003022,联泓新科,2020-12-08,正常交易,
sz003023,彩虹集团,2020-12-11,正常交易,
sz003025,思进智能,2020-12-11,正常交易,
sz003026,中晶科技,2020-12-18,正常交易,
sz003027,同兴科技,2020-12-18,正常交易,
sz003028,振邦智能,2020-12-28,正常交易,
sz003029,吉大正元,2020-12-24,正常交易,
sz003030,祖名股份,2021-01-06,正常交易,
sz003031,中瓷电子,2021-01-04,正常交易,
sz003032,*ST传智,2021-01-12,正常交易,
sz003033,征和工业,2021-01-11,正常交易,
sz003035,南网能源,2021-01-19,正常交易,
sz003036,泰坦股份,2021-01-28,正常交易,
sz003037,三和管桩,2021-02-04,正常交易,
sz003038,鑫铂股份,2021-02-10,正常交易,
sz003039,顺控发展,2021-03-08,正常交易,
sz003040,楚天龙,2021-03-22,正常交易,
sz003041,真爱美家,2021-04-06,正常交易,
sz003042,中农联合,2021-04-06,正常交易,
sz003043,华亚智能,2021-04-06,正常交易,
sz003816,中国广核,2019-08-26,正常交易,
sz300001,特锐德,2009-10-30,正常交易,
sz300002,神州泰岳,2009-10-30,正常交易,
sz300003,乐普医疗,2009-10-30,正常交易,
sz300004,南风股份,2009-10-30,正常交易,
sz300005,探路者,2009-10-30,正常交易,
sz300006,莱美药业,2009-10-30,正常交易,
sz300007,汉威科技,2009-10-30,正常交易,
sz300008,天海防务,2009-10-30,正常交易,
sz300009,安科生物,2009-10-30,正常交易,
sz300010,豆神教育,2009-10-30,正常交易,
sz300011,鼎汉技术,2009-10-30,正常交易,
sz300012,华测检测,2009-10-30,正常交易,
sz300013,新宁物流,2009-10-30,正常交易,
sz300014,亿纬锂能,2009-10-30,正常交易,
sz300015,爱尔眼科,2009-10-30,正常交易,
sz300016,北陆药业,2009-10-30,正常交易,
sz300017,网宿科技,2009-10-30,正常交易,
sz300018,中元股份,2009-10-30,正常交易,
sz300019,硅宝科技,2009-10-30,正常交易,
sz300020,ST银江,2009-10-30,正常交易,
sz300021,大禹节水,2009-10-30,正常交易,
sz300022,吉峰科技,2009-10-30,正常交易,
sz300024,机器人,2009-10-30,正常交易,
sz300025,华星创业,2009-10-30,正常交易,
sz300026,红日药业,2009-10-30,正常交易,
sz300027,华谊兄弟,2009-10-30,正常交易,
sz300029,*ST天龙,2009-12-25,正常交易,
sz300030,阳普医疗,2009-12-25,正常交易,
sz300031,宝通科技,2009-12-25,正常交易,
sz300032,金龙机电,2009-12-25,正常交易,
sz300033,同花顺,2009-12-25,正常交易,
sz300034,钢研高纳,2009-12-25,正常交易,
sz300035,中科电气,2009-12-25,正常交易,
sz300036,超图软件,2009-12-25,正常交易,
sz300037,新宙邦,2010-01-08,正常交易,
sz300039,上海凯宝,2010-01-08,正常交易,
sz300040,九洲集团,2010-01-08,正常交易,
sz300041,回天新材,2010-01-08,正常交易,
sz300042,朗科科技,2010-01-08,正常交易,
sz300043,星辉娱乐,2010-01-20,正常交易,
sz300044,ST赛为,2010-01-20,正常交易,
sz300045,华力创通,2010-01-20,正常交易,
sz300046,台基股份,2010-01-20,正常交易,
sz300047,天源迪科,2010-01-20,正常交易,
sz300048,合康新能,2010-01-20,正常交易,
sz300049,福瑞股份,2010-01-20,正常交易,
sz300050,世纪鼎利,2010-01-20,正常交易,
sz300051,琏升科技,2010-02-11,正常交易,
sz300052,ST中青宝,2010-02-11,正常交易,
sz300053,航宇微,2010-02-11,正常交易,
sz300054,鼎龙股份,2010-02-11,正常交易,
sz300055,万邦达,2010-02-26,正常交易,
sz300056,中创环保,2010-02-26,正常交易,
sz300057,万顺新材,2010-02-26,正常交易,
sz300058,蓝色光标,2010-02-26,正常交易,
sz300059,东方财富,2010-03-19,正常交易,
sz300061,旗天科技,2010-03-19,正常交易,
sz300062,中能电气,2010-03-19,正常交易,
sz300063,天龙集团,2010-03-26,正常交易,
sz300065,海兰信,2010-03-26,正常交易,
sz300066,三川智慧,2010-03-26,正常交易,
sz300067,安诺其,2010-04-21,正常交易,
sz300068,南都电源,2010-04-21,正常交易,
sz300069,金利华电,2010-04-21,正常交易,
sz300070,碧水源,2010-04-21,正常交易,
sz300071,福石控股,2010-04-21,正常交易,
sz300072,海新能科,2010-04-27,正常交易,
sz300073,当升科技,2010-04-27,正常交易,
sz300074,华平股份,2010-04-27,正常交易,
sz300075,数字政通,2010-04-27,正常交易,
sz300076,GQY视讯,2010-04-30,正常交易,
sz300077,国民技术,2010-04-30,正常交易,
sz300078,思创医惠,2010-04-30,正常交易,
sz300079,数码视讯,2010-04-30,正常交易,
sz300080,易成新能,2010-06-25,正常交易,
sz300081,恒信东方,2010-05-20,正常交易,
sz300082,奥克股份,2010-05-20,正常交易,
sz300083,创世纪,2010-05-20,正常交易,
sz300084,海默科技,2010-05-20,正常交易,
sz300085,银之杰,2010-05-26,正常交易,
sz300086,康芝药业,2010-05-26,正常交易,
sz300087,荃银高科,2010-05-26,正常交易,
sz300088,长信科技,2010-05-26,正常交易,
sz300091,金通灵,2010-06-25,正常交易,
sz300092,科新机电,2010-07-08,正常交易,
sz300093,*ST金刚,2010-07-08,正常交易,
sz300094,国联水产,2010-07-08,正常交易,
sz300095,华伍股份,2010-07-28,正常交易,
sz300096,ST易联众,2010-07-28,正常交易,
sz300097,ST智云,2010-07-28,正常交易,
sz300098,高新兴,2010-07-28,正常交易,
sz300099,尤洛卡,2010-08-06,正常交易,
sz300100,双林股份,2010-08-06,正常交易,
sz300101,振芯科技,2010-08-06,正常交易,
sz300102,乾照光电,2010-08-12,正常交易,
sz300103,达刚控股,2010-08-12,正常交易,
sz300105,龙源技术,2010-08-20,正常交易,
sz300106,西部牧业,2010-08-20,正常交易,
sz300107,建新股份,2010-08-20,正常交易,
sz300109,新开源,2010-08-25,正常交易,
sz300110,华仁药业,2010-08-25,正常交易,
sz300111,向日葵,2010-08-27,正常交易,
sz300112,万讯自控,2010-08-27,正常交易,
sz300113,顺网科技,2010-08-27,正常交易,
sz300115,长盈精密,2010-09-02,正常交易,
sz300118,东方日升,2010-09-02,正常交易,
sz300119,瑞普生物,2010-09-17,正常交易,
sz300120,经纬辉开,2010-09-17,正常交易,
sz300121,阳谷华泰,2010-09-17,正常交易,
sz300122,智飞生物,2010-09-28,正常交易,
sz300123,亚光科技,2010-09-28,正常交易,
sz300124,汇川技术,2010-09-28,正常交易,
sz300125,*ST聆达,2010-10-13,正常交易,
sz300126,锐奇股份,2010-10-13,正常交易,
sz300127,银河磁体,2010-10-13,正常交易,
sz300128,锦富技术,2010-10-13,正常交易,
sz300129,泰胜风能,2010-10-19,正常交易,
sz300130,新国都,2010-10-19,正常交易,
sz300131,英唐智控,2010-10-19,正常交易,
sz300132,青松股份,2010-10-26,正常交易,
sz300133,华策影视,2010-10-26,正常交易,
sz300134,大富科技,2010-10-26,正常交易,
sz300135,宝利国际,2010-10-26,正常交易,
sz300136,信维通信,2010-11-05,正常交易,
sz300137,ST先河,2010-11-05,正常交易,
sz300138,晨光生物,2010-11-05,正常交易,
sz300139,晓程科技,2010-11-12,正常交易,
sz300140,节能环境,2010-11-12,正常交易,
sz300141,和顺电气,2010-11-12,正常交易,
sz300142,沃森生物,2010-11-12,正常交易,
sz300143,盈康生命,2010-12-09,正常交易,
sz300144,宋城演艺,2010-12-09,正常交易,
sz300145,南方泵业,2010-12-09,正常交易,
sz300146,汤臣倍健,2010-12-15,正常交易,
sz300147,ST香雪,2010-12-15,正常交易,
sz300148,天舟文化,2010-12-15,正常交易,
sz300149,睿智医药,2010-12-22,正常交易,
sz300150,世纪瑞尔,2010-12-22,正常交易,
sz300151,昌红科技,2010-12-22,正常交易,
sz300152,ST新动力,2010-12-29,正常交易,
sz300153,科泰电源,2010-12-29,正常交易,
sz300154,瑞凌股份,2010-12-29,正常交易,
sz300155,安居宝,2011-01-07,正常交易,
sz300157,新锦动力,2011-01-07,正常交易,
sz300158,振东制药,2011-01-07,正常交易,
sz300159,*ST新研,2011-01-07,正常交易,
sz300160,秀强股份,2011-01-13,正常交易,
sz300161,华中数控,2011-01-13,正常交易,
sz300162,雷曼光电,2011-01-13,正常交易,
sz300163,先锋新材,2011-01-13,正常交易,
sz300164,通源石油,2011-01-13,正常交易,
sz300165,ST天瑞,2011-01-25,正常交易,
sz300166,东方国信,2011-01-25,正常交易,
sz300167,ST迪威迅,2011-01-25,正常交易,
sz300168,万达信息,2011-01-25,正常交易,
sz300169,天晟新材,2011-01-25,正常交易,
sz300170,汉得信息,2011-02-01,正常交易,
sz300171,东富龙,2011-02-01,正常交易,
sz300172,中电环保,2011-02-01,正常交易,
sz300173,福能东方,2011-02-01,正常交易,
sz300174,元力股份,2011-02-01,正常交易,
sz300175,ST朗源,2011-02-15,正常交易,
sz300176,鸿特科技,2011-02-15,正常交易,
sz300177,中海达,2011-02-15,正常交易,
sz300179,四方达,2011-02-15,正常交易,
sz300180,华峰超纤,2011-02-22,正常交易,
sz300181,佐力药业,2011-02-22,正常交易,
sz300182,捷成股份,2011-02-22,正常交易,
sz300183,东软载波,2011-02-22,正常交易,
sz300184,力源信息,2011-02-22,正常交易,
sz300185,通裕重工,2011-03-08,正常交易,
sz300187,永清环保,2011-03-08,正常交易,
sz300188,国投智能,2011-03-16,正常交易,
sz300189,神农种业,2011-03-16,正常交易,
sz300190,维尔利,2011-03-16,正常交易,
sz300191,潜能恒信,2011-03-16,正常交易,
sz300192,科德教育,2011-03-22,正常交易,
sz300193,佳士科技,2011-03-22,正常交易,
sz300194,福安药业,2011-03-22,正常交易,
sz300195,长荣股份,2011-03-29,正常交易,
sz300196,长海股份,2011-03-29,正常交易,
sz300197,节能铁汉,2011-03-29,正常交易,
sz300198,ST纳川,2011-04-07,正常交易,
sz300199,翰宇药业,2011-04-07,正常交易,
sz300200,高盟新材,2011-04-07,正常交易,
sz300201,海伦哲,2011-04-07,正常交易,
sz300203,聚光科技,2011-04-15,正常交易,
sz300204,舒泰神,2011-04-15,正常交易,
sz300205,*ST天喻,2011-04-21,正常交易,
sz300206,理邦仪器,2011-04-21,正常交易,
sz300207,欣旺达,2011-04-21,正常交易,
sz300209,有棵树,2011-04-26,正常交易,
sz300210,森远股份,2011-04-26,正常交易,
sz300211,*ST亿通,2011-05-05,正常交易,
sz300212,易华录,2011-05-05,正常交易,
sz300213,佳讯飞鸿,2011-05-05,正常交易,
sz300214,日科化学,2011-05-11,正常交易,
sz300215,电科院,2011-05-11,正常交易,
sz300217,东方电热,2011-05-18,正常交易,
sz300218,安利股份,2011-05-18,正常交易,
sz300219,鸿利智汇,2011-05-18,正常交易,
sz300220,金运激光,2011-05-25,正常交易,
sz300221,银禧科技,2011-05-25,正常交易,
sz300222,科大智能,2011-05-25,正常交易,
sz300223,北京君正,2011-05-31,正常交易,
sz300224,正海磁材,2011-05-31,正常交易,
sz300225,*ST金泰,2011-05-31,正常交易,
sz300226,上海钢联,2011-06-08,正常交易,
sz300227,光韵达,2011-06-08,正常交易,
sz300228,富瑞特装,2011-06-08,正常交易,
sz300229,拓尔思,2011-06-15,正常交易,
sz300230,永利股份,2011-06-15,正常交易,
sz300231,银信科技,2011-06-15,正常交易,
sz300232,洲明科技,2011-06-22,正常交易,
sz300233,金城医药,2011-06-22,正常交易,
sz300234,开尔新材,2011-06-22,正常交易,
sz300235,方直科技,2011-06-29,正常交易,
sz300236,上海新阳,2011-06-29,正常交易,
sz300237,美晨科技,2011-06-29,正常交易,
sz300238,冠昊生物,2011-07-06,正常交易,
sz300239,东宝生物,2011-07-06,正常交易,
sz300240,飞力达,2011-07-06,正常交易,
sz300241,瑞丰光电,2011-07-12,正常交易,
sz300242,佳云科技,2011-07-12,正常交易,
sz300243,瑞丰高材,2011-07-12,正常交易,
sz300244,迪安诊断,2011-07-19,正常交易,
sz300245,天玑科技,2011-07-19,正常交易,
sz300246,宝莱特,2011-07-19,正常交易,
sz300247,融捷健康,2011-07-29,正常交易,
sz300248,新开普,2011-07-29,正常交易,
sz300249,依米康,2011-08-03,正常交易,
sz300250,初灵信息,2011-08-03,正常交易,
sz300251,光线传媒,2011-08-03,正常交易,
sz300252,金信诺,2011-08-18,正常交易,
sz300253,卫宁健康,2011-08-18,正常交易,
sz300254,仟源医药,2011-08-19,正常交易,
sz300255,常山药业,2011-08-19,正常交易,
sz300256,星星科技,2011-08-19,正常交易,
sz300257,开山股份,2011-08-19,正常交易,
sz300258,精锻科技,2011-08-26,正常交易,
sz300259,新天科技,2011-08-31,正常交易,
sz300260,新莱应材,2011-09-06,正常交易,
sz300261,雅本化学,2011-09-06,正常交易,
sz300263,隆华科技,2011-09-16,正常交易,
sz300264,佳创视讯,2011-09-16,正常交易,
sz300265,通光线缆,2011-09-16,正常交易,
sz300266,兴源环境,2011-09-27,正常交易,
sz300267,尔康制药,2011-09-27,正常交易,
sz300268,*ST佳沃,2011-09-27,正常交易,
sz300269,联建光电,2011-10-12,正常交易,
sz300270,中威电子,2011-10-12,正常交易,
sz300271,华宇软件,2011-10-26,正常交易,
sz300272,开能健康,2011-11-02,正常交易,
sz300274,阳光电源,2011-11-02,正常交易,
sz300275,梅安森,2011-11-02,正常交易,
sz300276,三丰智能,2011-11-15,正常交易,
sz300277,海联讯,2011-11-23,正常交易,
sz300278,华昌达,2011-12-16,正常交易,
sz300279,和晶科技,2011-12-29,正常交易,
sz300280,*ST紫天,2011-12-29,正常交易,
sz300281,金明精机,2011-12-29,正常交易,
sz300283,温州宏丰,2012-01-10,正常交易,
sz300284,苏交科,2012-01-10,正常交易,
sz300285,国瓷材料,2012-01-13,正常交易,
sz300286,安科瑞,2012-01-13,正常交易,
sz300287,飞利信,2012-02-01,正常交易,
sz300288,朗玛信息,2012-02-16,正常交易,
sz300289,利德曼,2012-02-16,正常交易,
sz300290,荣科科技,2012-02-16,正常交易,
sz300291,百纳千成,2012-02-09,正常交易,
sz300292,吴通控股,2012-02-29,正常交易,
sz300293,蓝英装备,2012-03-08,正常交易,
sz300294,博雅生物,2012-03-08,正常交易,
sz300295,三六五网,2012-03-15,正常交易,
sz300296,利亚德,2012-03-15,正常交易,
sz300298,三诺生物,2012-03-19,正常交易,
sz300299,富春股份,2012-03-19,正常交易,
sz300300,ST峡创,2012-03-19,正常交易,
sz300301,ST长方,2012-03-21,正常交易,
sz300302,同有科技,2012-03-21,正常交易,
sz300303,聚飞光电,2012-03-19,正常交易,
sz300304,云意电气,2012-03-21,正常交易,
sz300305,裕兴股份,2012-03-29,正常交易,
sz300306,远方信息,2012-03-29,正常交易,
sz300307,慈星股份,2012-03-29,正常交易,
sz300308,中际旭创,2012-04-10,正常交易,
sz300310,宜通世纪,2012-04-25,正常交易,
sz300311,ST任子行,2012-04-25,正常交易,
sz300313,*ST天山,2012-04-25,正常交易,
sz300314,戴维医疗,2012-05-08,正常交易,
sz300315,掌趣科技,2012-05-11,正常交易,
sz300316,晶盛机电,2012-05-11,正常交易,
sz300317,珈伟新能,2012-05-11,正常交易,
sz300318,博晖创新,2012-05-23,正常交易,
sz300319,麦捷科技,2012-05-23,正常交易,
sz300320,海达股份,2012-06-01,正常交易,
sz300321,同大股份,2012-05-23,正常交易,
sz300322,硕贝德,2012-06-08,正常交易,
sz300323,华灿光电,2012-06-01,正常交易,
sz300324,旋极信息,2012-06-08,正常交易,
sz300326,ST凯利,2012-06-13,正常交易,
sz300327,中颖电子,2012-06-13,正常交易,
sz300328,宜安科技,2012-06-19,正常交易,
sz300329,海伦钢琴,2012-06-19,正常交易,
sz300331,苏大维格,2012-06-28,正常交易,
sz300332,天壕能源,2012-06-28,正常交易,
sz300333,兆日科技,2012-06-28,正常交易,
sz300334,津膜科技,2012-07-05,正常交易,
sz300335,迪森股份,2012-07-10,正常交易,
sz300337,银邦股份,2012-07-18,正常交易,
sz300338,ST开元,2012-07-26,正常交易,
sz300339,润和软件,2012-07-18,正常交易,
sz300340,科恒股份,2012-07-26,正常交易,
sz300341,麦克奥迪,2012-07-26,正常交易,
sz300342,天银机电,2012-07-26,正常交易,
sz300343,ST联创,2012-08-01,正常交易,
sz300344,ST立方,2012-08-01,正常交易,
sz300345,华民股份,2012-08-01,正常交易,
sz300346,南大光电,2012-08-07,正常交易,
sz300347,泰格医药,2012-08-17,正常交易,
sz300348,长亮科技,2012-08-17,正常交易,
sz300349,金卡智能,2012-08-17,正常交易,
sz300350,华鹏飞,2012-08-21,正常交易,
sz300351,永贵电器,2012-09-20,正常交易,
sz300352,北信源,2012-09-12,正常交易,
sz300353,东土科技,2012-09-27,正常交易,
sz300354,东华测试,2012-09-20,正常交易,
sz300355,蒙草生态,2012-09-27,正常交易,
sz300357,我武生物,2014-01-21,正常交易,
sz300358,楚天科技,2014-01-21,正常交易,
sz300359,全通教育,2014-01-21,正常交易,
sz300360,炬华科技,2014-01-21,正常交易,
sz300363,博腾股份,2014-01-29,正常交易,
sz300364,中文在线,2015-01-21,正常交易,
sz300365,恒华科技,2014-01-23,正常交易,
sz300366,创意信息,2014-01-27,正常交易,
sz300368,汇金股份,2014-01-23,正常交易,
sz300369,绿盟科技,2014-01-29,正常交易,
sz300370,安控科技,2014-01-23,正常交易,
sz300371,汇中股份,2014-01-23,正常交易,
sz300373,扬杰科技,2014-01-23,正常交易,
sz300374,中铁装配,2015-03-19,正常交易,
sz300375,鹏翎股份,2014-01-27,正常交易,
sz300376,ST易事特,2014-01-27,正常交易,
sz300377,赢时胜,2014-01-27,正常交易,
sz300378,鼎捷数智,2014-01-27,正常交易,
sz300379,*ST东通,2014-01-28,正常交易,
sz300380,安硕信息,2014-01-28,正常交易,
sz300381,溢多利,2014-01-28,正常交易,
sz300382,斯莱克,2014-01-29,正常交易,
sz300383,光环新网,2014-01-29,正常交易,
sz300384,三联虹普,2014-08-01,正常交易,
sz300385,雪浪环境,2014-06-26,正常交易,
sz300386,飞天诚信,2014-06-26,正常交易,
sz300387,富邦科技,2014-07-02,正常交易,
sz300388,节能国祯,2014-08-01,正常交易,
sz300389,艾比森,2014-08-01,正常交易,
sz300390,天华新能,2014-07-31,正常交易,
sz300391,*ST长药,2014-08-01,正常交易,
sz300393,中来股份,2014-09-12,正常交易,
sz300394,天孚通信,2015-02-17,正常交易,
sz300395,菲利华,2014-09-10,正常交易,
sz300396,迪瑞医疗,2014-09-10,正常交易,
sz300397,天和防务,2014-09-10,正常交易,
sz300398,飞凯材料,2014-10-09,正常交易,
sz300399,天利科技,2014-10-09,正常交易,
sz300400,劲拓股份,2014-10-10,正常交易,
sz300401,花园生物,2014-10-09,正常交易,
sz300402,宝色股份,2014-10-10,正常交易,
sz300403,汉宇集团,2014-10-30,正常交易,
sz300404,博济医药,2015-04-24,正常交易,
sz300405,科隆股份,2014-10-30,正常交易,
sz300406,九强生物,2014-10-30,正常交易,
sz300407,凯发电气,2014-12-03,正常交易,
sz300408,三环集团,2014-12-03,正常交易,
sz300409,道氏技术,2014-12-03,正常交易,
sz300410,正业科技,2014-12-31,正常交易,
sz300411,金盾股份,2014-12-31,正常交易,
sz300412,迦南科技,2014-12-31,正常交易,
sz300413,芒果超媒,2015-01-21,正常交易,
sz300414,中光防雷,2015-05-13,正常交易,
sz300415,伊之密,2015-01-23,正常交易,
sz300416,苏试试验,2015-01-22,正常交易,
sz300417,南华仪器,2015-01-23,正常交易,
sz300418,昆仑万维,2015-01-21,正常交易,
sz300419,ST浩丰,2015-01-22,正常交易,
sz300420,五洋自控,2015-02-17,正常交易,
sz300421,力星股份,2015-02-17,正常交易,
sz300422,博世科,2015-02-17,正常交易,
sz300423,昇辉科技,2015-02-17,正常交易,
sz300424,航新科技,2015-04-22,正常交易,
sz300425,中建环能,2015-02-16,正常交易,
sz300426,华智数媒,2015-02-17,正常交易,
sz300427,红相股份,2015-02-17,正常交易,
sz300428,立中集团,2015-03-19,正常交易,
sz300429,强力新材,2015-03-24,正常交易,
sz300430,诚益通,2015-03-19,正常交易,
sz300432,富临精工,2015-03-19,正常交易,
sz300433,蓝思科技,2015-03-18,正常交易,
sz300434,金石亚药,2015-04-24,正常交易,
sz300435,中泰股份,2015-03-26,正常交易,
sz300436,广生堂,2015-04-22,正常交易,
sz300437,清水源,2015-04-23,正常交易,
sz300438,鹏辉能源,2015-04-24,正常交易,
sz300439,美康生物,2015-04-22,正常交易,
sz300440,运达科技,2015-04-23,正常交易,
sz300441,鲍斯股份,2015-04-23,正常交易,
sz300442,润泽科技,2015-04-24,正常交易,
sz300443,金雷股份,2015-04-22,正常交易,
sz300444,双杰电气,2015-04-23,正常交易,
sz300445,康斯特,2015-04-24,正常交易,
sz300446,航天智造,2015-04-23,正常交易,
sz300447,全信股份,2015-04-22,正常交易,
sz300448,浩云科技,2015-04-24,正常交易,
sz300449,汉邦高科,2015-04-22,正常交易,
sz300450,先导智能,2015-05-18,正常交易,
sz300451,创业慧康,2015-05-14,正常交易,
sz300452,山河药辅,2015-05-15,正常交易,
sz300453,三鑫医疗,2015-05-15,正常交易,
sz300454,深信服,2018-05-16,正常交易,
sz300455,航天智装,2015-05-15,正常交易,
sz300456,赛微电子,2015-05-14,正常交易,
sz300457,赢合科技,2015-05-14,正常交易,
sz300458,全志科技,2015-05-15,正常交易,
sz300459,汤姆猫,2015-05-15,正常交易,
sz300460,惠伦晶体,2015-05-15,正常交易,
sz300461,田中精机,2015-05-19,正常交易,
sz300462,ST华铭,2015-05-27,正常交易,
sz300463,迈克生物,2015-05-28,正常交易,
sz300464,星徽股份,2015-06-10,正常交易,
sz300465,高伟达,2015-05-28,正常交易,
sz300466,赛摩智能,2015-05-28,正常交易,
sz300467,迅游科技,2015-05-27,正常交易,
sz300468,四方精创,2015-05-27,正常交易,
sz300469,信息发展,2015-06-11,正常交易,
sz300470,中密控股,2015-06-12,正常交易,
sz300471,厚普股份,2015-06-11,正常交易,
sz300472,*ST新元,2015-06-11,正常交易,
sz300473,德尔股份,2015-06-12,正常交易,
sz300474,景嘉微,2016-03-31,正常交易,
sz300475,香农芯创,2015-06-10,正常交易,
sz300476,胜宏科技,2015-06-11,正常交易,
sz300477,ST合纵,2015-06-10,正常交易,
sz300478,杭州高新,2015-06-10,正常交易,
sz300479,神思电子,2015-06-12,正常交易,
sz300480,光力科技,2015-07-02,正常交易,
sz300481,濮阳惠成,2015-06-30,正常交易,
sz300482,万孚生物,2015-06-30,正常交易,
sz300483,首华燃气,2015-06-30,正常交易,
sz300484,蓝海华腾,2016-03-22,正常交易,
sz300485,赛升药业,2015-06-26,正常交易,
sz300486,东杰智能,2015-06-30,正常交易,
sz300487,蓝晓科技,2015-07-02,正常交易,
sz300488,恒锋工具,2015-07-01,正常交易,
sz300489,光智科技,2015-07-01,正常交易,
sz300490,华自科技,2015-12-31,正常交易,
sz300491,通合科技,2015-12-31,正常交易,
sz300492,华图山鼎,2015-12-23,正常交易,
sz300493,润欣科技,2015-12-10,正常交易,
sz300494,盛天网络,2015-12-31,正常交易,
sz300496,中科创达,2015-12-10,正常交易,
sz300497,富祥药业,2015-12-22,正常交易,
sz300498,温氏股份,2015-11-02,正常交易,
sz300499,高澜股份,2016-02-02,正常交易,
sz300500,启迪设计,2016-02-04,正常交易,
sz300501,海顺新材,2016-02-04,正常交易,
sz300502,新易盛,2016-03-03,正常交易,
sz300503,昊志机电,2016-03-09,正常交易,
sz300504,天邑股份,2018-03-30,正常交易,
sz300505,川金诺,2016-03-15,正常交易,
sz300506,ST名家汇,2016-03-24,正常交易,
sz300507,苏奥传感,2016-04-29,正常交易,
sz300508,维宏股份,2016-04-19,正常交易,
sz300509,新美星,2016-04-25,正常交易,
sz300510,金冠股份,2016-05-06,正常交易,
sz300511,雪榕生物,2016-05-04,正常交易,
sz300512,中亚股份,2016-05-26,正常交易,
sz300513,恒实科技,2016-05-30,正常交易,
sz300514,友讯达,2017-04-26,正常交易,
sz300515,三德科技,2016-06-08,正常交易,
sz300516,久之洋,2016-06-02,正常交易,
sz300517,海波重科,2016-07-19,正常交易,
sz300518,新迅达,2016-06-24,正常交易,
sz300519,新光药业,2016-06-24,正常交易,
sz300520,科大国创,2016-07-08,正常交易,
sz300521,爱司凯,2016-07-05,正常交易,
sz300522,世名科技,2016-07-05,正常交易,
sz300523,辰安科技,2016-07-26,正常交易,
sz300525,博思软件,2016-07-26,正常交易,
sz300527,ST应急,2016-08-05,正常交易,
sz300528,幸福蓝海,2016-08-08,正常交易,
sz300529,健帆生物,2016-08-02,正常交易,
sz300530,领湃科技,2016-08-09,正常交易,
sz300531,优博讯,2016-08-09,正常交易,
sz300532,今天国际,2016-08-18,正常交易,
sz300533,冰川网络,2016-08-18,正常交易,
sz300534,陇神戎发,2016-09-13,正常交易,
sz300535,达威股份,2016-08-12,正常交易,
sz300536,农尚环境,2016-09-20,正常交易,
sz300537,广信材料,2016-08-30,正常交易,
sz300538,同益股份,2016-08-26,正常交易,
sz300539,横河精密,2016-08-30,正常交易,
sz300540,蜀道装备,2016-08-23,正常交易,
sz300541,先进数通,2016-09-13,正常交易,
sz300542,新晨科技,2016-09-20,正常交易,
sz300543,朗科智能,2016-09-08,正常交易,
sz300545,联得装备,2016-09-28,正常交易,
sz300546,雄帝科技,2016-09-28,正常交易,
sz300547,川环科技,2016-09-30,正常交易,
sz300548,长芯博创,2016-10-12,正常交易,
sz300549,优德精密,2016-09-30,正常交易,
sz300550,和仁科技,2016-10-18,正常交易,
sz300551,古鳌科技,2016-10-18,正常交易,
sz300552,万集科技,2016-10-21,正常交易,
sz300553,集智股份,2016-10-21,正常交易,
sz300554,三超新材,2017-04-21,正常交易,
sz300555,ST路通,2016-10-18,正常交易,
sz300556,丝路视觉,2016-11-04,正常交易,
sz300557,理工光科,2016-11-01,正常交易,
sz300558,贝达药业,2016-11-07,正常交易,
sz300559,佳发教育,2016-11-01,正常交易,
sz300560,中富通,2016-11-01,正常交易,
sz300561,*ST汇科,2016-11-17,正常交易,
sz300562,乐心医疗,2016-11-16,正常交易,
sz300563,神宇股份,2016-11-14,正常交易,
sz300564,筑博设计,2019-11-08,正常交易,
sz300565,科信技术,2016-11-22,正常交易,
sz300566,激智科技,2016-11-15,正常交易,
sz300567,精测电子,2016-11-22,正常交易,
sz300568,星源材质,2016-12-01,正常交易,
sz300569,天能重工,2016-11-25,正常交易,
sz300570,太辰光,2016-12-06,正常交易,
sz300571,平治信息,2016-12-13,正常交易,
sz300572,安车检测,2016-12-06,正常交易,
sz300573,兴齐眼药,2016-12-08,正常交易,
sz300575,中旗股份,2016-12-20,正常交易,
sz300576,容大感光,2016-12-20,正常交易,
sz300577,开润股份,2016-12-21,正常交易,
sz300578,会畅通讯,2017-01-25,正常交易,
sz300579,数字认证,2016-12-23,正常交易,
sz300580,贝斯特,2017-01-11,正常交易,
sz300581,晨曦航空,2016-12-20,正常交易,
sz300582,英飞特,2016-12-28,正常交易,
sz300583,赛托生物,2017-01-06,正常交易,
sz300584,海辰药业,2017-01-12,正常交易,
sz300585,奥联电子,2016-12-29,正常交易,
sz300586,美联新材,2017-01-04,正常交易,
sz300587,天铁科技,2017-01-05,正常交易,
sz300588,熙菱信息,2017-01-05,正常交易,
sz300589,江龙船艇,2017-01-13,正常交易,
sz300590,移为通信,2017-01-11,正常交易,
sz300591,万里马,2017-01-10,正常交易,
sz300592,华凯易佰,2017-01-20,正常交易,
sz300593,新雷能,2017-01-13,正常交易,
sz300594,朗进科技,2019-06-21,正常交易,
sz300595,欧普康视,2017-01-17,正常交易,
sz300596,利安隆,2017-01-19,正常交易,
sz300597,吉大通信,2017-01-23,正常交易,
sz300598,诚迈科技,2017-01-20,正常交易,
sz300599,雄塑科技,2017-01-23,正常交易,
sz300600,国瑞科技,2017-01-25,正常交易,
sz300601,康泰生物,2017-02-07,正常交易,
sz300602,飞荣达,2017-01-26,正常交易,
sz300603,立昂技术,2017-01-26,正常交易,
sz300604,长川科技,2017-04-17,正常交易,
sz300605,恒锋信息,2017-02-08,正常交易,
sz300606,金太阳,2017-02-08,正常交易,
sz300607,拓斯达,2017-02-09,正常交易,
sz300608,思特奇,2017-02-13,正常交易,
sz300609,汇纳科技,2017-02-15,正常交易,
sz300610,晨化股份,2017-02-13,正常交易,
sz300611,美力科技,2017-02-20,正常交易,
sz300612,宣亚国际,2017-02-15,正常交易,
sz300613,富瀚微,2017-02-20,正常交易,
sz300614,百川畅银,2021-05-25,正常交易,
sz300615,欣天科技,2017-02-15,正常交易,
sz300616,尚品宅配,2017-03-07,正常交易,
sz300617,安靠智电,2017-02-28,正常交易,
sz300618,寒锐钴业,2017-03-06,正常交易,
sz300619,金银河,2017-03-01,正常交易,
sz300620,光库科技,2017-03-10,正常交易,
sz300621,维业股份,2017-03-16,正常交易,
sz300622,博士眼镜,2017-03-15,正常交易,
sz300623,捷捷微电,2017-03-14,正常交易,
sz300624,万兴科技,2018-01-18,正常交易,
sz300625,三雄极光,2017-03-17,正常交易,
sz300626,华瑞股份,2017-03-20,正常交易,
sz300627,华测导航,2017-03-21,正常交易,
sz300628,亿联网络,2017-03-17,正常交易,
sz300629,新劲刚,2017-03-24,正常交易,
sz300631,久吾高科,2017-03-23,正常交易,
sz300632,光莆股份,2017-04-06,正常交易,
sz300633,开立医疗,2017-04-06,正常交易,
sz300634,彩讯股份,2018-03-23,正常交易,
sz300635,中达安,2017-03-31,正常交易,
sz300636,同和药业,2017-03-31,正常交易,
sz300637,扬帆新材,2017-04-12,正常交易,
sz300638,广和通,2017-04-13,正常交易,
sz300639,凯普生物,2017-04-12,正常交易,
sz300640,德艺文创,2017-04-17,正常交易,
sz300641,正丹股份,2017-04-18,正常交易,
sz300642,透景生命,2017-04-21,正常交易,
sz300643,万通智控,2017-05-05,正常交易,
sz300644,南京聚隆,2018-02-06,正常交易,
sz300645,正元智慧,2017-04-21,正常交易,
sz300647,超频三,2017-05-03,正常交易,
sz300648,星云股份,2017-04-25,正常交易,
sz300649,杭州园林,2017-05-05,正常交易,
sz300650,太龙股份,2017-05-03,正常交易,
sz300651,金陵体育,2017-05-09,正常交易,
sz300652,雷迪克,2017-05-16,正常交易,
sz300653,正海生物,2017-05-16,正常交易,
sz300654,世纪天鸿,2017-09-26,正常交易,
sz300655,晶瑞电材,2017-05-23,正常交易,
sz300656,民德电子,2017-05-19,正常交易,
sz300657,弘信电子,2017-05-23,正常交易,
sz300658,延江股份,2017-06-02,正常交易,
sz300659,中孚信息,2017-05-26,正常交易,
sz300660,江苏雷利,2017-06-02,正常交易,
sz300661,圣邦股份,2017-06-06,正常交易,
sz300662,科锐国际,2017-06-08,正常交易,
sz300663,科蓝软件,2017-06-08,正常交易,
sz300664,鹏鹞环保,2018-01-05,正常交易,
sz300665,飞鹿股份,2017-06-13,正常交易,
sz300666,江丰电子,2017-06-15,正常交易,
sz300667,必创科技,2017-06-19,正常交易,
sz300668,杰恩设计,2017-06-19,正常交易,
sz300669,沪宁股份,2017-06-29,正常交易,
sz300670,大烨智能,2017-07-03,正常交易,
sz300671,富满微,2017-07-05,正常交易,
sz300672,国科微,2017-07-12,正常交易,
sz300673,佩蒂股份,2017-07-11,正常交易,
sz300674,宇信科技,2018-11-07,正常交易,
sz300675,建科院,2017-07-19,正常交易,
sz300676,华大基因,2017-07-14,正常交易,
sz300677,英科医疗,2017-07-21,正常交易,
sz300678,中科信息,2017-07-28,正常交易,
sz300679,电连技术,2017-07-31,正常交易,
sz300680,隆盛科技,2017-07-25,正常交易,
sz300681,英搏尔,2017-07-25,正常交易,
sz300682,朗新集团,2017-08-01,正常交易,
sz300683,海特生物,2017-08-08,正常交易,
sz300684,中石科技,2017-12-27,正常交易,
sz300685,艾德生物,2017-08-02,正常交易,
sz300686,智动力,2017-08-04,正常交易,
sz300687,赛意信息,2017-08-03,正常交易,
sz300688,创业黑马,2017-08-10,正常交易,
sz300689,澄天伟业,2017-08-09,正常交易,
sz300690,双一科技,2017-08-08,正常交易,
sz300691,联合光电,2017-08-11,正常交易,
sz300692,中环环保,2017-08-21,正常交易,
sz300693,盛弘股份,2017-08-22,正常交易,
sz300694,蠡湖股份,2018-10-15,正常交易,
sz300695,兆丰股份,2017-09-08,正常交易,
sz300696,爱乐达,2017-08-22,正常交易,
sz300697,电工合金,2017-09-07,正常交易,
sz300698,万马科技,2017-08-31,正常交易,
sz300699,光威复材,2017-09-01,正常交易,
sz300700,岱勒新材,2017-09-12,正常交易,
sz300701,森霸传感,2017-09-15,正常交易,
sz300702,天宇股份,2017-09-19,正常交易,
sz300703,创源股份,2017-09-19,正常交易,
sz300705,九典制药,2017-10-10,正常交易,
sz300706,阿石创,2017-09-26,正常交易,
sz300707,威唐工业,2017-10-10,正常交易,
sz300708,聚灿光电,2017-10-16,正常交易,
sz300709,精研科技,2017-10-19,正常交易,
sz300710,万隆光电,2017-10-19,正常交易,
sz300711,广哈通信,2017-11-01,正常交易,
sz300712,永福股份,2017-10-31,正常交易,
sz300713,英可瑞,2017-11-01,正常交易,
sz300715,凯伦股份,2017-10-26,正常交易,
sz300716,ST泉为,2017-11-09,正常交易,
sz300717,华信新材,2017-11-06,正常交易,
sz300718,长盛轴承,2017-11-06,正常交易,
sz300719,安达维尔,2017-11-09,正常交易,
sz300720,海川智能,2017-11-06,正常交易,
sz300721,怡达股份,2017-11-15,正常交易,
sz300722,新余国科,2017-11-10,正常交易,
sz300723,一品红,2017-11-16,正常交易,
sz300724,捷佳伟创,2018-08-10,正常交易,
sz300725,药石科技,2017-11-10,正常交易,
sz300726,宏达电子,2017-11-21,正常交易,
sz300727,润禾材料,2017-11-27,正常交易,
sz300729,乐歌股份,2017-12-01,正常交易,
sz300730,科创信息,2017-12-05,正常交易,
sz300731,科创新源,2017-12-08,正常交易,
sz300732,设研院,2017-12-12,正常交易,
sz300733,西菱动力,2018-01-16,正常交易,
sz300735,光弘科技,2017-12-29,正常交易,
sz300736,百邦科技,2018-01-09,正常交易,
sz300737,科顺股份,2018-01-25,正常交易,
sz300738,奥飞数据,2018-01-19,正常交易,
sz300739,明阳电路,2018-02-01,正常交易,
sz300740,水羊股份,2018-02-08,正常交易,
sz300741,华宝股份,2018-03-01,正常交易,
sz300743,天地数码,2018-04-27,正常交易,
sz300745,欣锐科技,2018-05-23,正常交易,
sz300746,汉嘉设计,2018-05-25,正常交易,
sz300747,锐科激光,2018-06-25,正常交易,
sz300748,金力永磁,2018-09-21,正常交易,
sz300749,顶固集创,2018-09-25,正常交易,
sz300750,宁德时代,2018-06-11,正常交易,
sz300751,迈为股份,2018-11-09,正常交易,
sz300752,隆利科技,2018-11-30,正常交易,
sz300753,爱朋医疗,2018-12-13,正常交易,
sz300755,华致酒行,2019-01-29,正常交易,
sz300756,金马游乐,2018-12-28,正常交易,
sz300757,罗博特科,2019-01-08,正常交易,
sz300758,七彩化学,2019-02-22,正常交易,
sz300759,康龙化成,2019-01-28,正常交易,
sz300760,迈瑞医疗,2018-10-16,正常交易,
sz300761,立华股份,2019-02-18,正常交易,
sz300762,上海瀚讯,2019-03-14,正常交易,
sz300763,锦浪科技,2019-03-19,正常交易,
sz300765,新诺威,2019-03-22,正常交易,
sz300766,每日互动,2019-03-25,正常交易,
sz300767,震安科技,2019-03-29,正常交易,
sz300768,迪普科技,2019-04-12,正常交易,
sz300769,德方纳米,2019-04-15,正常交易,
sz300770,新媒股份,2019-04-19,正常交易,
sz300771,智莱科技,2019-04-22,正常交易,
sz300772,运达股份,2019-04-26,正常交易,
sz300773,拉卡拉,2019-04-25,正常交易,
sz300774,倍杰特,2021-08-04,正常交易,
sz300775,三角防务,2019-05-21,正常交易,
sz300776,帝尔激光,2019-05-17,正常交易,
sz300777,中简科技,2019-05-16,正常交易,
sz300778,新城市,2019-05-10,正常交易,
sz300779,惠城环保,2019-05-22,正常交易,
sz300780,德恩精工,2019-05-31,正常交易,
sz300781,因赛集团,2019-06-06,正常交易,
sz300782,卓胜微,2019-06-18,正常交易,
sz300783,三只松鼠,2019-07-12,正常交易,
sz300784,利安科技,2024-06-07,正常交易,
sz300785,值得买,2019-07-15,正常交易,
sz300786,国林科技,2019-07-23,正常交易,
sz300787,海能实业,2019-08-15,正常交易,
sz300788,中信出版,2019-07-05,正常交易,
sz300789,唐源电气,2019-08-28,正常交易,
sz300790,宇瞳光学,2019-09-20,正常交易,
sz300791,仙乐健康,2019-09-25,正常交易,
sz300792,壹网壹创,2019-09-27,正常交易,
sz300793,佳禾智能,2019-10-18,正常交易,
sz300795,米奥会展,2019-10-22,正常交易,
sz300796,贝斯美,2019-11-15,正常交易,
sz300797,钢研纳克,2019-11-01,正常交易,
sz300798,锦鸡股份,2019-11-22,正常交易,
sz300800,力合科技,2019-11-06,正常交易,
sz300801,泰和科技,2019-11-28,正常交易,
sz300802,矩子科技,2019-11-14,正常交易,
sz300803,指南针,2019-11-18,正常交易,
sz300804,广康生化,2023-06-27,正常交易,
sz300805,电声股份,2019-11-21,正常交易,
sz300806,斯迪克,2019-11-25,正常交易,
sz300807,天迈科技,2019-12-19,正常交易,
sz300808,久量股份,2019-11-29,正常交易,
sz300809,华辰装备,2019-12-04,正常交易,
sz300810,中科海讯,2019-12-06,正常交易,
sz300811,铂科新材,2019-12-30,正常交易,
sz300812,易天股份,2020-01-09,正常交易,
sz300813,泰林生物,2020-01-14,正常交易,
sz300814,中富电路,2021-08-12,正常交易,
sz300815,玉禾田,2020-01-23,正常交易,
sz300816,艾可蓝,2020-02-10,正常交易,
sz300817,双飞集团,2020-02-18,正常交易,
sz300818,耐普矿机,2020-02-12,正常交易,
sz300819,聚杰微纤,2020-03-12,正常交易,
sz300820,英杰电气,2020-02-13,正常交易,
sz300821,东岳硅材,2020-03-12,正常交易,
sz300822,贝仕达克,2020-03-13,正常交易,
sz300823,建科智能,2020-03-19,正常交易,
sz300824,北鼎股份,2020-06-19,正常交易,
sz300825,阿尔特,2020-03-27,正常交易,
sz300826,测绘股份,2020-04-03,正常交易,
sz300827,上能电气,2020-04-10,正常交易,
sz300828,锐新科技,2020-04-21,正常交易,
sz300829,金丹科技,2020-04-22,正常交易,
sz300830,金现代,2020-05-06,正常交易,
sz300831,派瑞股份,2020-05-07,正常交易,
sz300832,新产业,2020-05-12,正常交易,
sz300833,浩洋股份,2020-05-20,正常交易,
sz300834,星辉环材,2022-01-13,正常交易,
sz300835,龙磁科技,2020-05-25,正常交易,
sz300836,佰奥智能,2020-05-28,正常交易,
sz300837,浙矿股份,2020-06-05,正常交易,
sz300838,浙江力诺,2020-06-08,正常交易,
sz300839,博汇股份,2020-06-30,正常交易,
sz300840,酷特智能,2020-07-08,正常交易,
sz300841,康华生物,2020-06-16,正常交易,
sz300842,帝科股份,2020-06-18,正常交易,
sz300843,胜蓝股份,2020-07-02,正常交易,
sz300844,山水比德,2021-08-13,正常交易,
sz300845,捷安高科,2020-07-03,正常交易,
sz300846,首都在线,2020-07-01,正常交易,
sz300847,中船汉光,2020-07-09,正常交易,
sz300848,美瑞新材,2020-07-20,正常交易,
sz300849,锦盛新材,2020-07-10,正常交易,
sz300850,新强联,2020-07-13,正常交易,
sz300851,交大思诺,2020-07-17,正常交易,
sz300852,四会富仕,2020-07-13,正常交易,
sz300853,申昊科技,2020-07-24,正常交易,
sz300854,中兰环保,2021-09-16,正常交易,
sz300855,图南股份,2020-07-23,正常交易,
sz300856,科思股份,2020-07-22,正常交易,
sz300857,协创数据,2020-07-27,正常交易,
sz300858,科拓生物,2020-07-27,正常交易,
sz300859,西域旅游,2020-08-06,正常交易,
sz300860,锋尚文化,2020-08-24,正常交易,
sz300861,美畅股份,2020-08-24,正常交易,
sz300862,蓝盾光电,2020-08-24,正常交易,
sz300863,卡倍亿,2020-08-24,正常交易,
sz300864,南大环境,2020-08-24,正常交易,
sz300865,大宏立,2020-08-24,正常交易,
sz300866,安克创新,2020-08-24,正常交易,
sz300867,圣元环保,2020-08-24,正常交易,
sz300868,杰美特,2020-08-24,正常交易,
sz300869,康泰医学,2020-08-24,正常交易,
sz300870,欧陆通,2020-08-24,正常交易,
sz300871,回盛生物,2020-08-24,正常交易,
sz300872,天阳科技,2020-08-24,正常交易,
sz300873,海晨股份,2020-08-24,正常交易,
sz300875,捷强装备,2020-08-24,正常交易,
sz300876,蒙泰高新,2020-08-24,正常交易,
sz300877,金春股份,2020-08-24,正常交易,
sz300878,维康药业,2020-08-24,正常交易,
sz300879,大叶股份,2020-09-01,正常交易,
sz300880,迦南智能,2020-09-01,正常交易,
sz300881,盛德鑫泰,2020-09-01,正常交易,
sz300882,万胜智能,2020-09-10,正常交易,
sz300883,龙利得,2020-09-10,正常交易,
sz300884,狄耐克,2020-11-12,正常交易,
sz300885,海昌新材,2020-09-10,正常交易,
sz300886,华业香料,2020-09-16,正常交易,
sz300887,谱尼测试,2020-09-16,正常交易,
sz300888,稳健医疗,2020-09-17,正常交易,
sz300889,爱克股份,2020-09-16,正常交易,
sz300890,翔丰华,2020-09-17,正常交易,
sz300891,惠云钛业,2020-09-17,正常交易,
sz300892,品渥食品,2020-09-24,正常交易,
sz300893,松原安全,2020-09-24,正常交易,
sz300894,火星人,2020-12-31,正常交易,
sz300895,铜牛信息,2020-09-24,正常交易,
sz300896,爱美客,2020-09-28,正常交易,
sz300897,山科智能,2020-09-28,正常交易,
sz300898,熊猫乳品,2020-10-16,正常交易,
sz300899,*ST凯鑫,2020-10-16,正常交易,
sz300900,广联航空,2020-10-29,正常交易,
sz300901,中胤时尚,2020-10-29,正常交易,
sz300902,国安达,2020-10-29,正常交易,
sz300903,科翔股份,2020-11-05,正常交易,
sz300904,威力传动,2023-08-09,正常交易,
sz300905,宝丽迪,2020-11-05,正常交易,
sz300906,日月明,2020-11-05,正常交易,
sz300907,康平科技,2020-11-18,正常交易,
sz300908,仲景食品,2020-11-23,正常交易,
sz300909,汇创达,2020-11-18,正常交易,
sz300910,瑞丰新材,2020-11-27,正常交易,
sz300911,亿田智能,2020-12-03,正常交易,
sz300912,凯龙高科,2020-12-07,正常交易,
sz300913,兆龙互连,2020-12-07,正常交易,
sz300915,海融科技,2020-12-02,正常交易,
sz300916,朗特智能,2020-12-02,正常交易,
sz300917,特发服务,2020-12-21,正常交易,
sz300918,南山智尚,2020-12-22,正常交易,
sz300919,中伟股份,2020-12-23,正常交易,
sz300920,润阳科技,2020-12-25,正常交易,
sz300921,南凌科技,2020-12-22,正常交易,
sz300922,天秦装备,2020-12-25,正常交易,
sz300923,研奥股份,2020-12-24,正常交易,
sz300925,法本信息,2020-12-30,正常交易,
sz300926,博俊科技,2021-01-07,正常交易,
sz300927,江天化学,2021-01-07,正常交易,
sz300928,华安鑫创,2021-01-06,正常交易,
sz300929,华骐环保,2021-01-20,正常交易,
sz300930,屹通新材,2021-01-21,正常交易,
sz300931,通用电梯,2021-01-21,正常交易,
sz300932,三友联众,2021-01-22,正常交易,
sz300933,中辰股份,2021-01-22,正常交易,
sz300935,盈建科,2021-01-20,正常交易,
sz300936,中英科技,2021-01-26,正常交易,
sz300937,药易购,2021-01-27,正常交易,
sz300938,信测标准,2021-01-27,正常交易,
sz300939,秋田微,2021-01-28,正常交易,
sz300940,南极光,2021-02-03,正常交易,
sz300941,创识科技,2021-02-09,正常交易,
sz300942,易瑞生物,2021-02-09,正常交易,
sz300943,春晖智控,2021-02-10,正常交易,
sz300945,曼卡龙,2021-02-10,正常交易,
sz300946,恒而达,2021-02-08,正常交易,
sz300947,德必集团,2021-02-10,正常交易,
sz300948,冠中生态,2021-02-25,正常交易,
sz300949,奥雅股份,2021-02-26,正常交易,
sz300950,德固特,2021-03-03,正常交易,
sz300951,博硕科技,2021-02-26,正常交易,
sz300952,恒辉安防,2021-03-11,正常交易,
sz300953,震裕科技,2021-03-18,正常交易,
sz300955,嘉亨家化,2021-03-24,正常交易,
sz300956,英力股份,2021-03-26,正常交易,
sz300957,贝泰妮,2021-03-25,正常交易,
sz300958,建工修复,2021-03-29,正常交易,
sz300959,线上线下,2021-03-22,正常交易,
sz300960,通业科技,2021-03-29,正常交易,
sz300961,深水海纳,2021-03-30,正常交易,
sz300962,中金辐照,2021-04-09,正常交易,
sz300963,中洲特材,2021-04-09,正常交易,
sz300964,本川智能,2021-08-05,正常交易,
sz300965,恒宇信通,2021-04-02,正常交易,
sz300966,共同药业,2021-04-09,正常交易,
sz300967,晓鸣股份,2021-04-13,正常交易,
sz300968,格林精密,2021-04-15,正常交易,
sz300969,恒帅股份,2021-04-12,正常交易,
sz300970,华绿生物,2021-04-12,正常交易,
sz300971,博亚精工,2021-04-15,正常交易,
sz300972,万辰集团,2021-04-19,正常交易,
sz300973,立高食品,2021-04-15,正常交易,
sz300975,商络电子,2021-04-21,正常交易,
sz300976,达瑞电子,2021-04-19,正常交易,
sz300977,深圳瑞捷,2021-04-20,正常交易,
sz300978,东箭科技,2021-04-26,正常交易,
sz300979,华利集团,2021-04-26,正常交易,
sz300980,祥源新材,2021-04-21,正常交易,
sz300981,中红医疗,2021-04-27,正常交易,
sz300982,苏文电能,2021-04-27,正常交易,
sz300983,尤安设计,2021-04-20,正常交易,
sz300984,金沃股份,2021-06-18,正常交易,
sz300985,致远新能,2021-04-29,正常交易,
sz300986,志特新材,2021-04-30,正常交易,
sz300987,川网传媒,2021-05-11,正常交易,
sz300988,津荣天宇,2021-05-12,正常交易,
sz300989,蕾奥规划,2021-05-07,正常交易,
sz300990,同飞股份,2021-05-12,正常交易,
sz300991,创益通,2021-05-20,正常交易,
sz300992,泰福泵业,2021-05-25,正常交易,
sz300993,玉马科技,2021-05-24,正常交易,
sz300994,久祺股份,2021-08-12,正常交易,
sz300995,奇德新材,2021-05-26,正常交易,
sz300996,普联软件,2021-06-03,正常交易,
sz300997,欢乐家,2021-06-02,正常交易,
sz300998,宁波方正,2021-06-02,正常交易,
sz300999,金龙鱼,2020-10-15,正常交易,
sz301000,肇民科技,2021-05-28,正常交易,
sz301001,凯淳股份,2021-05-28,正常交易,
sz301002,崧盛股份,2021-06-07,正常交易,
sz301003,江苏博云,2021-06-01,正常交易,
sz301004,嘉益股份,2021-06-25,正常交易,
sz301005,超捷股份,2021-06-01,正常交易,
sz301006,迈拓股份,2021-06-07,正常交易,
sz301007,德迈仕,2021-06-16,正常交易,
sz301008,宏昌科技,2021-06-11,正常交易,
sz301009,可靠股份,2021-06-17,正常交易,
sz301010,晶雪节能,2021-06-18,正常交易,
sz301011,华立科技,2021-06-17,正常交易,
sz301012,扬电科技,2021-06-22,正常交易,
sz301013,利和兴,2021-06-29,正常交易,
sz301015,百洋医药,2021-06-30,正常交易,
sz301016,雷尔伟,2021-06-30,正常交易,
sz301017,漱玉平民,2021-07-05,正常交易,
sz301018,申菱环境,2021-07-07,正常交易,
sz301019,宁波色母,2021-06-28,正常交易,
sz301020,密封科技,2021-07-06,正常交易,
sz301021,英诺激光,2021-07-06,正常交易,
sz301022,海泰科,2021-07-02,正常交易,
sz301023,江南奕帆,2021-07-07,正常交易,
sz301024,霍普股份,2021-07-28,正常交易,
sz301025,读客文化,2021-07-19,正常交易,
sz301026,浩通科技,2021-07-16,正常交易,
sz301027,华蓝集团,2021-07-15,正常交易,
sz301028,东亚机械,2021-07-20,正常交易,
sz301029,怡合达,2021-07-23,正常交易,
sz301030,仕净科技,2021-07-22,正常交易,
sz301031,中熔电气,2021-07-15,正常交易,
sz301032,新柴股份,2021-07-22,正常交易,
sz301033,迈普医学,2021-07-26,正常交易,
sz301035,润丰股份,2021-07-28,正常交易,
sz301036,双乐股份,2021-07-29,正常交易,
sz301037,保立佳,2021-07-30,正常交易,
sz301038,深水规院,2021-08-04,正常交易,
sz301039,中集车辆,2021-07-08,正常交易,
sz301040,中环海陆,2021-08-03,正常交易,
sz301041,金百泽,2021-08-11,正常交易,
sz301042,安联锐视,2021-08-05,正常交易,
sz301043,绿岛风,2021-08-11,正常交易,
sz301045,天禄科技,2021-08-13,正常交易,
sz301046,能辉科技,2021-08-17,正常交易,
sz301047,义翘神州,2021-08-16,正常交易,
sz301048,金鹰重工,2021-08-18,正常交易,
sz301049,超越科技,2021-08-24,正常交易,
sz301050,雷电微力,2021-08-24,正常交易,
sz301051,信濠光电,2021-08-27,正常交易,
sz301052,果麦文化,2021-08-30,正常交易,
sz301053,远信工业,2021-09-01,正常交易,
sz301055,张小泉,2021-09-06,正常交易,
sz301056,森赫股份,2021-09-07,正常交易,
sz301057,汇隆新材,2021-09-09,正常交易,
sz301058,中粮科工,2021-09-09,正常交易,
sz301059,金三江,2021-09-13,正常交易,
sz301060,兰卫医学,2021-09-13,正常交易,
sz301061,匠心家居,2021-09-13,正常交易,
sz301062,上海艾录,2021-09-14,正常交易,
sz301063,海锅股份,2021-09-24,正常交易,
sz301065,本立科技,2021-09-14,正常交易,
sz301066,万事利,2021-09-22,正常交易,
sz301067,显盈科技,2021-09-22,正常交易,
sz301068,大地海洋,2021-09-28,正常交易,
sz301069,凯盛新材,2021-09-27,正常交易,
sz301070,开勒股份,2021-09-23,正常交易,
sz301071,力量钻石,2021-09-24,正常交易,
sz301072,中捷精工,2021-09-29,正常交易,
sz301073,君亭酒店,2021-09-30,正常交易,
sz301075,多瑞医药,2021-09-29,正常交易,
sz301076,新瀚新材,2021-10-11,正常交易,
sz301077,星华新材,2021-09-30,正常交易,
sz301078,孩子王,2021-10-14,正常交易,
sz301079,邵阳液压,2021-10-19,正常交易,
sz301080,百普赛斯,2021-10-18,正常交易,
sz301081,严牌股份,2021-10-20,正常交易,
sz301082,久盛电气,2021-10-27,正常交易,
sz301083,百胜智能,2021-10-21,正常交易,
sz301085,亚康股份,2021-10-18,正常交易,
sz301086,鸿富瀚,2021-10-20,正常交易,
sz301087,可孚医疗,2021-10-25,正常交易,
sz301088,戎美股份,2021-10-28,正常交易,
sz301089,拓新药业,2021-10-27,正常交易,
sz301090,华润材料,2021-10-26,正常交易,
sz301091,深城交,2021-10-29,正常交易,
sz301092,争光股份,2021-11-02,正常交易,
sz301093,华兰股份,2021-11-01,正常交易,
sz301095,广立微,2022-08-05,正常交易,
sz301096,百诚医药,2021-12-20,正常交易,
sz301097,天益医疗,2022-04-07,正常交易,
sz301098,金埔园林,2021-11-12,正常交易,
sz301099,雅创电子,2021-11-22,正常交易,
sz301100,风光股份,2021-12-17,正常交易,
sz301101,明月镜片,2021-12-16,正常交易,
sz301102,兆讯传媒,2022-03-28,正常交易,
sz301103,何氏眼科,2022-03-22,正常交易,
sz301105,鸿铭股份,2022-12-30,正常交易,
sz301106,骏成科技,2022-01-28,正常交易,
sz301107,瑜欣电子,2022-05-24,正常交易,
sz301108,洁雅股份,2021-12-03,正常交易,
sz301109,军信股份,2022-04-13,正常交易,
sz301110,青木科技,2022-03-11,正常交易,
sz301111,粤万年青,2021-12-07,正常交易,
sz301112,信邦智能,2022-06-29,正常交易,
sz301113,雅艺科技,2021-12-22,正常交易,
sz301115,联检科技,2022-08-31,正常交易,
sz301116,益客食品,2022-01-18,正常交易,
sz301117,佳缘科技,2022-01-17,正常交易,
sz301118,恒光股份,2021-11-18,正常交易,
sz301119,正强股份,2021-11-22,正常交易,
sz301120,新特电气,2022-04-19,正常交易,
sz301121,紫建电子,2022-08-08,正常交易,
sz301122,采纳股份,2022-01-26,正常交易,
sz301123,奕东电子,2022-01-25,正常交易,
sz301125,腾亚精工,2022-06-08,正常交易,
sz301126,达嘉维康,2021-12-07,正常交易,
sz301127,武汉天源,2021-12-30,正常交易,
sz301128,强瑞技术,2021-11-10,正常交易,
sz301129,瑞纳智能,2021-11-02,正常交易,
sz301130,西点药业,2022-02-23,正常交易,
sz301131,聚赛龙,2022-03-14,正常交易,
sz301132,满坤科技,2022-08-10,正常交易,
sz301133,金钟股份,2021-11-26,正常交易,
sz301135,瑞德智能,2022-04-12,正常交易,
sz301136,招标股份,2022-01-11,正常交易,
sz301137,哈焊华通,2022-03-22,正常交易,
sz301138,华研精机,2021-12-15,正常交易,
sz301139,元道通信,2022-07-08,正常交易,
sz301141,中科磁业,2023-04-03,正常交易,
sz301148,嘉戎技术,2022-04-21,正常交易,
sz301149,隆华新材,2021-11-10,正常交易,
sz301150,中一科技,2022-04-21,正常交易,
sz301151,冠龙节能,2022-04-11,正常交易,
sz301152,天力锂能,2022-08-29,正常交易,
sz301153,中科江南,2022-05-18,正常交易,
sz301155,海力风电,2021-11-24,正常交易,
sz301156,美农生物,2022-06-17,正常交易,
sz301157,华塑科技,2023-03-09,正常交易,
sz301158,德石股份,2022-01-17,正常交易,
sz301159,三维天地,2022-01-07,正常交易,
sz301160,翔楼新材,2022-06-06,正常交易,
sz301161,唯万密封,2022-09-14,正常交易,
sz301162,国能日新,2022-04-29,正常交易,
sz301163,宏德股份,2022-04-19,正常交易,
sz301165,锐捷网络,2022-11-21,正常交易,
sz301166,优宁维,2021-12-28,正常交易,
sz301167,建研设计,2021-12-06,正常交易,
sz301168,通灵股份,2021-12-10,正常交易,
sz301169,零点有数,2021-11-03,正常交易,
sz301170,锡南科技,2023-06-27,正常交易,
sz301171,易点天下,2022-08-19,正常交易,
sz301172,君逸数码,2023-07-26,正常交易,
sz301173,毓恬冠佳,2025-03-03,正常交易,
sz301175,中科环保,2022-07-08,正常交易,
sz301176,逸豪新材,2022-09-28,正常交易,
sz301177,迪阿股份,2021-12-15,正常交易,
sz301178,天亿马,2021-11-12,正常交易,
sz301179,泽宇智能,2021-12-08,正常交易,
sz301180,万祥科技,2021-11-16,正常交易,
sz301181,标榜股份,2022-02-21,正常交易,
sz301182,凯旺科技,2021-12-23,正常交易,
sz301183,东田微,2022-05-24,正常交易,
sz301185,鸥玛软件,2021-11-19,正常交易,
sz301186,超达装备,2021-12-23,正常交易,
sz301187,欧圣电气,2022-04-22,正常交易,
sz301188,力诺药包,2021-11-11,正常交易,
sz301189,奥尼电子,2021-12-28,正常交易,
sz301190,善水科技,2021-12-24,正常交易,
sz301191,菲菱科思,2022-05-26,正常交易,
sz301192,泰祥股份,2022-08-11,正常交易,
sz301193,家联科技,2021-12-09,正常交易,
sz301195,北路智控,2022-08-01,正常交易,
sz301196,唯科科技,2022-01-11,正常交易,
sz301197,工大科雅,2022-08-08,正常交易,
sz301198,喜悦智行,2021-12-02,正常交易,
sz301199,迈赫股份,2021-12-07,正常交易,
sz301200,大族数控,2022-02-28,正常交易,
sz301201,诚达药业,2022-01-20,正常交易,
sz301202,朗威股份,2023-07-05,正常交易,
sz301203,国泰环保,2023-04-04,正常交易,
sz301205,联特科技,2022-09-13,正常交易,
sz301206,三元生物,2022-02-10,正常交易,
sz301207,华兰疫苗,2022-02-18,正常交易,
sz301208,中亦科技,2022-07-07,正常交易,
sz301209,联合化学,2022-08-25,正常交易,
sz301210,金杨股份,2023-06-30,正常交易,
sz301211,亨迪药业,2021-12-22,正常交易,
sz301212,联盛化学,2022-04-19,正常交易,
sz301213,观想科技,2021-12-06,正常交易,
sz301215,中汽股份,2022-03-08,正常交易,
sz301216,万凯新材,2022-03-29,正常交易,
sz301217,铜冠铜箔,2022-01-27,正常交易,
sz301218,华是科技,2022-03-07,正常交易,
sz301219,腾远钴业,2022-03-17,正常交易,
sz301220,亚香股份,2022-06-22,正常交易,
sz301221,光庭信息,2021-12-22,正常交易,
sz301222,浙江恒威,2022-03-09,正常交易,
sz301223,中荣股份,2022-10-26,正常交易,
sz301225,恒勃股份,2023-06-16,正常交易,
sz301226,祥明智能,2022-03-25,正常交易,
sz301227,森鹰窗业,2022-09-26,正常交易,
sz301228,实朴检测,2022-01-28,正常交易,
sz301229,纽泰格,2022-02-22,正常交易,
sz301230,泓博医药,2022-11-01,正常交易,
sz301231,荣信文化,2022-09-08,正常交易,
sz301232,飞沃科技,2023-06-15,正常交易,
sz301233,盛帮股份,2022-07-06,正常交易,
sz301234,五洲医疗,2022-07-05,正常交易,
sz301235,华康洁净,2022-01-28,正常交易,
sz301236,软通动力,2022-03-15,正常交易,
sz301237,和顺科技,2022-03-23,正常交易,
sz301238,瑞泰新材,2022-06-17,正常交易,
sz301239,普瑞眼科,2022-07-05,正常交易,
sz301246,宏源药业,2023-03-20,正常交易,
sz301248,杰创智能,2022-04-20,正常交易,
sz301251,威尔高,2023-09-06,正常交易,
sz301252,同星科技,2023-05-25,正常交易,
sz301255,通力科技,2022-12-27,正常交易,
sz301256,华融化学,2022-03-22,正常交易,
sz301257,普蕊斯,2022-05-17,正常交易,
sz301258,富士莱,2022-03-29,正常交易,
sz301259,艾布鲁,2022-04-26,正常交易,
sz301260,格力博,2023-02-08,正常交易,
sz301261,恒工精密,2023-07-10,正常交易,
sz301262,海看股份,2023-06-20,正常交易,
sz301263,泰恩康,2022-03-29,正常交易,
sz301265,华新环保,2022-12-16,正常交易,
sz301266,宇邦新材,2022-06-08,正常交易,
sz301267,华厦眼科,2022-11-07,正常交易,
sz301268,铭利达,2022-04-07,正常交易,
sz301269,华大九天,2022-07-29,正常交易,
sz301270,汉仪股份,2022-08-31,正常交易,
sz301272,英华特,2023-07-13,正常交易,
sz301273,瑞晨环保,2022-10-25,正常交易,
sz301275,汉朔科技,2025-03-11,正常交易,
sz301276,嘉曼服饰,2022-09-09,正常交易,
sz301277,新天地,2022-11-16,正常交易,
sz301278,快可电子,2022-08-04,正常交易,
sz301279,金道科技,2022-04-13,正常交易,
sz301280,珠城科技,2022-12-26,正常交易,
sz301281,科源制药,2023-04-04,正常交易,
sz301282,金禄电子,2022-08-26,正常交易,
sz301283,聚胶股份,2022-09-02,正常交易,
sz301285,鸿日达,2022-09-28,正常交易,
sz301286,侨源股份,2022-06-14,正常交易,
sz301287,康力源,2023-06-14,正常交易,
sz301288,*ST清研,2022-04-22,正常交易,
sz301289,国缆检测,2022-06-22,正常交易,
sz301290,东星医疗,2022-11-30,正常交易,
sz301291,明阳电气,2023-06-30,正常交易,
sz301292,海科新源,2023-07-07,正常交易,
sz301293,三博脑科,2023-05-05,正常交易,
sz301295,美硕科技,2023-06-28,正常交易,
sz301296,新巨丰,2022-09-02,正常交易,
sz301297,富乐德,2022-12-30,正常交易,
sz301298,东利机械,2022-06-06,正常交易,
sz301299,卓创资讯,2022-10-19,正常交易,
sz301300,远翔新材,2022-08-19,正常交易,
sz301301,川宁生物,2022-12-27,正常交易,
sz301302,华如科技,2022-06-23,正常交易,
sz301303,真兰仪表,2023-02-20,正常交易,
sz301305,朗坤科技,2023-05-23,正常交易,
sz301306,西测测试,2022-07-26,正常交易,
sz301307,美利信,2023-04-24,正常交易,
sz301308,江波龙,2022-08-05,正常交易,
sz301309,万得凯,2022-09-19,正常交易,
sz301310,鑫宏业,2023-06-02,正常交易,
sz301311,昆船智能,2022-11-30,正常交易,
sz301312,智立方,2022-07-11,正常交易,
sz301313,凡拓数创,2022-09-30,正常交易,
sz301314,科瑞思,2023-03-28,正常交易,
sz301315,威士顿,2023-06-21,正常交易,
sz301316,慧博云通,2022-10-13,正常交易,
sz301317,鑫磊股份,2023-01-19,正常交易,
sz301318,维海德,2022-08-10,正常交易,
sz301319,唯特偶,2022-09-29,正常交易,
sz301320,豪江智能,2023-06-09,正常交易,
sz301321,翰博高新,2022-08-18,正常交易,
sz301322,绿通科技,2023-03-06,正常交易,
sz301323,新莱福,2023-06-06,正常交易,
sz301325,曼恩斯特,2023-05-12,正常交易,
sz301326,捷邦科技,2022-09-21,正常交易,
sz301327,华宝新能,2022-09-19,正常交易,
sz301328,维峰电子,2022-09-08,正常交易,
sz301329,信音电子,2023-07-17,正常交易,
sz301330,熵基科技,2022-08-17,正常交易,
sz301331,恩威医药,2022-09-21,正常交易,
sz301332,德尔玛,2023-05-18,正常交易,
sz301333,诺思格,2022-08-02,正常交易,
sz301335,天元宠物,2022-11-18,正常交易,
sz301336,趣睡科技,2022-08-12,正常交易,
sz301337,亚华电子,2023-05-26,正常交易,
sz301338,凯格精机,2022-08-16,正常交易,
sz301339,通行宝,2022-09-09,正常交易,
sz301345,涛涛车业,2023-03-21,正常交易,
sz301348,蓝箭电子,2023-08-10,正常交易,
sz301349,信德新材,2022-09-09,正常交易,
sz301353,普莱得,2023-05-30,正常交易,
sz301355,南王科技,2023-06-12,正常交易,
sz301356,天振股份,2022-11-14,正常交易,
sz301357,北方长龙,2023-04-18,正常交易,
sz301358,湖南裕能,2023-02-09,正常交易,
sz301359,东南电子,2022-11-09,正常交易,
sz301360,荣旗科技,2023-04-25,正常交易,
sz301361,众智科技,2022-11-16,正常交易,
sz301362,民爆光电,2023-08-04,正常交易,
sz301363,美好医疗,2022-10-12,正常交易,
sz301365,矩阵股份,2022-11-22,正常交易,
sz301366,一博科技,2022-09-26,正常交易,
sz301367,瑞迈特,2022-11-01,正常交易,
sz301368,丰立智能,2022-12-15,正常交易,
sz301369,联动科技,2022-09-22,正常交易,
sz301370,国科恒泰,2023-07-12,正常交易,
sz301371,敷尔佳,2023-08-01,正常交易,
sz301372,科净源,2023-08-11,正常交易,
sz301373,凌玮科技,2023-02-08,正常交易,
sz301376,致欧科技,2023-06-21,正常交易,
sz301377,鼎泰高科,2022-11-22,正常交易,
sz301378,通达海,2023-03-20,正常交易,
sz301379,天山电子,2022-11-01,正常交易,
sz301380,挖金客,2022-10-25,正常交易,
sz301381,赛维时代,2023-07-12,正常交易,
sz301382,蜂助手,2023-05-17,正常交易,
sz301383,天键股份,2023-06-09,正常交易,
sz301386,未来电器,2023-03-29,正常交易,
sz301387,光大同创,2023-04-18,正常交易,
sz301388,欣灵电气,2022-11-09,正常交易,
sz301389,隆扬电子,2022-10-31,正常交易,
sz301390,经纬股份,2023-05-08,正常交易,
sz301391,卡莱特,2022-12-01,正常交易,
sz301392,汇成真空,2024-06-05,正常交易,
sz301393,昊帆生物,2023-07-12,正常交易,
sz301395,仁信新材,2023-07-03,正常交易,
sz301396,宏景科技,2022-11-11,正常交易,
sz301397,溯联股份,2023-06-28,正常交易,
sz301398,星源卓镁,2022-12-15,正常交易,
sz301399,英特科技,2023-05-23,正常交易,
sz301408,华人健康,2023-03-01,正常交易,
sz301413,安培龙,2023-12-18,正常交易,
sz301418,协昌科技,2023-08-21,正常交易,
sz301419,阿莱德,2023-02-09,正常交易,
sz301421,波长光电,2023-08-23,正常交易,
sz301428,世纪恒通,2023-05-19,正常交易,
sz301429,森泰股份,2023-04-17,正常交易,
sz301439,泓淋电力,2023-03-17,正常交易,
sz301446,福事特,2023-07-25,正常交易,
sz301448,开创电气,2023-06-19,正常交易,
sz301456,盘古智能,2023-07-14,正常交易,
sz301458,钧崴电子,2025-01-10,正常交易,
sz301459,丰茂股份,2023-12-13,正常交易,
sz301468,博盈特焊,2023-07-24,正常交易,
sz301469,恒达新材,2023-08-22,正常交易,
sz301479,弘景光电,2025-03-18,正常交易,
sz301486,致尚科技,2023-07-07,正常交易,
sz301487,盟固利,2023-08-09,正常交易,
sz301488,豪恩汽电,2023-07-04,正常交易,
sz301489,思泉新材,2023-10-24,正常交易,
sz301491,C汉桑科技,2025-08-06,正常交易,
sz301498,乖宝宠物,2023-08-16,正常交易,
sz301499,维科精密,2023-07-21,正常交易,
sz301500,飞南资源,2023-09-21,正常交易,
sz301501,恒鑫生活,2025-03-19,正常交易,
sz301502,华阳智能,2024-02-02,正常交易,
sz301503,智迪科技,2023-07-17,正常交易,
sz301505,苏州规划,2023-07-19,正常交易,
sz301507,民生健康,2023-09-05,正常交易,
sz301508,中机认检,2023-12-01,正常交易,
sz301509,金凯生科,2023-08-03,正常交易,
sz301510,固高科技,2023-08-15,正常交易,
sz301511,德福科技,2023-08-17,正常交易,
sz301512,智信精密,2023-07-20,正常交易,
sz301515,港通医疗,2023-07-25,正常交易,
sz301516,中远通,2023-12-08,正常交易,
sz301517,陕西华达,2023-10-17,正常交易,
sz301518,长华化学,2023-08-03,正常交易,
sz301519,舜禹股份,2023-07-27,正常交易,
sz301520,万邦医药,2023-09-25,正常交易,
sz301522,上大股份,2024-10-16,正常交易,
sz301525,儒竞科技,2023-08-30,正常交易,
sz301526,国际复材,2023-12-26,正常交易,
sz301528,多浦乐,2023-08-28,正常交易,
sz301529,福赛科技,2023-09-11,正常交易,
sz301533,威马农机,2023-08-18,正常交易,
sz301535,浙江华远,2025-03-27,正常交易,
sz301536,星宸科技,2024-03-28,正常交易,
sz301538,骏鼎达,2024-03-20,正常交易,
sz301539,宏鑫科技,2024-04-15,正常交易,
sz301548,崇德科技,2023-09-20,正常交易,
sz301550,斯菱股份,2023-09-15,正常交易,
sz301551,无线传媒,2024-09-26,正常交易,
sz301552,科力装备,2024-07-22,正常交易,
sz301555,惠柏新材,2023-10-31,正常交易,
sz301556,托普云农,2024-10-17,正常交易,
sz301557,常友科技,2025-03-04,正常交易,
sz301558,三态股份,2023-09-28,正常交易,
sz301559,中集环科,2023-10-11,正常交易,
sz301560,众捷汽车,2025-04-25,正常交易,
sz301565,中仑新材,2024-06-20,正常交易,
sz301566,达利凯普,2023-12-29,正常交易,
sz301567,贝隆精密,2024-01-16,正常交易,
sz301568,思泰克,2023-11-28,正常交易,
sz301571,国科天成,2024-08-21,正常交易,
sz301577,美信科技,2024-01-24,正常交易,
sz301578,辰奕智能,2023-12-28,正常交易,
sz301580,爱迪特,2024-06-26,正常交易,
sz301581,黄山谷捷,2025-01-03,正常交易,
sz301585,蓝宇股份,2024-12-20,正常交易,
sz301586,佳力奇,2024-08-28,正常交易,
sz301587,中瑞股份,2024-04-08,正常交易,
sz301588,美新科技,2024-03-13,正常交易,
sz301589,诺瓦星云,2024-02-08,正常交易,
sz301590,优优绿能,2025-06-05,正常交易,
sz301591,肯特股份,2024-02-28,正常交易,
sz301592,六九一二,2024-10-24,正常交易,
sz301595,太力科技,2025-05-19,正常交易,
sz301596,瑞迪智驱,2024-05-13,正常交易,
sz301598,博科测试,2024-12-20,正常交易,
sz301600,慧翰股份,2024-09-11,正常交易,
sz301601,惠通科技,2025-01-15,正常交易,
sz301602,超研股份,2025-01-22,正常交易,
sz301603,乔锋智能,2024-07-10,正常交易,
sz301606,绿联科技,2024-07-26,正常交易,
sz301607,富特科技,2024-09-04,正常交易,
sz301608,博实结,2024-08-01,正常交易,
sz301609,山大电力,2025-07-23,正常交易,
sz301611,珂玛科技,2024-08-16,正常交易,
sz301613,新铝时代,2024-10-25,正常交易,
sz301616,浙江华业,2025-03-27,正常交易,
sz301617,博苑股份,2024-12-11,正常交易,
sz301618,长联科技,2024-09-30,正常交易,
sz301622,英思特,2024-12-04,正常交易,
sz301626,苏州天脉,2024-10-24,正常交易,
sz301628,强达电路,2024-10-31,正常交易,
sz301629,矽电股份,2025-03-24,正常交易,
sz301630,同宇新材,2025-07-10,正常交易,
sz301631,壹连科技,2024-11-22,正常交易,
sz301633,港迪技术,2024-11-07,正常交易,
sz301636,泽润新能,2025-05-16,正常交易,
sz301658,首航新能,2025-04-02,正常交易,
sz301662,宏工科技,2025-04-17,正常交易,
sz301665,泰禾股份,2025-04-11,正常交易,
sz301678,新恒汇,2025-06-20,正常交易,
sz302132,中航成飞,2010-08-27,正常交易,
