y_true,y_pred,residual
4.76,0.9608175976750581,3.7991824023249414
1.17,0.7717790465579198,0.3982209534420801
0.36,1.2859498453066451,-0.9259498453066451
0.64,0.6648871915956627,-0.02488719159566266
2.91,1.384214478847211,1.525785521152789
2.54,0.6196406883300194,1.9203593116699806
0.1,0.2518102509805201,-0.15181025098052012
-0.19,0.4822081833373951,-0.6722081833373952
-0.79,0.045543154774979173,-0.8355431547749792
0.72,1.3780253208244366,-0.6580253208244367
-0.11,0.0012716995656247218,-0.11127169956562472
-0.82,1.803899300483503,-2.623899300483503
-0.88,0.35453691664472087,-1.2345369166447209
-3.45,-2.14669042005772,-1.30330957994228
4.47,2.8542673004320886,1.615732699567911
0.33,0.5730009247468907,-0.24300092474689067
-0.42,0.6426794433952313,-1.0626794433952313
0.46,-2.281071906085244,2.741071906085244
-0.9,0.3861020690532406,-1.2861020690532405
2.08,1.512376046707895,0.567623953292105
-2.01,-0.7170160637255697,-1.29298393627443
0.5,0.7808687123497821,-0.28086871234978206
1.18,0.5993157982017492,0.5806842017982508
0.86,0.22614976936839454,0.6338502306316054
-1.64,-0.8706372936339754,-0.7693627063660246
2.47,0.9407196268998443,1.5292803731001559
-1.55,0.35922972995668506,-1.9092297299566852
-4.33,-1.7496275746566592,-2.5803724253433407
2.84,-0.2475044710019489,3.0875044710019486
0.97,0.5744601745825098,0.3955398254174902
0.65,0.7353998723880683,-0.08539987238806823
0.57,0.9433115838238993,-0.3733115838238994
5.26,0.03328208751940148,5.2267179124805985
0.0,0.6786686412819705,-0.6786686412819705
-1.14,-2.3891760665775315,1.2491760665775316
0.08,-0.0971144341917482,0.17711443419174822
-0.21,1.2033245759774083,-1.4133245759774082
1.53,0.35579677411075483,1.1742032258892452
1.62,0.09768420485773505,1.522315795142265
-2.15,-0.7984375094677878,-1.3515624905322121
-1.87,-0.31017112862299884,-1.5598288713770012
-0.18,0.5655505891339737,-0.7455505891339738
0.59,1.0773557576123174,-0.4873557576123174
0.05,-0.6070939988335113,0.6570939988335114
2.68,0.12621395759220416,2.553786042407796
0.77,-0.1316048593954236,0.9016048593954236
-1.69,-0.3636552409913057,-1.3263447590086943
-0.52,0.526727517437707,-1.046727517437707
-2.39,0.11583083077324358,-2.5058308307732435
-0.26,0.8322447235065344,-1.0922447235065345
2.03,-0.4891337936428518,2.5191337936428515
1.19,0.017327936901682637,1.1726720630983174
-1.09,0.16064937706615015,-1.2506493770661502
-5.0,0.3541360557582278,-5.354136055758228
1.6,2.1665547587949936,-0.5665547587949935
2.57,0.771343440610554,1.7986565593894457
-0.11,0.5854911862950676,-0.6954911862950676
-0.35,0.8412370770792311,-1.191237077079231
6.31,-0.47279801744192956,6.782798017441929
0.17,-0.055788243790653086,0.2257882437906531
1.56,1.2966401349087548,0.2633598650912452
-0.67,-1.3525831405784048,0.6825831405784047
1.58,1.4346570423829639,0.1453429576170362
0.75,0.8383032829653794,-0.08830328296537937
-1.81,-0.02208323389295203,-1.787916766107048
-1.8,-0.3760806752333099,-1.4239193247666901
2.75,-0.729043934426073,3.479043934426073
0.0,0.02305652002678803,-0.02305652002678803
1.23,-1.1914346981214186,2.4214346981214185
0.54,-0.037625948295373184,0.5776259482953732
2.74,-0.4515479781739598,3.19154797817396
-1.98,-0.9214090066846827,-1.0585909933153173
4.31,3.0057305186807617,1.304269481319238
-0.18,0.04317201990761714,-0.22317201990761715
-0.25,0.65644096776496,-0.90644096776496
0.2,-0.09039638278256115,0.2903963827825612
0.0,-0.7894288010565601,0.7894288010565601
-1.82,-0.8669384886408902,-0.9530615113591099
1.22,0.5601814520582998,0.6598185479417001
0.93,0.8156992346831534,0.11430076531684663
-0.78,-0.24591537154061555,-0.5340846284593845
1.2,0.17387240031705825,1.0261275996829418
0.88,0.786411954109349,0.09358804589065095
-0.16,0.008326834576533281,-0.16832683457653327
0.54,0.2713706060227538,0.2686293939772462
0.09,0.15313164746926344,-0.06313164746926345
-0.52,0.0887088306907831,-0.6087088306907831
-1.94,0.1102647967662379,-2.0502647967662377
1.19,0.05451805092006551,1.1354819490799344
-1.39,-0.478409265635427,-0.9115907343645728
1.53,1.8832119662818503,-0.35321196628185025
2.93,1.9045086919321226,1.0254913080678776
-1.31,-0.3630759362957989,-0.9469240637042011
-0.58,0.9041612959298024,-1.4841612959298023
-0.94,0.62699175555889,-1.56699175555889
0.45,0.6653619045706415,-0.21536190457064147
-0.27,0.6940863614547659,-0.9640863614547659
2.64,0.5702020175748431,2.069797982425157
4.05,-1.306717255812275,5.356717255812275
0.66,0.3678375366811415,0.29216246331885853
-1.96,0.3258719194107728,-2.2858719194107726
1.31,0.17463475939272372,1.1353652406072763
0.7,0.78255167471733,-0.08255167471733005
-1.15,0.22164851622153242,-1.3716485162215324
-1.06,0.31937374262937845,-1.3793737426293786
-4.87,-2.276731485878746,-2.593268514121254
0.0,0.874345853620377,-0.874345853620377
3.65,0.6850406377289016,2.9649593622710984
-3.64,-1.5759298140927611,-2.064070185907239
6.45,3.1776645898972435,3.2723354101027566
-1.86,-1.4254102225990628,-0.4345897774009373
0.0,0.844121502822003,-0.844121502822003
5.74,1.3512776102888082,4.388722389711192
-1.07,0.06473934124320725,-1.1347393412432074
0.47,-0.652014581459862,1.122014581459862
-0.24,-0.32696827190435657,0.08696827190435658
2.56,1.2623880884019523,1.2976119115980478
-0.81,0.06299600515761532,-0.8729960051576153
-0.23,0.9163201967762898,-1.14632019677629
0.95,0.17141515374238867,0.7785848462576113
0.82,-0.3650694719034941,1.185069471903494
1.03,0.77519627908912,0.25480372091088
2.51,1.3211427028804723,1.1888572971195275
1.43,0.6605093528728249,0.7694906471271751
-1.17,0.21325391890029088,-1.3832539189002908
0.3,0.49247059390798503,-0.19247059390798504
-1.68,0.1595962422618855,-1.8395962422618855
-2.11,-0.5029110768408706,-1.6070889231591292
2.53,-0.11948203073393945,2.6494820307339393
1.28,-0.20517933491657436,1.4851793349165745
0.62,0.7333168797468221,-0.11331687974682214
2.56,1.4178740173364672,1.1421259826635328
6.58,0.7322962175275458,5.847703782472454
4.08,0.2541352456060265,3.8258647543939737
1.92,-0.11422029169118358,2.0342202916911836
5.01,-0.6172938275996345,5.627293827599634
-0.89,0.18674269525112547,-1.0767426952511254
-1.03,0.3395421630476041,-1.3695421630476041
-1.53,-0.2754227368644838,-1.2545772631355163
0.48,0.17288626851550795,0.30711373148449206
-0.8,0.37658924306606795,-1.176589243066068
-3.3,-1.0317340360849958,-2.2682659639150042
-0.7,0.7545166458590055,-1.4545166458590053
6.6,0.33103492633484843,6.268965073665151
0.99,0.8477006597018149,0.14229934029818514
-1.01,0.24797171586592692,-1.257971715865927
-2.53,0.18885031694788165,-2.7188503169478815
0.08,-0.230087339289781,0.310087339289781
0.87,0.03785137821524058,0.8321486217847595
0.9,-0.7222183271971686,1.6222183271971686
0.76,0.1434552467710164,0.6165447532289836
1.05,1.0071168199424818,0.04288318005751823
0.75,0.12379553571149067,0.6262044642885093
-0.64,0.08363121963734306,-0.7236312196373431
1.18,1.192652607825007,-0.0126526078250071
-0.36,0.5701497342735474,-0.9301497342735474
-5.27,-1.67733657668823,-3.5926634233117696
0.42,1.1076570165664654,-0.6876570165664655
3.25,0.16550822825083294,3.084491771749167
-1.53,0.3474447502347167,-1.8774447502347167
4.37,0.744088745986451,3.625911254013549
-1.12,0.051642291454876546,-1.1716422914548767
-1.66,0.39064849287736,-2.05064849287736
0.59,-1.724241277342093,2.314241277342093
0.09,0.6856184832131067,-0.5956184832131067
3.46,2.7483797371994405,0.7116202628005595
1.62,1.451877317401141,0.1681226825988591
-6.59,-0.6938991592298485,-5.896100840770151
-1.31,-0.6499524143767854,-0.6600475856232146
-4.11,-0.9295050770175739,-3.1804949229824264
6.66,0.8349758795009189,5.825024120499081
0.73,0.7200190466369484,0.009980953363051603
-1.02,0.5337821895564855,-1.5537821895564856
-8.03,-1.5302578432074792,-6.49974215679252
2.92,1.3603109084425724,1.5596890915574275
2.48,2.3493178739729976,0.13068212602700235
1.81,1.087081616132951,0.722918383867049
1.15,0.2591759413767274,0.8908240586232725
-0.32,0.03903126109643018,-0.3590312610964302
-1.88,-1.3681362780993223,-0.5118637219006776
-1.23,0.03688513320417432,-1.2668851332041744
-0.79,-0.35501952257264,-0.43498047742736
0.54,0.16792238775480373,0.3720776122451963
0.85,0.5986294629353153,0.2513705370646847
0.09,0.22520313115584337,-0.13520313115584337
0.66,0.4520975193622265,0.20790248063777356
-0.56,-0.8534217061397225,0.2934217061397224
2.48,-1.0144687083131945,3.4944687083131942
-0.51,-0.1550115320609157,-0.35498846793908434
4.52,2.046471148825765,2.4735288511742346
-0.49,0.6273276368557458,-1.1173276368557459
0.34,0.6058740654436334,-0.2658740654436334
-0.36,-0.3052510505783852,-0.05474894942161479
-0.18,-2.7536938180899666,2.5736938180899664
-1.2,0.47689959833776135,-1.6768995983377613
2.77,-2.09836156541101,4.868361565411011
-1.79,-0.5649804107739227,-1.2250195892260773
-1.04,-0.09318970550047695,-0.9468102944995231
-0.29,-0.6060464070139276,0.31604640701392767
-3.56,-0.8688464984326111,-2.691153501567389
1.06,0.7709774635504933,0.2890225364495067
0.0,-0.2702680730363337,0.2702680730363337
3.57,2.867989080034911,0.702010919965089
-1.23,0.6585446225754567,-1.8885446225754565
-2.78,-1.8967788308160327,-0.8832211691839671
-0.87,-1.599630663685357,0.729630663685357
1.09,0.28874502474196756,0.8012549752580325
0.85,0.00577169402785986,0.8442283059721402
2.02,0.643632500578204,1.376367499421796
0.18,0.7598572416314809,-0.5798572416314809
0.83,1.1894984892356735,-0.3594984892356735
-0.11,0.4162779612846791,-0.5262779612846791
2.25,-0.4746078204453722,2.7246078204453723
1.61,0.674816980097363,0.9351830199026371
-1.76,-1.3545772029317904,-0.4054227970682096
-2.27,-0.5697422237468294,-1.7002577762531708
-1.37,0.062372517693631925,-1.432372517693632
2.07,1.1624116657110728,0.907588334288927
-1.13,0.05105004837608691,-1.1810500483760868
0.78,0.7699409017608605,0.01005909823913953
0.82,1.0287451606797768,-0.2087451606797769
-0.4,-0.542722428649166,0.14272242864916596
-1.95,-0.46295167741419796,-1.487048322585802
0.98,0.5789386617451713,0.4010613382548287
-1.68,-0.06847714582146507,-1.611522854178535
-0.95,-1.2355078026777153,0.28550780267771536
1.04,0.35221798476334765,0.6877820152366524
-0.59,-0.13017320431544963,-0.4598267956845503
-4.86,-0.40471044779445403,-4.455289552205547
0.6,1.3319306600958132,-0.7319306600958132
0.0,1.0726207999413258,-1.0726207999413258
2.04,0.6453990214609324,1.3946009785390676
3.24,2.985599640320867,0.2544003596791331
3.53,1.140914196304974,2.3890858036950258
-0.33,-0.5461401100081344,0.21614011000813443
0.45,0.522886316443419,-0.07288631644341897
-1.81,-0.4077588844984204,-1.4022411155015797
-3.37,-0.3215481086508298,-3.0484518913491705
0.1,0.4033993698601847,-0.3033993698601847
1.99,0.3498955779103252,1.6401044220896748
-0.32,0.2770982621385389,-0.5970982621385389
-1.06,-0.34882460242473706,-0.711175397575263
3.66,2.528544496742617,1.1314555032573832
1.31,0.5506857180548317,0.7593142819451684
-1.05,-0.18244955811236102,-0.867550441887639
-0.09,0.7322201833488637,-0.8222201833488637
-0.21,1.1911245291465635,-1.4011245291465635
2.11,0.9288303770266452,1.1811696229733548
0.64,0.3571076283726515,0.28289237162734854
2.26,0.1878153266431685,2.072184673356831
2.56,1.7764449500782158,0.7835550499217843
3.09,-0.01874016935500057,3.1087401693550003
2.28,1.2771536246467903,1.0028463753532095
-0.93,-0.6183751439232964,-0.31162485607670365
-0.69,-0.9510638596867083,0.2610638596867083
1.46,1.1574418063594551,0.3025581936405448
0.44,0.35107398877361035,0.08892601122638966
-0.72,0.6213529743703903,-1.3413529743703902
0.18,1.6387371959827317,-1.4587371959827318
1.38,0.7325529768358516,0.6474470231641483
0.0,0.10622682781447801,-0.10622682781447801
0.25,0.05586716889800327,0.19413283110199672
-2.06,-2.2027725001437193,0.14277250014371923
0.38,-0.15897914992856613,0.5389791499285661
-0.91,0.1539347374274526,-1.0639347374274526
-0.53,-1.2273664213247502,0.6973664213247501
-1.29,-0.0729733490891947,-1.2170266509108054
4.94,-1.257495806570113,6.197495806570114
-5.67,-0.4346219251073794,-5.235378074892621
0.0,0.6398305594492983,-0.6398305594492983
0.44,-0.139282361316806,0.579282361316806
-2.08,-0.0039664513167715215,-2.0760335486832284
0.0,-0.7332408869826121,0.7332408869826121
-1.15,-0.572922763436541,-0.5770772365634589
0.97,-1.0335126272923172,2.0035126272923174
5.12,0.9558552581624007,4.1641447418376
-0.82,-0.19189061944931912,-0.6281093805506808
-2.37,-1.1044599124892938,-1.2655400875107063
-1.37,-0.7896176941440984,-0.5803823058559017
-1.14,-1.2870229880001285,0.14702298800012858
7.36,-0.09524139843524362,7.455241398435244
-0.4,-0.1296317760103737,-0.27036822398962634
-3.87,-0.9805981796236025,-2.8894018203763974
0.56,0.43261491656728196,0.1273850834327181
5.52,0.37976108857010055,5.140238911429899
-0.1,0.24353205533815434,-0.34353205533815434
3.49,-0.2620947450087732,3.7520947450087734
0.54,-1.7323146806799787,2.2723146806799788
-0.61,0.15334048143053047,-0.7633404814305305
-1.44,-0.8762927152792578,-0.5637072847207422
0.9,-0.705351251288014,1.6053512512880141
0.0,0.41923748149586004,-0.41923748149586004
1.31,-0.5380243477569676,1.8480243477569678
0.08,-1.0725522254266255,1.1525522254266256
-5.45,-0.23728588184286992,-5.21271411815713
2.63,1.0495127425216109,1.580487257478389
1.33,-0.4442110448844599,1.77421104488446
0.09,0.7125542931201453,-0.6225542931201453
-1.38,-0.21774418757497754,-1.1622558124250224
-1.95,0.4724156533668744,-2.4224156533668744
-0.85,-0.7064208801464942,-0.1435791198535058
-1.19,0.4423889200424973,-1.6323889200424972
5.93,2.5664676995392757,3.363532300460724
0.48,-0.7391449273685662,1.2191449273685662
-3.73,-0.5498730261815253,-3.1801269738184748
-0.52,0.525339079773365,-1.045339079773365
-0.54,-0.19745207941169843,-0.34254792058830164
0.0,-0.8334053579287158,0.8334053579287158
1.58,-0.1574757838645583,1.7374757838645585
0.0,0.13635872579699218,-0.13635872579699218
5.94,0.8792434001978383,5.060756599802162
0.71,0.8574025600482212,-0.14740256004822128
-1.54,-1.3987824291654967,-0.14121757083450337
2.98,1.556368932364512,1.423631067635488
2.63,2.744669153368677,-0.114669153368677
-1.09,-1.0975904484701557,0.007590448470155664
1.88,-0.09543962765317283,1.9754396276531727
1.45,-0.4675875364559804,1.9175875364559802
0.1,-1.1560639834047388,1.256063983404739
2.1,0.17970849017200402,1.920291509827996
0.0,0.4338040962416574,-0.4338040962416574
-1.2,-0.49820160437364835,-0.7017983956263516
-0.99,0.6524607456511337,-1.6424607456511335
-2.31,-1.5626007895452523,-0.7473992104547478
1.65,0.2394861533713785,1.4105138466286213
0.36,1.01024675256159,-0.6502467525615899
-0.36,-1.3273125619892587,0.9673125619892587
1.18,0.4900451169870399,0.68995488301296
-0.1,-0.981861355238193,0.881861355238193
-4.15,-0.9521235336389096,-3.197876466361091
6.18,0.30425311568990826,5.875746884310091
3.01,0.9057062830983209,2.1042937169016787
0.12,-0.4471530356920046,0.5671530356920046
-0.22,0.440137150144068,-0.660137150144068
7.27,-0.9000399898603124,8.170039989860312
0.09,0.3930279122706593,-0.3030279122706593
3.18,0.1268165748714909,3.053183425128509
-2.36,0.4315767962244767,-2.7915767962244766
-0.02,-1.086016919974575,1.066016919974575
3.31,0.6243929837987502,2.6856070162012498
0.49,0.5750311289148244,-0.08503112891482445
-1.95,-1.1837761806544853,-0.7662238193455146
1.52,2.0811986109941136,-0.5611986109941136
4.04,2.2641945311671567,1.7758054688328433
-0.67,-0.015079007762743336,-0.6549209922372567
1.71,0.9654986832467123,0.7445013167532877
-1.35,-0.10539383120124325,-1.2446061687987569
-1.68,-0.4418629040964026,-1.2381370959035973
-2.83,0.8195389814363851,-3.649538981436385
6.07,-1.2550649938425362,7.3250649938425365
2.92,-0.04794287353577599,2.967942873535776
-0.13,-0.4428925422608531,0.3128925422608531
-4.41,-0.16974583874978655,-4.240254161250213
-2.01,-0.9504906267814807,-1.059509373218519
0.0,0.2702829908968702,-0.2702829908968702
-0.31,-0.5333908359158571,0.22339083591585712
-0.32,-1.5058205376432925,1.1858205376432924
0.09,0.5092654814905022,-0.41926548149050225
-4.18,-3.5239106741697457,-0.656089325830254
-2.05,0.628057888821798,-2.678057888821798
0.17,0.20478256913310788,-0.03478256913310787
-1.58,-0.686126523081834,-0.8938734769181661
-3.45,-2.415627390699974,-1.0343726093000263
3.88,-0.11708615056306002,3.9970861505630597
-1.35,-0.13973904597486267,-1.2102609540251374
1.21,0.16129949592427448,1.0487005040757256
-3.01,-0.8786463939040234,-2.1313536060959763
1.23,0.6076646429855606,0.6223353570144394
-1.67,0.7208740045870391,-2.390874004587039
-7.51,-1.6944324569089615,-5.8155675430910385
-6.62,-2.164291368291552,-4.455708631708449
-0.27,0.33104790500071524,-0.6010479050007153
-0.64,-1.0645022416810106,0.4245022416810106
0.68,0.44763825593300577,0.23236174406699428
-0.44,0.4345508159639629,-0.8745508159639629
1.16,-0.17663278442445135,1.3366327844244512
3.31,0.9898779517777329,2.320122048222267
-1.24,-0.3471490809727046,-0.8928509190272954
-0.71,-0.42198785455517285,-0.2880121454448271
0.87,1.1063989331916408,-0.23639893319164085
-2.26,-0.4731223395085487,-1.7868776604914511
0.35,0.7706042479566243,-0.4206042479566243
-0.63,-0.5830360153959198,-0.046963984604080244
-1.44,-0.813318307567552,-0.626681692432448
3.51,1.675759259509167,1.8342407404908327
5.81,2.6508116547254534,3.159188345274546
2.21,0.8227452727574284,1.3872547272425715
-4.33,-0.6086082809223519,-3.721391719077648
-1.1,-0.6259209864173004,-0.47407901358269966
7.91,1.0083513994134239,6.901648600586576
1.45,-0.9061609390537155,2.3561609390537157
-1.01,0.01042369994714603,-1.020423699947146
0.17,0.004470426828055621,0.1655295731719444
-1.64,-0.17730135914784823,-1.4626986408521516
0.59,0.9214578872904924,-0.3314578872904924
-1.02,-1.3621987917613017,0.34219879176130164
-0.22,-0.40916996472332146,0.18916996472332145
-1.54,-0.15256869038743948,-1.3874313096125606
-0.61,0.29042397388055113,-0.9004239738805511
-0.99,-1.2499706491500586,0.25997064915005863
0.44,-0.34710700526229943,0.7871070052622995
-1.3,-1.0480983715126444,-0.25190162848735564
-0.59,0.27890682862928584,-0.8689068286292858
-0.36,0.3766788046828899,-0.7366788046828898
-1.34,-1.4327684438064443,0.09276844380644422
-0.86,0.5071685769092606,-1.3671685769092607
-0.45,0.8634472585516226,-1.3134472585516226
1.41,0.29049973495698395,1.119500265043016
1.18,1.0697743903742756,0.11022560962572436
3.96,1.420975192028545,2.539024807971455
-2.01,-1.8870883515818,-0.12291164841819979
2.75,0.33257694033288104,2.417423059667119
-2.45,-1.310276886308204,-1.1397231136917962
0.57,0.2096492798175917,0.3603507201824082
-0.97,-0.4168117782331192,-0.5531882217668808
-0.3,-0.018034850377124927,-0.28196514962287506
-0.62,2.6076439128714406,-3.2276439128714407
0.22,0.05415873634502368,0.1658412636549763
1.7,0.268192572415521,1.431807427584479
-3.13,-3.030094651353698,-0.09990534864630174
0.0,0.12823790389278392,-0.12823790389278392
-5.38,0.9440180565027486,-6.324018056502749
-0.49,0.6388309936020258,-1.1288309936020258
1.33,-1.1265793761412166,2.4565793761412165
-2.57,-0.4103104189870704,-2.1596895810129295
-3.09,-0.7662892634514865,-2.3237107365485135
-0.88,-0.5954510032213255,-0.2845489967786745
0.23,-0.34820231595901074,0.5782023159590107
-0.24,-0.1509783519527878,-0.08902164804721219
-1.15,0.15044027060529347,-1.3004402706052933
4.98,1.139388081348403,3.8406119186515975
0.91,-1.0116694244692053,1.9216694244692052
1.89,0.7011858740976337,1.1888141259023661
1.14,-0.18431079208320725,1.3243107920832071
-1.21,-0.43709131869947565,-0.7729086813005244
-1.04,0.20707137523257013,-1.2470713752325702
3.38,0.8444929960581582,2.5355070039418415
1.93,1.8762593111532868,0.053740688846713125
2.44,-0.6210116788743963,3.0610116788743964
-0.35,-0.08822149356425686,-0.26177850643574313
6.12,0.19575509060315338,5.924244909396847
-7.77,-0.6859261910801507,-7.0840738089198485
-0.84,-0.07961207688478848,-0.7603879231152115
2.67,0.660107625684127,2.009892374315873
-1.64,0.07006945786268685,-1.7100694578626867
-0.13,0.2093585067624863,-0.3393585067624863
-2.43,-0.21550392058886395,-2.2144960794111364
-1.84,0.11165216312775675,-1.9516521631277568
-1.02,-2.4112562158683564,1.3912562158683563
-3.06,-0.7370845452075929,-2.3229154547924074
0.52,-0.10808787680621841,0.6280878768062185
-1.36,0.27568261827996,-1.6356826182799602
0.29,0.1839154383735974,0.10608456162640259
-1.45,-0.3843878864506324,-1.0656121135493675
-1.14,-0.3190512272700466,-0.8209487727299534
2.44,1.0246554396471637,1.4153445603528363
1.91,0.21160674372165192,1.698393256278348
-0.73,0.36324520998638377,-1.0932452099863839
0.13,-0.8591375249684915,0.9891375249684915
-1.41,-0.4338440865158267,-0.9761559134841733
4.51,0.7026263723189752,3.8073736276810246
3.55,-0.008257258099759655,3.5582572580997596
0.9,0.9750999734038395,-0.07509997340383945
2.85,1.1332038444894874,1.7167961555105127
-0.23,0.3476748553955912,-0.5776748553955912
-2.12,-0.7955094829567826,-1.3244905170432175
0.89,0.44505475258830535,0.44494524741169467
0.39,0.2562987333170278,0.13370126668297222
2.16,0.3055636196078868,1.8544363803921133
0.2,0.806968554552645,-0.6069685545526451
-1.45,-1.692152878696181,0.24215287869618107
-6.84,-1.6466271066170346,-5.193372893382965
0.0,0.26802206855726907,-0.26802206855726907
0.84,-0.10906150153242031,0.9490615015324203
1.53,0.7053042047878679,0.8246957952121321
0.0,-0.6184101058607298,0.6184101058607298
-3.4,-0.19150753759718575,-3.2084924624028144
-0.18,0.2001549168815208,-0.3801549168815208
-0.36,0.4715512231199847,-0.8315512231199846
1.69,1.3792305433376426,0.31076945666235734
1.6,1.220734015537756,0.37926598446224413
-0.3,0.2922071850509217,-0.5922071850509216
-0.3,-0.6620717799008253,0.36207177990082534
-0.65,0.6345752736516662,-1.2845752736516662
-0.7,-0.11671655694050344,-0.5832834430594965
0.0,0.5288986209047528,-0.5288986209047528
-2.82,-2.2558673746483797,-0.5641326253516201
1.83,1.3091555935811319,0.5208444064188682
3.03,0.6981579760752866,2.3318420239247133
1.91,1.0816141370893568,0.8283858629106431
1.33,0.6225616533282463,0.7074383466717538
0.73,-0.9333171096299545,1.6633171096299546
-0.07,0.018702976884773015,-0.08870297688477302
-1.68,0.370964857013156,-2.050964857013156
-2.93,-1.1204100420015533,-1.809589957998447
3.65,1.9461257413146251,1.7038742586853748
-0.65,-0.942974827755304,0.2929748277553039
-0.27,0.3813120318610015,-0.6513120318610015
6.24,-0.304387854239561,6.544387854239561
-0.1,-0.07427740395084362,-0.025722596049156388
0.39,0.8105559970198686,-0.42055599701986857
-0.14,0.14513131418671466,-0.28513131418671467
-5.9,-2.9158493454750007,-2.9841506545249996
2.67,-0.4688463821206668,3.1388463821206667
1.13,0.6112925365666064,0.5187074634333935
-0.96,0.11962935835165187,-1.0796293583516519
2.5,0.7575193665249129,1.742480633475087
-0.66,-1.1343842226332093,0.47438422263320923
-0.66,-0.15385518600642767,-0.5061448139935724
-2.07,-1.490989624572869,-0.5790103754271307
1.23,0.9408475738031141,0.28915242619688586
0.31,0.25581428985551574,0.054185710144484256
-0.42,0.5673344708468674,-0.9873344708468674
3.15,0.49479018115040324,2.6552098188495967
5.82,-0.3733805611891534,6.193380561189153
-2.57,-0.7514114505882985,-1.8185885494117013
4.77,0.7073932021873166,4.062606797812683
-0.48,-0.009771211167325822,-0.47022878883267416
1.1,0.62302745618991,0.47697254381009013
2.65,-0.23890811103721427,2.8889081110372143
-0.33,-0.49845355832063826,0.16845355832063824
1.02,0.8640296051074557,0.15597039489254427
-0.71,-0.0251650347933154,-0.6848349652066845
0.56,0.828595240022717,-0.26859524002271695
-0.68,0.5471553380803272,-1.2271553380803273
0.0,1.1061261657840726,-1.1061261657840726
1.21,0.15359432938226697,1.056405670617733
0.8,1.4191511703590196,-0.6191511703590196
0.25,-0.056614554847275275,0.3066145548472753
2.71,0.14840731318874048,2.5615926868112595
-5.03,0.32138948864242367,-5.351389488642424
-6.08,1.2153517097630457,-7.295351709763046
0.67,1.054880896842204,-0.38488089684220406
-1.19,1.0927246018214598,-2.2827246018214598
-1.0,0.12336568628824107,-1.123365686288241
-1.73,-0.8821035153819803,-0.8478964846180197
1.29,1.0183686130227605,0.27163138697723954
-0.02,-1.339765993589407,1.319765993589407
-1.01,0.24306553120071817,-1.2530655312007182
1.46,0.7492024622721544,0.7107975377278456
5.71,1.0962157207419945,4.613784279258006
-1.58,0.6940548331883196,-2.2740548331883197
-0.03,-0.4924398500142952,0.4624398500142952
2.1,0.16625678848242062,1.9337432115175794
1.92,0.591676211365729,1.328323788634271
1.73,0.10619793432564836,1.6238020656743517
1.68,0.33258788203882106,1.3474121179611789
-1.34,-0.26189125269447516,-1.0781087473055249
1.17,0.48239396882369173,0.6876060311763081
0.66,-0.05069128372667866,0.7106912837266787
0.53,-0.3294644112887092,0.8594644112887092
2.07,-0.3120405252999935,2.382040525299993
-1.22,-0.1289119296446741,-1.0910880703553258
-1.06,-2.0266967826736666,0.9666967826736665
0.59,-0.2292833302648244,0.8192833302648244
3.25,-1.8102612596976055,5.060261259697605
2.12,-0.7600172515606334,2.8800172515606333
-0.26,-0.21307073065970641,-0.046929269340293595
0.73,1.184321922559607,-0.4543219225596071
0.18,0.35579969990315896,-0.17579969990315897
0.12,-0.854156752011272,0.9741567520112719
1.04,1.0373297986672156,0.0026702013327843943
-0.63,-0.2404498555881498,-0.3895501444118502
0.86,0.5118442535807487,0.3481557464192513
1.43,-0.2431000921618925,1.6731000921618924
1.55,0.9923557248028083,0.5576442751971917
-0.39,1.946879320522547,-2.336879320522547
-1.01,0.09985396076842874,-1.1098539607684288
-0.26,-0.4896771398460943,0.22967713984609428
-0.44,-0.4725004632386454,0.032500463238645416
-0.8,-0.4599700030109624,-0.34002999698903763
3.03,0.850464939813194,2.1795350601868058
-0.6,-1.3020478664840671,0.7020478664840671
-0.55,0.34641587763766973,-0.8964158776376698
0.13,0.2850641991682961,-0.1550641991682961
-0.09,0.16339173443831445,-0.2533917344383144
2.76,0.22394651258222092,2.536053487417779
0.41,0.7759771561059255,-0.36597715610592557
0.7,-0.4361327278119611,1.136132727811961
0.06,-0.0751105030993833,0.1351105030993833
-2.7,-1.172551616114666,-1.527448383885334
-1.48,-0.6909189993270468,-0.7890810006729532
-2.41,-0.32406856315034355,-2.0859314368496564
-1.82,0.06782481476528482,-1.887824814765285
-4.41,-0.8298798120644252,-3.580120187935575
4.92,1.9485757332951523,2.9714242667048474
-3.74,-0.7529398910174385,-2.9870601089825617
0.15,0.9570942973259973,-0.8070942973259972
3.02,0.9982478038787131,2.021752196121287
-2.72,0.5104269663670651,-3.230426966367065
0.84,-0.5760072508658142,1.4160072508658141
7.32,1.8339297585429322,5.486070241457068
3.37,0.3684824494171085,3.0015175505828915
0.11,0.6731280236496611,-0.5631280236496611
-5.13,-1.7956734377597137,-3.3343265622402862
6.58,0.7935507032862961,5.786449296713704
-0.26,0.9886173337978035,-1.2486173337978035
3.44,-2.573532039766749,6.0135320397667495
0.19,0.3830781922766807,-0.19307819227668072
0.34,0.5596337941550209,-0.21963379415502088
3.39,0.09167998567651836,3.298320014323482
-2.39,-1.6234624588425788,-0.7665375411574213
-0.77,-0.03141508789628584,-0.7385849121037141
-1.37,-0.49905570072176697,-0.8709442992782331
-5.95,-1.414375064999584,-4.535624935000416
-1.0,0.7924503094962697,-1.7924503094962696
2.43,0.08158185054237359,2.3484181494576264
2.5,0.10319375700968057,2.3968062429903196
-1.69,-1.3718148863891422,-0.3181851136108578
0.26,-0.9341984511830397,1.1941984511830397
-2.17,-0.6975470750037395,-1.4724529249962606
-0.53,-0.11240284009716843,-0.4175971599028316
0.52,0.7655183309536422,-0.24551833095364217
3.69,0.28223574496220377,3.407764255037796
0.37,0.06677118850668522,0.30322881149331476
2.5,1.3102242359019034,1.1897757640980966
3.88,-1.0648106121298044,4.944810612129804
0.03,-0.201965766974903,0.231965766974903
4.03,1.0769415465074657,2.9530584534925346
0.17,0.13277583206767302,0.037224167932326996
-1.37,0.3370995586605672,-1.7070995586605673
-1.54,-0.8561785493039233,-0.6838214506960767
7.72,0.47746386287096954,7.24253613712903
-2.5,-0.7751701653157802,-1.7248298346842197
0.49,0.975440423991117,-0.485440423991117
1.63,-0.20720982335269247,1.8372098233526923
2.46,1.0705522111291979,1.3894477888708021
-0.93,-0.4039926854209091,-0.5260073145790909
3.48,0.8461359750518471,2.633864024948153
-1.39,0.2611298354634625,-1.6511298354634625
0.43,0.2052595365262729,0.2247404634737271
1.33,0.2572750824795756,1.0727249175204245
-0.99,-1.456061609823437,0.4660616098234369
0.0,0.055042869792656365,-0.055042869792656365
-0.33,-0.07421237168282527,-0.2557876283171747
3.66,3.091324353994877,0.568675646005123
-1.84,-0.7735370402715595,-1.0664629597284407
1.48,-2.1294938811303994,3.6094938811303994
-0.14,0.9908691964584073,-1.1308691964584074
1.06,0.39553422391062387,0.6644657760893762
-1.29,-2.3284174862933487,1.0384174862933486
4.44,2.413302249075173,2.026697750924827
1.97,3.2626220516296858,-1.2926220516296858
-1.17,-0.964572828907881,-0.20542717109211894
6.18,1.0145710735732694,5.16542892642673
-2.43,-1.4533517849425595,-0.9766482150574407
-1.65,-0.6845360378595068,-0.9654639621404931
-0.13,0.3406975365394564,-0.4706975365394564
1.65,-0.3160166871926126,1.9660166871926126
2.21,2.7634065868678843,-0.5534065868678844
6.14,0.1633475953964662,5.976652404603533
0.45,-1.5704072551108335,2.0204072551108334
-0.87,-0.1117333306354858,-0.7582666693645141
1.92,1.216187408870284,0.703812591129716
-0.36,-0.09107973020533373,-0.26892026979466627
-2.13,-1.2282967884141796,-0.9017032115858203
1.9,0.6734813865936308,1.2265186134063693
0.78,-0.14518257200988616,0.9251825720098862
-1.47,-0.19573757793611252,-1.2742624220638874
-1.06,-0.28322126052216395,-0.776778739477836
2.09,1.6876268388089304,0.4023731611910695
0.33,0.5833981541621265,-0.25339815416212647
5.03,1.5465444639613437,3.4834555360386563
3.05,0.23827187994406396,2.811728120055936
0.6,0.6659699364710967,-0.06596993647109672
0.13,-0.025681736872148375,0.15568173687214837
2.41,0.8140283072383123,1.5959716927616878
-0.27,0.2521033143417795,-0.5221033143417795
0.26,-1.039855609655042,1.299855609655042
-1.2,-1.3541966778216583,0.15419667782165836
0.67,-0.09216048494630216,0.7621604849463022
0.59,1.0245077459947332,-0.4345077459947332
2.26,0.3676653910052896,1.8923346089947102
-1.0,-1.2226566096439684,0.22265660964396838
6.84,-0.725955805234105,7.565955805234105
-1.41,0.4957764699461878,-1.9057764699461877
-0.52,-1.117186707075243,0.597186707075243
-3.37,-0.8322658145242537,-2.5377341854757463
-1.69,1.2110930872734202,-2.90109308727342
-2.48,-1.4819580027711274,-0.9980419972288725
1.76,-0.5266683907115781,2.2866683907115783
0.49,0.5928789941156806,-0.10287899411568058
-2.21,-0.663964247865745,-1.546035752134255
-0.53,-0.005686015493362408,-0.5243139845066376
2.36,0.6103094535585372,1.7496905464414627
0.17,-0.9723175567040003,1.1423175567040003
-1.86,0.4077620962873021,-2.267762096287302
-0.25,-0.9462656856759512,0.6962656856759512
4.99,0.6594986492155973,4.330501350784403
1.48,1.6815465769327445,-0.20154657693274447
-0.44,0.1830841449147741,-0.6230841449147742
-0.59,0.0072019462628505684,-0.5972019462628505
-0.19,0.7520265521101613,-0.9420265521101614
-0.31,0.209255098940074,-0.5192550989400739
0.4,0.4778398451659351,-0.07783984516593506
-1.04,0.3305143436317511,-1.370514343631751
0.0,0.4514637812925533,-0.4514637812925533
0.55,0.8949792466664949,-0.3449792466664948
1.14,0.3589461863005454,0.7810538136994545
0.47,0.04983988246961364,0.42016011753038635
1.14,0.18724325361998606,0.9527567463800138
0.92,0.541132793530823,0.37886720646917704
-1.04,-1.2084052093419808,0.16840520934198078
0.69,0.4566282364165248,0.23337176358347517
2.88,0.011213079639429864,2.86878692036057
-0.82,-0.9797069204528661,0.15970692045286616
-0.33,-0.378545146630808,0.048545146630808
3.97,0.6020733386832895,3.3679266613167105
-8.1,-0.25260654930754833,-7.847393450692452
-1.46,-0.2857611973370103,-1.1742388026629897
-1.55,-0.4302342398140597,-1.1197657601859403
-1.51,-0.2557279308411478,-1.2542720691588523
2.05,0.14162218277069094,1.9083778172293089
0.24,-0.49285255083909785,0.7328525508390978
0.63,-0.45467721251520615,1.0846772125152062
-0.37,0.7206091261458382,-1.0906091261458382
0.8,0.1523141655190217,0.6476858344809784
0.42,-0.7218039111819248,1.1418039111819247
5.83,-0.5195244069318228,6.349524406931823
2.65,0.7939003615286775,1.8560996384713224
0.94,1.093161269273223,-0.15316126927322316
0.42,-0.7009332828888108,1.1209332828888108
0.07,-0.07715737165396751,0.14715737165396753
-4.91,0.08862987923639032,-4.998629879236391
3.36,-0.06798487814260758,3.4279848781426074
0.0,-0.25409919070107967,0.25409919070107967
1.56,0.656758832618679,0.9032411673813211
-0.61,0.2314324450551907,-0.8414324450551907
-0.26,0.42961807782342526,-0.6896180778234253
-0.18,-0.4592317581312008,0.2792317581312008
-1.31,0.10084424400925247,-1.4108442440092526
-0.54,-0.4546695004383889,-0.08533049956161115
0.0,-0.20928111143508601,0.20928111143508601
1.03,-0.45666794529249577,1.4866679452924958
0.36,0.3643640645932247,-0.004364064593224692
2.97,1.7813944680542286,1.1886055319457716
1.63,3.0318364893818446,-1.4018364893818447
5.68,-1.528535820741746,7.208535820741746
0.24,0.4932112336030632,-0.2532112336030632
-0.24,-0.4376835743632425,0.19768357436324252
0.26,0.8586667909455709,-0.5986667909455708
-1.38,-0.17688445581295395,-1.203115544187046
0.33,0.5862449514587231,-0.2562449514587231
0.05,-1.8652376657113863,1.9152376657113863
-0.37,-0.766027749604259,0.396027749604259
0.3,0.009396701740663493,0.2906032982593365
0.54,-0.03845110886063102,0.578451108860631
1.29,0.3666369657685599,0.9233630342314401
0.27,1.0244299700193085,-0.7544299700193084
1.08,0.1778288011230445,0.9021711988769556
2.9,0.35963221747994806,2.5403677825200517
-0.77,-0.14056360168673904,-0.6294363983132609
0.0,-0.4165570446815821,0.4165570446815821
-2.24,-1.739728330902661,-0.5002716690973392
-3.98,0.27829662950218514,-4.258296629502185
1.46,0.8392013187828885,0.6207986812171115
-0.18,0.4530471465829333,-0.6330471465829333
-3.14,-0.9513383019225874,-2.1886616980774125
0.96,-1.0600311305068169,2.020031130506817
4.47,-0.8764873278262488,5.346487327826249
0.62,0.8378507739321303,-0.21785077393213026
1.64,0.2876842584577205,1.3523157415422795
0.52,0.38770818944472696,0.13229181055527306
-0.78,-0.3022481884986623,-0.4777518115013377
-0.4,0.8122723838017123,-1.2122723838017122
0.4,0.508726579755648,-0.10872657975564792
2.35,0.9547061678714706,1.3952938321285295
2.17,0.9667259039747855,1.2032740960252144
0.04,-0.28394766622064144,0.3239476662206414
0.27,0.5593266139472645,-0.28932661394726444
-0.14,0.4485056723282128,-0.5885056723282128
-1.89,0.11853141128152214,-2.0085314112815222
1.41,0.5936501793723356,0.8163498206276644
1.35,0.4757409251200422,0.8742590748799579
1.55,0.21721103034990838,1.3327889696500916
2.15,0.7868206151952749,1.3631793848047251
0.42,-0.04128345588392421,0.46128345588392416
-0.75,-0.3218771618940751,-0.4281228381059249
0.84,0.0547068376763171,0.7852931623236828
2.25,0.1671673492061589,2.0828326507938413
-0.44,0.7778956493019906,-1.2178956493019906
0.28,-0.2506697700029785,0.5306697700029785
0.74,0.8033592965891062,-0.06335929658910622
-3.0,-1.877923478559868,-1.122076521440132
-1.46,-0.3701652966891127,-1.0898347033108873
-4.08,-0.5008668314615478,-3.579133168538452
3.46,1.4304796693189037,2.0295203306810965
-0.35,-0.6413300443359763,0.2913300443359763
-0.21,-0.6517564354263444,0.44175643542634446
2.5,0.6566444086145207,1.8433555913854793
0.48,-1.8546560498127231,2.334656049812723
-0.83,-0.43022751831756967,-0.3997724816824303
1.6,0.11234811110525282,1.4876518888947472
-2.25,0.6818502597901999,-2.9318502597902
1.51,0.9352223039871985,0.5747776960128015
4.9,-0.4237240226284017,5.323724022628402
0.04,-0.784834865312166,0.824834865312166
5.03,1.5106763875088356,3.5193236124911644
5.02,0.9329326556191405,4.087067344380859
2.6,3.209490257957144,-0.6094902579571437
3.42,0.5243814016140842,2.8956185983859157
1.44,0.1397847953126011,1.300215204687399
1.35,0.7342776318177264,0.6157223681822737
-3.96,-0.35094360129746555,-3.6090563987025344
-0.84,-0.19386681263268396,-0.646133187367316
-0.49,-1.399959527357126,0.9099595273571259
-1.02,-0.034177103938278164,-0.9858228960617219
0.48,0.4962291164034427,-0.01622911640344271
-0.56,0.5573262052061083,-1.1173262052061084
-3.62,-0.30377400397209414,-3.316225996027906
1.59,1.046023544541551,0.543976455458449
-2.92,-0.30010321455031874,-2.619896785449681
2.72,0.05049159346593707,2.6695084065340633
0.86,1.4721496788695145,-0.6121496788695145
0.16,0.04711905136042177,0.11288094863957823
-1.19,0.10271076118065965,-1.2927107611806596
0.78,0.5525118337210829,0.2274881662789171
-0.74,0.9499685759826754,-1.6899685759826752
1.21,-0.7655766537700295,1.9755766537700294
1.31,0.7622488352998846,0.5477511647001154
-1.02,0.14132732379502452,-1.1613273237950246
-1.75,0.6305810800454099,-2.3805810800454097
0.16,0.36691776565482437,-0.20691776565482436
-0.52,-0.19333279365560474,-0.3266672063443953
0.37,0.5286192011867609,-0.15861920118676087
1.48,-0.37189252888678365,1.8518925288867836
-3.24,-1.8631856792901433,-1.3768143207098569
2.03,3.025497021216103,-0.9954970212161034
-1.53,-0.4597144550350574,-1.0702855449649427
0.13,1.2589435304248338,-1.1289435304248339
0.15,0.7792829857185501,-0.6292829857185501
0.92,0.16503145223918506,0.754968547760815
-2.21,-0.3160185106866433,-1.8939814893133566
2.24,1.004778873044263,1.2352211269557372
3.44,2.018437906091604,1.421562093908396
2.59,1.9212369294628786,0.6687630705371213
0.06,1.7914082951403885,-1.7314082951403884
-0.22,0.25617578123867496,-0.476175781238675
0.16,-0.1955795566207017,0.35557955662070173
1.08,-0.3301082880576777,1.4101082880576778
-0.54,0.18267058273154627,-0.7226705827315463
3.33,0.5412049152704514,2.7887950847295486
-4.84,-1.0928613645334584,-3.7471386354665412
0.91,0.11757153667321758,0.7924284633267824
-3.6,-1.056008650735824,-2.543991349264176
-5.08,-0.8242402426956275,-4.255759757304372
-1.78,-0.5166012499694954,-1.2633987500305046
3.82,0.8193535086363746,3.000646491363625
-4.95,-0.4715918856295475,-4.478408114370453
-0.4,0.5782108452369149,-0.9782108452369149
-2.25,0.37439985003424164,-2.6243998500342416
-1.41,-0.6369900618940965,-0.7730099381059035
-0.63,-0.2773158170594492,-0.3526841829405508
-0.8,-0.7568912129064496,-0.04310878709355048
0.9,0.31669865703619327,0.5833013429638068
-3.39,-1.0186757345019017,-2.3713242654980986
0.76,0.11734693025809148,0.6426530697419085
-0.42,-1.4999911613669963,1.0799911613669964
-1.31,-0.6657736042896125,-0.6442263957103875
-2.02,0.08666935012443121,-2.1066693501244314
0.21,0.665647858560236,-0.45564785856023604
1.99,1.3482758124844991,0.6417241875155009
-2.82,-0.6038898027440605,-2.216110197255939
-1.03,0.14679820475159056,-1.1767982047515906
-3.37,0.3658040020436229,-3.735804002043623
0.42,1.197227690947436,-0.777227690947436
-2.29,-0.745783185192069,-1.544216814807931
1.81,0.5708347511027532,1.2391652488972469
1.17,0.07590956793619393,1.094090432063806
4.21,0.5607833896312221,3.6492166103687778
-1.0,0.44369315152687977,-1.4436931515268798
1.63,1.0744845193524444,0.5555154806475555
0.76,0.44319336847625873,0.3168066315237413
-2.03,-0.5355947901429929,-1.4944052098570069
-0.34,0.025239335874686665,-0.3652393358746867
0.77,1.111775279736386,-0.341775279736386
3.02,-0.4045167561884834,3.4245167561884835
2.48,0.9107167823438856,1.5692832176561144
0.88,0.6361682081157446,0.2438317918842554
1.69,0.6447693766241425,1.0452306233758575
-1.7,0.5660572470245151,-2.266057247024515
1.88,-2.117340077054826,3.997340077054826
2.63,2.914406628058609,-0.2844066280586093
0.8,0.9756635522793903,-0.17566355227939023
-0.67,-1.1787202102431993,0.5087202102431992
3.45,-0.3239394159724122,3.7739394159724124
-0.06,-0.4173128336297756,0.3573128336297756
1.2,-1.2615601986913827,2.461560198691383
-7.58,-3.2938854714662367,-4.286114528533764
1.01,0.3383336367780821,0.671666363221918
-0.93,0.28368209175460324,-1.2136820917546034
-1.23,-1.1145190826738982,-0.11548091732610177
0.03,0.4109554993714733,-0.3809554993714733
1.16,0.6348840864615758,0.5251159135384241
0.0,0.5596770202270546,-0.5596770202270546
0.05,1.0032956868950775,-0.9532956868950775
-0.57,0.42975090905388763,-0.9997509090538876
-2.15,0.018634388967718456,-2.1686343889677184
-1.44,-0.30506961066336635,-1.1349303893366336
1.37,-0.20985355209237969,1.5798535520923798
2.07,0.140898280899641,1.9291017191003588
6.9,0.05328123657186652,6.846718763428134
-0.28,0.1730306638358713,-0.4530306638358713
-1.3,-0.823490750771555,-0.47650924922844506
-0.54,1.054953583331194,-1.594953583331194
-0.58,-0.08661879669911564,-0.4933812033008843
0.25,1.5869431114116208,-1.3369431114116208
1.26,0.983005105061702,0.276994894938298
-1.99,0.7434730334922791,-2.733473033492279
-0.34,-0.07578943572530566,-0.26421056427469436
-4.25,1.4131129152941952,-5.663112915294195
0.13,0.48580816166556984,-0.35580816166556983
-1.15,0.2621088906348951,-1.412108890634895
1.05,0.12129722264862712,0.928702777351373
3.12,0.5360136839022941,2.583986316097706
1.8,0.7286059279619778,1.0713940720380224
3.38,1.0473493691202809,2.3326506308797192
2.01,1.1304211882503066,0.8795788117496932
-0.07,0.24695205188812044,-0.3169520518881205
0.35,0.9124372112165213,-0.5624372112165213
1.54,0.5762555883321901,0.9637444116678099
-1.43,0.30010704688155465,-1.7301070468815545
-1.1,-3.1519259329090534,2.0519259329090533
-3.56,-0.7626610065873369,-2.797338993412663
-1.96,-0.5345803985996542,-1.4254196014003457
0.27,0.3241625256695051,-0.05416252566950508
1.22,0.08515950440518066,1.1348404955948193
-1.83,-0.3865268071018542,-1.443473192898146
0.8,-0.02681154457991211,0.8268115445799121
-2.05,-2.248392335196652,0.19839233519665234
0.96,0.7974121148949819,0.1625878851050181
0.83,1.6294052565826773,-0.7994052565826774
1.23,1.0073727117368305,0.22262728826316946
-0.78,-0.8818714577597109,0.10187145775971085
-1.07,0.22247377339292995,-1.29247377339293
-4.42,-1.2143051217422707,-3.205694878257729
-1.56,-2.8463782226385206,1.2863782226385205
0.14,0.54259744444221,-0.40259744444221
1.54,0.5565058102693721,0.983494189730628
2.25,0.3847020936826373,1.8652979063173627
0.19,-0.3000541308947439,0.4900541308947439
0.32,0.0671067836188575,0.2528932163811425
2.44,-0.8196338346586427,3.2596338346586426
-1.77,-0.5146396658743533,-1.2553603341256467
0.65,0.27717044827791704,0.372829551722083
0.81,0.5527717330671814,0.25722826693281864
3.19,1.4630015871937767,1.7269984128062232
2.54,0.32404828527587637,2.215951714724124
0.81,0.5017238667923672,0.3082761332076328
0.08,-0.06382658552625668,0.14382658552625668
-0.63,0.7494759904540532,-1.3794759904540532
-0.54,-0.5327314062601707,-0.007268593739829354
-2.57,0.02182138353695895,-2.591821383536959
-1.59,1.1174665373447985,-2.7074665373447986
-5.56,-0.3614466963062194,-5.19855330369378
-1.94,-1.1865158212921192,-0.7534841787078808
2.33,1.8365739996936865,0.49342600030631356
0.32,0.3514170820662902,-0.03141708206629018
5.29,0.3105023022192262,4.979497697780774
0.61,-0.1872915831575152,0.7972915831575151
-2.46,-1.4429771752401332,-1.0170228247598667
-6.05,-0.28847464344523444,-5.761525356554765
-0.26,-0.5038153103942189,0.2438153103942189
3.08,1.2076215443345968,1.8723784556654033
-2.7,0.21390687431397803,-2.9139068743139784
-4.92,-1.643599314406158,-3.276400685593842
0.15,-0.00011850060013305491,0.15011850060013304
0.85,-0.16413028769502638,1.0141302876950264
1.33,0.6187210907343504,0.7112789092656496
-0.7,0.607956168529629,-1.3079561685296288
1.62,0.9272744169855545,0.6927255830144456
0.09,0.8232747903866015,-0.7332747903866015
0.86,0.4625770658316524,0.39742293416834756
-1.74,0.24238713012730656,-1.9823871301273066
0.14,-0.49215132944544604,0.632151329445446
-0.58,-0.2075559097175762,-0.37244409028242376
0.57,0.15259893665199437,0.4174010633480056
0.0,0.5177056886982054,-0.5177056886982054
1.72,-0.0365974517197344,1.7565974517197345
2.11,0.12510661093063385,1.984893389069366
0.08,-0.24113446276203593,0.32113446276203594
-1.63,-0.6569073227153398,-0.9730926772846601
-0.57,-0.7547130426195832,0.1847130426195832
5.04,0.38256388723521817,4.657436112764782
7.84,0.3580808242423015,7.481919175757699
0.23,0.26740246885843555,-0.03740246885843554
1.06,1.6501602264931465,-0.5901602264931465
-2.91,-1.481201421040245,-1.428798578959755
-0.4,-0.030560869058099488,-0.3694391309419005
1.18,0.5746501059902305,0.6053498940097695
-1.11,-0.6364354754475186,-0.47356452455248155
0.82,-0.16163243536679767,0.9816324353667976
2.43,0.47297697222976554,1.9570230277702345
0.87,-0.4858163972049406,1.3558163972049406
1.75,0.23693484324107433,1.5130651567589257
-1.97,-0.5552184714710566,-1.4147815285289433
-2.15,-1.091923227695763,-1.0580767723042368
-0.96,0.06288459780567351,-1.0228845978056735
4.53,1.1836654607699,3.3463345392301003
-1.1,-0.5181144916325758,-0.5818855083674243
-1.18,0.41644791549279814,-1.596447915492798
4.12,-1.7848850761862884,5.9048850761862886
-2.59,-0.6918757219679779,-1.898124278032022
1.44,0.28391711365480266,1.1560828863451973
-0.91,-1.253108607238274,0.34310860723827397
-1.86,-0.5261452490236853,-1.3338547509763148
0.98,0.22335681581555109,0.7566431841844489
-2.56,-0.1677441269512971,-2.392255873048703
1.11,0.936619565442108,0.1733804345578921
-1.7,-1.2593165452683859,-0.4406834547316141
-5.44,-1.0128269512020667,-4.4271730487979335
-2.03,-0.469122351225174,-1.560877648774826
1.21,0.412081173237607,0.7979188267623929
0.71,0.8678682747001502,-0.1578682747001502
1.23,0.21264374835473895,1.017356251645261
3.13,1.1609113186034685,1.9690886813965314
4.97,1.0911215016832112,3.8788784983167885
-0.47,0.32307082437066104,-0.793070824370661
-0.38,-0.016799714102206743,-0.36320028589779324
-0.61,-0.18564922500615105,-0.42435077499384893
-0.57,0.13392448581142338,-0.7039244858114233
2.05,0.5368458092549144,1.5131541907450854
0.8,-0.7962833516337408,1.596283351633741
-0.8,0.12565702425146516,-0.9256570242514652
-0.34,-0.5901297199433676,0.2501297199433676
1.02,1.8885168613060375,-0.8685168613060374
0.22,0.22209957564653002,-0.0020995756465300164
6.26,1.2421279752097127,5.017872024790287
7.27,-1.852636262150158,9.122636262150158
0.86,0.7146251973690834,0.14537480263091662
3.0,0.26305815854949965,2.7369418414505002
0.21,-0.5868341946296944,0.7968341946296944
1.66,0.8048713331505322,0.8551286668494678
-1.07,-0.190544769661732,-0.8794552303382681
0.0,0.44123785347135586,-0.44123785347135586
0.27,0.5645568375918939,-0.2945568375918939
-0.07,0.3419918695047901,-0.4119918695047901
1.41,0.23180690267717557,1.1781930973228243
-0.22,0.7518296383537277,-0.9718296383537277
0.7,-0.8166738539729633,1.5166738539729634
3.35,1.2054470631402894,2.1445529368597107
0.72,1.1320693314969923,-0.4120693314969923
0.52,0.6152553959055956,-0.09525539590559562
2.55,0.9458378748294748,1.6041621251705251
-2.73,0.7016413880242508,-3.431641388024251
2.53,-0.07591929426605803,2.605919294266058
-2.17,-2.0156614420885046,-0.1543385579114953
-0.67,-0.1399381143670297,-0.5300618856329704
3.11,1.6205875000551666,1.4894124999448333
-0.13,-0.4026487015090947,0.2726487015090947
1.11,-0.8385859587613788,1.9485859587613787
0.38,0.9623768891037339,-0.5823768891037339
0.0,1.2282182824256915,-1.2282182824256915
0.32,1.4485464845521603,-1.1285464845521602
-0.59,0.5678963956629528,-1.1578963956629527
0.0,0.5071230146195925,-0.5071230146195925
0.09,0.5916706558269547,-0.5016706558269547
-1.35,-0.0034697605071732423,-1.346530239492827
1.54,1.3108967782638712,0.22910322173612885
0.44,-0.6337550808860523,1.0737550808860523
2.0,0.17663971877599216,1.8233602812240077
0.65,0.540059101191351,0.10994089880864899
1.06,0.04960840008612308,1.010391599913877
-1.11,-0.013575806296561101,-1.096424193703439
0.23,0.3019510649434608,-0.07195106494346079
-1.55,-0.5712016105321444,-0.9787983894678557
1.9,0.546096896761325,1.3539031032386748
2.28,0.5630102668071475,1.7169897331928523
0.32,-0.5902763381400468,0.9102763381400467
1.51,0.9022094577025239,0.6077905422974761
1.14,0.36786727104141553,0.7721327289585844
0.22,0.3227224246462904,-0.10272242464629042
0.51,0.31662423536358847,0.19337576463641154
-0.29,-0.9667453646892608,0.6767453646892607
1.87,0.6516823406401072,1.2183176593598928
-1.64,-0.2259469382521757,-1.4140530617478242
0.54,0.8638011436243095,-0.32380114362430945
-0.83,-0.19483799572230567,-0.6351620042776943
1.29,0.20063359390996208,1.0893664060900379
3.58,1.218157497037682,2.3618425029623182
1.95,0.9635498412946303,0.9864501587053697
0.77,-0.26571249975129557,1.0357124997512956
-0.6,0.43926463324146453,-1.0392646332414646
3.25,0.151235852300764,3.098764147699236
0.36,-0.29701965873070385,0.6570196587307038
0.23,0.7692351079255623,-0.5392351079255623
2.44,0.44729282697164385,1.992707173028356
1.41,0.6107813517284351,0.7992186482715649
1.06,0.7688222067165065,0.2911777932834936
-7.65,0.7504420991968972,-8.400442099196898
2.89,0.711651994102425,2.178348005897575
-1.33,-1.9355912810422,0.6055912810422
0.0,-0.09564344473415164,0.09564344473415164
-1.29,-0.07335705887234392,-1.216642941127656
-0.66,0.6874463193182769,-1.3474463193182769
-0.23,0.651354266476196,-0.881354266476196
-0.29,0.41211465685662907,-0.702114656856629
-0.7,0.23906704901495002,-0.93906704901495
-0.03,-1.0528445129134223,1.0228445129134223
0.46,-0.8892654545569458,1.3492654545569458
1.69,-0.5203398006380069,2.210339800638007
-0.38,0.8192590832105576,-1.1992590832105576
-1.05,-0.7081632046299831,-0.341836795370017
1.59,0.49461784559085575,1.0953821544091444
-1.75,-0.7094052700394151,-1.0405947299605849
0.0,-0.45708697076472243,0.45708697076472243
-1.83,-0.7694466707106647,-1.0605533292893354
1.08,1.0859737361959656,-0.005973736195965529
3.91,3.2285386068111603,0.6814613931888398
1.07,-0.048037745596509814,1.1180377455965098
0.13,0.34946156465171396,-0.21946156465171396
0.81,0.793630252928147,0.016369747071853014
0.12,-0.5072863154423715,0.6272863154423715
0.46,0.414667124871879,0.04533287512812101
-0.49,-0.360195196513,-0.12980480348699996
-0.17,1.3047322241906492,-1.474732224190649
-0.22,0.6256094456700607,-0.8456094456700607
-2.88,0.05875502038066535,-2.938755020380665
-0.29,-0.11397072977937499,-0.17602927022062498
3.4,-0.47672736580071146,3.8767273658007113
0.62,-1.2069104728553772,1.8269104728553773
-0.22,-0.25256774681610344,0.03256774681610344
1.52,0.7676274663385536,0.7523725336614464
-0.29,-0.591558671858512,0.301558671858512
2.27,1.307107503145449,0.9628924968545509
-0.64,-0.3936256487196522,-0.2463743512803478
-1.15,-0.3076644537183952,-0.8423355462816047
-2.33,-0.8034128547050414,-1.5265871452949586
-3.72,-1.2486722260440606,-2.47132777395594
1.26,0.3704945191878662,0.8895054808121339
1.48,0.525488681777754,0.954511318222246
-1.53,-0.7079007069254168,-0.8220992930745832
-0.25,-0.03445583839015744,-0.21554416160984258
-0.66,0.48258738272054336,-1.1425873827205435
1.68,-0.6128438969525126,2.2928438969525127
0.84,-0.6804327714276094,1.5204327714276094
1.23,-1.149542163255695,2.379542163255695
0.9,0.8957783411597038,0.0042216588402962385
0.2,0.05438575279369298,0.14561424720630703
-4.29,0.7929254824154468,-5.082925482415447
0.14,0.9519565252238918,-0.8119565252238918
4.33,0.09722387398592192,4.232776126014079
0.09,0.9490600061509993,-0.8590600061509993
-1.75,-0.2515817504097769,-1.4984182495902232
5.06,0.38661755685775057,4.673382443142249
0.28,1.250168483789772,-0.9701684837897719
0.42,-0.42330860872761783,0.8433086087276178
-0.81,-0.20595567323100794,-0.6040443267689921
7.24,0.36115298331866036,6.87884701668134
-1.31,-0.9239281336131829,-0.3860718663868171
0.84,0.3986682786607711,0.4413317213392289
0.9,1.445642694810757,-0.545642694810757
-0.11,-0.4150619620654186,0.30506196206541863
-1.18,-0.13123132678310068,-1.0487686732168993
0.0,0.33466384554183004,-0.33466384554183004
-0.31,-0.02839165619652457,-0.28160834380347544
-4.03,-1.5392978349358024,-2.4907021650641976
2.57,0.2819049263954373,2.2880950736045627
3.31,0.04009424379760983,3.26990575620239
-0.44,-0.19620749368925572,-0.24379250631074428
-1.14,0.2534933544931135,-1.3934933544931134
0.98,0.6778682077735845,0.3021317922264155
-1.69,-0.07989832727451214,-1.6101016727254878
0.09,0.3744296652475501,-0.2844296652475501
0.2,0.43094866165197837,-0.23094866165197836
-3.19,-0.5779146439023864,-2.6120853560976136
0.63,-0.12574036543083109,0.7557403654308311
0.24,-1.4020363293825484,1.6420363293825484
-3.1,-0.3714085372702111,-2.728591462729789
1.15,0.849055934418577,0.30094406558142295
0.64,-0.8852714351491411,1.5252714351491412
3.04,0.3024977832292736,2.7375022167707264
-2.19,-0.5696099337669508,-1.6203900662330493
-3.65,-0.8052344901907609,-2.844765509809239
1.08,-0.6328019320571783,1.7128019320571783
0.17,0.7858219719190488,-0.6158219719190487
0.99,0.691786804584205,0.29821319541579494
-1.35,0.4207663204530584,-1.7707663204530584
-2.69,0.2230168120328027,-2.9130168120328026
-0.79,0.7947291440726715,-1.5847291440726714
2.33,1.028525904303906,1.3014740956960942
0.33,-1.0091419965133481,1.3391419965133482
-0.25,1.6989267361048865,-1.9489267361048865
-0.97,0.17173928526865365,-1.1417392852686536
0.31,0.31218962538991096,-0.0021896253899109652
-0.93,-0.12330657391098783,-0.8066934260890122
-1.16,0.11324103959777158,-1.2732410395977716
-1.08,0.5200073625537538,-1.6000073625537539
0.57,0.8980853132292365,-0.3280853132292365
-1.77,0.4867090831625666,-2.2567090831625665
-1.06,0.953094896838305,-2.013094896838305
1.33,0.4740751423811762,0.8559248576188239
3.59,0.2901845373889916,3.2998154626110083
1.14,-0.5829837615575433,1.7229837615575432
0.0,-0.520342289446158,0.520342289446158
-0.36,0.5815653864403081,-0.9415653864403081
-2.21,-0.8981536479417205,-1.3118463520582795
2.14,0.44231657900223215,1.697683420997768
-0.41,-0.1918094728660244,-0.21819052713397558
-1.64,-2.1015818584236836,0.4615818584236837
-2.69,-1.073475473930739,-1.616524526069261
-4.71,-0.3636606739124392,-4.346339326087561
3.02,0.6637230928395021,2.356276907160498
-0.32,1.0962564818366716,-1.4162564818366716
-1.58,0.44444809277983854,-2.0244480927798385
4.73,0.7235304751199592,4.006469524880041
0.0,1.2401734984736426,-1.2401734984736426
5.81,0.6629796825033459,5.147020317496653
1.17,0.016066628197086454,1.1539333718029134
-0.99,0.012359170437447147,-1.002359170437447
-3.76,-1.187553540421983,-2.5724464595780168
-0.35,-0.49033088066090025,0.14033088066090027
1.75,-2.4923001994042338,4.242300199404234
-2.08,-0.674663895801412,-1.4053361041985881
0.92,0.5474749544594286,0.3725250455405714
-0.53,-0.19265370298728773,-0.3373462970127123
-2.62,-0.9488311528654337,-1.6711688471345663
0.47,-0.06608091310388775,0.5360809131038877
3.39,0.46582980217413106,2.924170197825869
2.16,1.4889113348367085,0.6710886651632917
-0.93,-0.06514653831715464,-0.8648534616828454
-0.05,0.5252989059945717,-0.5752989059945718
1.65,2.183613904130388,-0.5336139041303882
3.88,2.539146844902937,1.3408531550970628
-0.34,-1.5328844684232754,1.1928844684232753
-0.54,-0.04146870353253198,-0.4985312964674681
2.81,3.0796589285689864,-0.2696589285689863
1.08,1.2022887335723227,-0.12228873357232262
3.53,0.8181483427233339,2.7118516572766658
1.85,0.19758367728618406,1.652416322713816
-0.68,0.4538222077500235,-1.1338222077500235
1.68,0.31203619384160863,1.3679638061583912
1.74,0.8096300574432701,0.9303699425567299
-3.18,-0.5248944087662375,-2.6551055912337627
-0.9,-1.078392649490293,0.17839264949029288
0.47,0.31552740286481945,0.15447259713518052
-0.03,-0.269685298461378,0.239685298461378
3.65,0.47005411452662854,3.1799458854733715
-0.69,0.14215546868363024,-0.8321554686836302
1.73,0.8431945592337869,0.886805440766213
-1.12,-0.08324430280897631,-1.036755697191024
1.07,0.7783531531715354,0.29164684682846465
-0.51,0.36348055851550093,-0.873480558515501
-1.92,-0.4067489772328894,-1.5132510227671105
0.97,0.34671881281391137,0.6232811871860886
5.55,0.16722948483161099,5.382770515168389
0.18,0.09469497106818993,0.08530502893181006
-2.97,0.6701367906317297,-3.64013679063173
1.57,0.304409407489339,1.265590592510661
0.24,0.44750747235237814,-0.20750747235237815
2.37,2.208489913405564,0.1615100865944359
-1.3,-0.01027734777376902,-1.289722652226231
-0.66,-0.06652917557503728,-0.5934708244249628
0.25,0.11737922787106572,0.13262077212893428
0.6,0.6046578457395358,-0.004657845739535871
1.1,0.11710651051261356,0.9828934894873865
-4.98,-0.8891786865613789,-4.090821313438622
0.62,0.8632646111188215,-0.24326461111882147
-1.91,-2.8321771787577394,0.9221771787577395
1.05,1.0087878431770292,0.04121215682297086
-1.21,-0.10995791109423315,-1.1000420889057667
1.58,-1.7229529290101195,3.30295292901012
-2.65,-1.2190148894591002,-1.4309851105408997
0.47,-0.28178592254362317,0.7517859225436232
-0.48,0.028754450274273324,-0.5087544502742734
1.04,0.6190863650372072,0.4209136349627929
-0.24,0.8135989042467728,-1.0535989042467728
-0.3,-0.7870056992824037,0.4870056992824037
-1.37,0.5873538834268156,-1.9573538834268156
-0.12,-0.5026245036000759,0.38262450360007594
1.22,0.9411431215032293,0.27885687849677065
-0.38,0.30488398453521054,-0.6848839845352106
0.16,0.3859403583402813,-0.22594035834028128
-0.93,0.3186515436236115,-1.2486515436236116
1.87,-0.0792901043649869,1.949290104364987
-0.57,0.21035332820930763,-0.7803533282093076
1.06,0.4590143675794098,0.6009856324205902
1.42,2.906153567094456,-1.4861535670944561
3.4,0.48543511087714564,2.9145648891228544
-0.17,-0.22393761460110653,0.05393761460110652
-1.07,0.05458383086792592,-1.124583830867926
0.71,-0.4085989349008493,1.1185989349008492
0.53,-0.9173837193447623,1.4473837193447623
-0.9,0.06592955649604988,-0.96592955649605
-0.18,0.6879500558780383,-0.8679500558780382
-0.61,-0.4176797609471676,-0.1923202390528324
1.09,0.04246487287098451,1.0475351271290156
0.62,-0.9812173506178472,1.6012173506178473
-2.94,-2.0030551936887786,-0.9369448063112213
-0.33,-0.01873106675242773,-0.31126893324757227
1.94,1.2341980642879573,0.7058019357120426
3.92,-0.3751552744332134,4.295155274433213
-1.84,-0.4648331232078641,-1.375166876792136
3.13,1.2738883296806485,1.8561116703193514
0.97,0.37940647194606547,0.5905935280539345
-0.14,0.5259402124016446,-0.6659402124016446
-1.72,-0.6579881851069507,-1.0620118148930493
-0.96,-0.08753441593534421,-0.8724655840646558
-0.94,-0.1114139645027213,-0.8285860354972786
2.2,0.9359353784072323,1.2640646215927678
2.04,1.01982511124917,1.02017488875083
-0.4,0.45010053134567635,-0.8501005313456764
1.65,0.061781532541521675,1.5882184674584783
2.24,1.164424161212113,1.0755758387878873
-3.0,-0.5631991104655536,-2.4368008895344464
-0.92,-0.27227334098134337,-0.6477266590186567
-1.18,-1.062244463969782,-0.11775553603021804
-1.92,-1.1813965427336226,-0.7386034572663773
-1.43,-0.3994968065450704,-1.0305031934549296
-0.45,0.5726457884173217,-1.0226457884173217
-0.8,0.71340455321662,-1.51340455321662
-1.85,0.4072022075269957,-2.257202207526996
2.62,3.09424716938345,-0.47424716938345
1.37,0.8372419770012814,0.5327580229987187
0.42,0.3771759245575482,0.04282407544245176
0.17,0.6858507759285426,-0.5158507759285426
2.9,0.10716996828183484,2.792830031718165
0.27,0.29674462319070694,-0.026744623190706918
-3.43,-3.041887354492641,-0.38811264550735913
-0.68,0.5827705097921059,-1.262770509792106
3.82,0.42386300352415274,3.396136996475847
-4.17,-0.7300501882288385,-3.4399498117711613
-1.96,-0.7319104735033604,-1.2280895264966396
-0.91,0.8523295469371301,-1.76232954693713
3.82,1.269993097891375,2.550006902108625
-1.0,-0.830670841408129,-0.16932915859187103
-0.68,0.34993125168161376,-1.0299312516816137
6.53,-0.5962264333140681,7.126226433314068
-0.89,-0.7551083306453381,-0.1348916693546619
-2.6,-0.975060550622194,-1.624939449377806
1.63,0.10604446260622755,1.5239555373937723
-0.38,0.233461078158486,-0.6134610781584859
-0.38,0.6102124656886688,-0.9902124656886688
1.9,1.0304564436499941,0.8695435563500058
0.36,0.1475175796045826,0.2124824203954174
2.76,0.28503634125092164,2.474963658749078
1.56,-0.36378549633938956,1.9237854963393897
-0.37,0.19321747400251182,-0.5632174740025118
0.61,-0.7576125219570424,1.3676125219570423
-1.1,-0.06435933851337813,-1.035640661486622
1.56,0.43526047304300897,1.124739526956991
2.53,-0.20230714400015362,2.7323071440001536
-1.91,0.6005282333456718,-2.5105282333456715
-0.62,-0.58001732146872,-0.039982678531280014
1.88,0.7426746621159568,1.137325337884043
1.02,0.6226952327310401,0.3973047672689599
-1.14,-0.4748940981907222,-0.6651059018092778
-0.06,0.49544426133695874,-0.5554442613369588
0.2,0.36013701346445276,-0.16013701346445275
-0.89,0.12052287897736319,-1.0105228789773633
-0.94,-0.11057088999253022,-0.8294291100074698
-0.93,0.8195391745149347,-1.749539174514935
0.58,0.27104409506681837,0.3089559049331816
-1.06,0.6991215439905882,-1.7591215439905883
-0.18,0.3780489622997165,-0.5580489622997165
-0.41,0.3749170061077004,-0.7849170061077004
1.54,0.9623626682429625,0.5776373317570376
-0.3,-0.2151073685327358,-0.0848926314672642
-0.47,0.008481404927303919,-0.4784814049273039
-0.12,0.3445239610983438,-0.4645239610983438
-0.92,0.7763999222081398,-1.6963999222081398
-2.03,-0.11628286384860394,-1.9137171361513958
-1.42,0.5948211433565667,-2.0148211433565666
-0.86,0.4481291641116025,-1.3081291641116024
0.06,0.13587677247802415,-0.07587677247802416
-0.38,-1.0977609394964638,0.7177609394964638
1.47,0.9595375826886904,0.5104624173113096
1.27,1.0251648734026628,0.2448351265973372
3.43,0.31667375986696744,3.113326240133033
1.08,0.2510468540449984,0.8289531459550017
3.36,0.622296903291839,2.737703096708161
-0.61,0.22325310315320096,-0.8332531031532009
0.46,0.29405687061540653,0.1659431293845935
-0.86,-0.05261445112212332,-0.8073855488778767
3.78,1.0685057693150102,2.7114942306849894
5.02,1.2028836965660383,3.817116303433961
1.54,0.5547789324260402,0.9852210675739599
2.74,0.5871949124638028,2.1528050875361973
0.87,0.2341416795091339,0.6358583204908661
-3.97,0.005271595083096284,-3.9752715950830964
0.0,0.320490829674748,-0.320490829674748
-0.83,0.07381533184163083,-0.9038153318416308
0.85,0.5382373889419624,0.3117626110580376
1.4,0.4373838400399887,0.9626161599600112
-3.24,1.1337821466150915,-4.373782146615092
5.84,0.9300391991465193,4.90996080085348
0.0,0.31056873149777453,-0.31056873149777453
-4.76,0.19312935142730017,-4.9531293514273
-1.13,-0.10911711786472786,-1.020882882135272
-0.57,-0.5950155030990788,0.02501550309907885
-1.77,0.06915887750909529,-1.8391588775090952
-1.21,0.12098895899104857,-1.3309889589910486
1.9,-0.5668998249287864,2.4668998249287863
0.0,0.7543689046658478,-0.7543689046658478
-1.19,-0.0011610029985630807,-1.1888389970014368
-0.67,-0.4207334458706153,-0.24926655412938475
5.09,2.8820410034038484,2.2079589965961515
-1.81,-1.52211401705191,-0.28788598294809
-2.45,0.26850379956908543,-2.7185037995690857
5.41,-0.4847748648904187,5.894774864890419
-0.5,0.6086440512558566,-1.1086440512558566
-1.46,-0.04423453832885321,-1.4157654616711468
0.0,-0.2965512280704141,0.2965512280704141
0.46,-1.1640696743251178,1.6240696743251177
1.44,1.188246563166975,0.251753436833025
-1.96,0.3541011970111031,-2.314101197011103
0.0,-0.1104023945138791,0.1104023945138791
1.33,0.6827724357398629,0.6472275642601372
-1.46,-0.09101384182812913,-1.3689861581718707
0.23,0.5204014140126155,-0.29040141401261554
-0.29,-0.19226175369321852,-0.09773824630678146
0.0,0.08223770117821866,-0.08223770117821866
1.72,0.8539043594389174,0.8660956405610826
-0.42,0.4072622459636659,-0.8272622459636658
0.33,0.6221352664838316,-0.29213526648383153
-0.84,0.19776907669325927,-1.0377690766932592
0.76,0.240269689349636,0.519730310650364
1.72,0.3064610430111101,1.4135389569888899
1.01,0.5839133626371249,0.4260866373628751
-0.92,-0.29956294005990336,-0.6204370599400967
0.45,0.04581554535931801,0.404184454640682
-0.19,-0.37436922877672163,0.18436922877672163
0.49,0.5651486221777402,-0.07514862217774021
-1.44,-0.26372403087437835,-1.1762759691256215
-2.61,-0.5957326355873663,-2.0142673644126337
1.03,0.6122284125288755,0.41777158747112453
-0.3,0.5798887136428814,-0.8798887136428815
1.18,0.3398044408818114,0.8401955591181886
0.26,0.019372910097115746,0.24062708990288426
-0.82,-0.23972738509738795,-0.5802726149026121
-0.94,-0.847136185160596,-0.09286381483940398
0.64,0.3062475400152864,0.3337524599847136
-0.17,0.39770978210486707,-0.5677097821048671
0.0,-0.20096241099369114,0.20096241099369114
-0.66,-0.5307597864623769,-0.12924021353762316
-2.22,0.2303509749691742,-2.4503509749691745
-2.59,-1.698834940170877,-0.8911650598291228
2.17,1.4739036094856788,0.6960963905143212
1.04,1.2000229330334011,-0.1600229330334011
0.71,0.2878805574614472,0.42211944253855277
0.0,0.40976395043086816,-0.40976395043086816
3.15,-0.8040208601152042,3.9540208601152043
6.81,0.9379897576887469,5.872010242311252
-1.01,-1.3233816629487398,0.3133816629487398
1.58,0.6738868415093915,0.9061131584906086
0.76,-0.3732174126264196,1.1332174126264196
0.97,0.05581978605876404,0.9141802139412359
-1.19,-0.7166701790469682,-0.4733298209530318
-0.37,-0.37655337688150553,0.006553376881505535
6.19,0.28570836894382323,5.904291631056177
3.67,-0.3794054917801591,4.049405491780159
0.36,0.6510858936434183,-0.2910858936434183
0.74,1.1656688213397413,-0.42566882133974127
0.08,1.0483189044059449,-0.9683189044059449
0.97,0.8620920658098272,0.10790793419017275
-1.3,-0.29041422587865234,-1.0095857741213476
2.16,1.4405643891126851,0.719435610887315
-1.49,-0.7663181789241028,-0.7236818210758972
0.8,0.743624471658744,0.05637552834125603
-0.15,-0.06100765845888863,-0.08899234154111137
1.4,2.6906153765156193,-1.2906153765156194
1.77,1.2128884908504385,0.5571115091495615
0.7,1.0397345467865808,-0.3397345467865809
0.21,-0.9713585944270061,1.1813585944270062
-0.13,-0.21399084069460197,0.08399084069460197
-3.07,-1.507925797387564,-1.562074202612436
-0.43,-0.2403217611986624,-0.1896782388013376
1.63,0.5865980034147784,1.0434019965852215
0.99,-0.09817936155745231,1.0881793615574522
1.92,0.6066839572330407,1.3133160427669592
-3.26,-1.2028127131946915,-2.0571872868053083
2.57,-0.18499822774340097,2.7549982277434006
1.03,0.6756563778221517,0.3543436221778483
0.8,0.5982915702576436,0.20170842974235648
1.39,0.6435429857663114,0.7464570142336885
-1.0,0.151631440556775,-1.151631440556775
4.85,1.4295975256120599,3.4204024743879398
3.99,-0.31620062327680554,4.306200623276806
-1.7,-0.34330460293642306,-1.356695397063577
0.41,0.9122573127838057,-0.5022573127838057
-3.63,-1.1236128530645726,-2.5063871469354275
0.51,0.8367077053543542,-0.3267077053543542
3.06,0.7415181680494353,2.3184818319505647
-1.66,0.25944094643119436,-1.9194409464311943
-0.47,-1.020577000627597,0.550577000627597
0.72,0.1504069127970304,0.5695930872029695
-0.26,0.11970678662729706,-0.37970678662729707
1.67,0.36875435272771506,1.3012456472722849
0.0,1.3258495615285921,-1.3258495615285921
0.93,0.44715371922004027,0.4828462807799598
1.49,1.8984955963110637,-0.4084955963110637
0.11,-0.8067383591752342,0.9167383591752342
-0.09,0.016818536914578512,-0.10681853691457852
-0.7,0.27481609510241584,-0.9748160951024158
0.11,-0.2900299457585526,0.4000299457585526
2.49,1.021625161748382,1.4683748382516182
0.93,0.32013947929987513,0.6098605207001249
-0.2,1.045300379910139,-1.245300379910139
1.81,0.17786311514384068,1.6321368848561595
0.67,0.4944052360115,0.17559476398850005
-2.37,-1.0485712982975146,-1.3214287017024855
0.55,0.03350191619462727,0.5164980838053728
3.73,-0.6347870542579956,4.364787054257995
2.46,0.3558404399094975,2.1041595600905025
-1.13,1.0429622651602481,-2.172962265160248
0.37,0.14891697698243456,0.22108302301756544
-4.42,0.827879230457037,-5.247879230457037
-3.23,-0.8305765218115114,-2.3994234781884884
1.1,0.6449063370683664,0.45509366293163367
0.15,-0.477156385165301,0.627156385165301
-0.82,0.14573696741330658,-0.9657369674133065
-0.87,0.03335401470103919,-0.9033540147010392
-0.78,0.17728886478255537,-0.9572888647825554
0.19,0.12765435438396766,0.06234564561603234
0.88,0.34226593452460613,0.5377340654753939
0.0,0.14856990082160773,-0.14856990082160773
-0.33,0.36259214739669793,-0.6925921473966979
4.24,-0.27955953430536834,4.519559534305369
-1.12,-1.0254403567225692,-0.09455964327743094
-0.86,-0.29280467333188726,-0.5671953266681127
8.06,-0.8068531445343743,8.866853144534375
-3.64,-1.4977729391043808,-2.1422270608956193
2.8,1.0002355927835673,1.7997644072164325
3.28,0.6239284960656024,2.656071503934397
1.24,-0.4649472737642205,1.7049472737642204
4.99,1.0819222356705132,3.9080777643294873
2.74,1.0615443856032303,1.67845561439677
-0.79,0.048778343218556064,-0.838778343218556
-3.07,-0.063464967623752,-3.006535032376248
-0.37,0.4613221064270963,-0.8313221064270964
-0.18,-0.4168775242529339,0.2368775242529339
3.99,0.15464225060270864,3.8353577493972915
0.0,1.0477880862454076,-1.0477880862454076
-1.14,-0.33504694817379677,-0.8049530518262031
-2.52,0.5978667719079758,-3.117866771907976
0.04,-0.4129603814355102,0.4529603814355102
-0.6,-0.7846047356823614,0.18460473568236146
-0.89,-0.29623551993898256,-0.5937644800610175
-6.63,0.9331579623966257,-7.563157962396626
-0.26,0.7986957054047108,-1.0586957054047108
-0.97,-0.16753065859887745,-0.8024693414011226
0.25,-0.12666590249487614,0.37666590249487614
0.32,1.0761681684725701,-0.7561681684725701
-0.68,2.3226897563320854,-3.0026897563320856
-0.26,0.5498510011938168,-0.8098510011938168
-1.74,-0.12099391768041093,-1.619006082319589
-1.67,-0.7282564118756202,-0.9417435881243797
4.1,1.9952791726533436,2.104720827346656
1.06,0.7087524316227835,0.3512475683772166
0.6,0.9858521865667557,-0.3858521865667557
2.01,1.3878704418478498,0.62212955815215
-0.64,-0.9649337640965931,0.32493376409659314
-0.32,0.13571079433484387,-0.45571079433484385
-0.97,-0.40459055556154905,-0.565409444438451
-1.85,0.2431999294055867,-2.093199929405587
0.18,0.078164940146298,0.10183505985370199
4.0,2.4185578297536208,1.5814421702463792
1.49,0.984217915395983,0.505782084604017
0.16,-0.007924292652904195,0.1679242926529042
0.94,0.22236670784491136,0.7176332921550885
-0.87,-0.561154894301907,-0.308845105698093
-0.33,-1.3356310327720342,1.0056310327720341
-0.48,0.005447867793002351,-0.4854478677930023
0.95,0.18266075175127147,0.7673392482487285
-0.13,0.22807226564515595,-0.35807226564515593
0.13,-0.2746885787877488,0.40468857878774883
7.39,-0.1675008548588136,7.557500854858813
0.27,1.1369666004605015,-0.8669666004605014
1.41,0.9096006328114312,0.5003993671885687
-0.68,0.24882623730428544,-0.9288262373042855
0.9,0.4790178500636545,0.42098214993634553
1.09,-0.2676796708698032,1.3576796708698033
0.62,0.8466275509362405,-0.22662755093624054
0.29,0.1891595982214327,0.10084040177856729
0.0,0.30937462184102765,-0.30937462184102765
-0.3,0.5163118427734511,-0.816311842773451
-1.68,-1.6527972277192091,-0.02720277228079082
0.3,0.6073341613552257,-0.3073341613552257
-5.03,-3.138500584491839,-1.8914994155081613
1.85,-0.5830167822101268,2.4330167822101267
-0.33,-0.38169648356558983,0.05169648356558981
-1.22,-0.5348007431048712,-0.6851992568951287
-4.31,-2.2825969052974897,-2.02740309470251
2.33,-0.12018179175448346,2.4501817917544835
0.0,0.2928577725932965,-0.2928577725932965
0.17,-0.8850393706251142,1.0550393706251142
-0.69,-0.3222925452772348,-0.36770745472276517
-0.86,1.144365396367532,-2.004365396367532
-0.96,-0.24685278522774698,-0.713147214772253
-4.38,-1.5321089859853094,-2.8478910140146905
0.0,1.2810487086434215,-1.2810487086434215
0.21,0.12865102582476257,0.08134897417523743
0.61,1.1755520960082373,-0.5655520960082373
6.72,0.49832285799636206,6.221677142003638
-1.7,-0.12407405640765762,-1.5759259435923423
3.53,0.03255594666076303,3.497444053339237
0.82,0.030710056186765748,0.7892899438132343
-1.03,-0.2733972691610681,-0.7566027308389319
-2.12,-0.17440644017692036,-1.9455935598230798
-2.02,-1.1462043887029605,-0.8737956112970395
-4.28,0.2617599404347434,-4.541759940434743
0.86,0.34969758496809517,0.5103024150319049
0.74,0.6116886172955093,0.12831138270449072
4.98,1.1691174604393133,3.810882539560687
0.96,0.7625731191741043,0.19742688082589566
-0.25,-0.49320263412460713,0.24320263412460713
0.11,-0.3250995697011552,0.4350995697011552
1.93,-0.8314474938770808,2.761447493877081
-2.29,-1.2377988613279098,-1.0522011386720902
-0.45,-0.40959774022086154,-0.04040225977913847
-0.75,-0.06029265378441651,-0.6897073462155835
0.46,0.9160108715240404,-0.45601087152404035
5.52,1.7480337245975657,3.771966275402434
0.34,0.21435512914907923,0.1256448708509208
-1.87,-0.40791789427810343,-1.4620821057218967
-6.5,-1.0395266874395126,-5.460473312560487
1.84,0.6492215229282098,1.1907784770717904
-1.06,-0.780591339453255,-0.27940866054674507
0.73,0.8794004396727978,-0.1494004396727978
2.84,0.4955533939321922,2.3444466060678075
1.09,-0.4600883544778531,1.5500883544778532
-1.72,-0.6245177165128791,-1.095482283487121
0.09,-0.5201881682020801,0.6101881682020801
-1.72,-0.5681049983954038,-1.1518950016045961
-0.03,-0.3633520220289666,0.33335202202896663
-1.2,-0.25044708384595704,-0.9495529161540429
-0.64,2.0415611750417506,-2.6815611750417507
-2.29,-1.1335221830102353,-1.1564778169897647
3.25,0.8672642895883497,2.38273571041165
1.27,-1.5819193587239442,2.8519193587239444
0.39,0.5389374333279402,-0.14893743332794018
-0.73,-0.008890046137465208,-0.7211099538625347
0.1,0.09397029595253284,0.006029704047467166
1.54,1.690924185886319,-0.15092418588631906
-1.71,-1.2102358128521093,-0.4997641871478906
1.69,0.6308281953913363,1.0591718046086638
-0.55,-0.42019287753130097,-0.12980712246869908
0.84,0.3956912665444235,0.4443087334555765
-5.16,0.07518359352295909,-5.235183593522959
-1.05,1.3177754865065765,-2.3677754865065763
0.36,0.9619352910537835,-0.6019352910537835
-1.17,0.07601250992666976,-1.2460125099266697
-4.42,-1.6310112092948064,-2.7889887907051936
1.35,1.17520219815591,0.1747978018440901
-1.69,0.030249984334202798,-1.7202499843342027
0.72,0.49440343666932174,0.22559656333067823
-7.31,-0.3759213126499965,-6.934078687350003
1.34,0.535355178270945,0.804644821729055
-0.89,-0.21827014310907764,-0.6717298568909223
1.08,-0.03624114019562712,1.1162411401956271
-1.65,-0.8818421952198394,-0.7681578047801605
0.0,-0.17489109673088454,0.17489109673088454
2.37,1.707440699416976,0.6625593005830241
-0.3,0.44015322389507217,-0.7401532238950721
0.55,-0.264431749898026,0.814431749898026
1.39,1.0107687989892322,0.3792312010107677
-1.88,-0.679758342737337,-1.2002416572626629
-1.96,-0.2914977708201446,-1.6685022291798552
1.87,0.3108788676144786,1.5591211323855214
5.13,0.5706547040799073,4.559345295920092
0.11,0.44097321335501916,-0.33097321335501917
0.57,-0.4585083628826531,1.028508362882653
0.46,0.3436187796018716,0.11638122039812843
0.44,0.47044012277686464,-0.030440122776864642
-0.24,0.9906904810867826,-1.2306904810867825
0.66,0.805884245216235,-0.145884245216235
0.41,0.2038102838347629,0.20618971616523707
-1.45,0.19748309791247368,-1.6474830979124737
0.72,0.24555598569204595,0.474444014307954
-0.2,0.7347537342570505,-0.9347537342570504
0.64,-1.185189911961886,1.825189911961886
0.0,0.4630834057077093,-0.4630834057077093
-2.63,-0.2524706126443792,-2.3775293873556205
0.85,-0.6906497952551011,1.540649795255101
-1.02,-1.5488303103929015,0.5288303103929015
-1.38,-1.2249173677704976,-0.15508263222950225
-1.29,-0.07584799774509599,-1.2141520022549042
0.84,0.16111181151213538,0.6788881884878646
1.78,1.3812319049090709,0.39876809509092914
-1.33,0.8590246882221007,-2.1890246882221005
1.72,0.8009925139488557,0.9190074860511442
-1.8,0.7960119584839365,-2.5960119584839365
-0.41,-0.1976905134757904,-0.21230948652420958
-0.68,-1.1994442543455135,0.5194442543455134
0.99,0.3940619970988408,0.5959380029011592
0.09,0.824611394541345,-0.734611394541345
-0.74,-1.5379624029340695,0.7979624029340695
0.35,0.8141275527432404,-0.46412755274324047
-1.17,-0.9940807649287597,-0.1759192350712402
-0.86,-0.5201548815032677,-0.33984511849673227
1.49,0.6326323020819662,0.8573676979180338
0.35,0.9186341454654433,-0.5686341454654433
-0.75,-1.0629242529708292,0.31292425297082915
-1.76,-0.5367580733568856,-1.2232419266431145
0.09,0.321915238266058,-0.231915238266058
-0.99,-0.4388200556067562,-0.5511799443932438
1.27,0.5341721610459297,0.7358278389540703
0.04,0.5341502064030458,-0.4941502064030458
0.0,0.12565938993484774,-0.12565938993484774
-2.6,-0.936290351444391,-1.663709648555609
-0.41,1.0087862468692197,-1.4187862468692196
-4.06,-1.8344597821996482,-2.2255402178003516
3.96,1.374032572451403,2.5859674275485967
0.78,0.9961017649903168,-0.21610176499031675
-0.27,-0.1519631965875333,-0.11803680341246672
-0.51,1.6156253610166391,-2.125625361016639
-1.33,0.1365821095996167,-1.4665821095996168
-1.84,-0.050040673497501936,-1.7899593265024982
1.05,0.7586800435830081,0.29131995641699193
-3.01,-0.2904783642292294,-2.7195216357707706
5.04,1.259758399048037,3.780241600951963
2.28,-0.1965260451071398,2.4765260451071396
0.0,0.7882046762474038,-0.7882046762474038
-0.44,0.22512808819114327,-0.6651280881911432
-0.12,0.5089547664168337,-0.6289547664168337
0.37,0.40307148473087795,-0.033071484730877954
-0.53,0.3961348515653987,-0.9261348515653987
-3.49,-0.022984317269642642,-3.4670156827303575
0.76,-0.25400931382513475,1.0140093138251347
-0.14,0.07274671011874632,-0.21274671011874635
-1.76,-0.031227752468515616,-1.7287722475314844
2.36,1.018915606100566,1.341084393899434
-0.77,-0.47115380984527655,-0.29884619015472347
0.25,0.2505323975386272,-0.0005323975386272162
-1.07,0.13535966638733898,-1.2053596663873392
-2.96,-0.9514516325445059,-2.008548367455494
-0.16,0.5909909852797128,-0.7509909852797129
-1.41,-0.42478837542681197,-0.9852116245731879
1.55,-0.23914083632836317,1.7891408363283632
1.84,0.800549473533156,1.039450526466844
2.74,-0.860685044353102,3.600685044353102
2.24,-1.1349381785543264,3.3749381785543267
-1.06,0.2653308689804106,-1.3253308689804106
-2.1,-1.9174714097128023,-0.1825285902871978
-3.22,-1.2375328528069043,-1.982467147193096
-0.52,-0.2652791631191543,-0.25472083688084574
-0.1,-0.32435065149233877,0.22435065149233877
-0.66,0.6265646652114769,-1.2865646652114768
5.2,0.9487227437257796,4.2512772562742205
-1.69,1.2531907144039562,-2.943190714403956
-0.5,-0.9351606445629592,0.4351606445629592
-0.58,-0.44923685986859213,-0.13076314013140783
-2.7,-1.121398355347225,-1.578601644652775
-1.91,-0.04873490279319524,-1.8612650972068048
-0.57,-1.3707856946871537,0.8007856946871538
4.34,0.36816799977670633,3.9718320002232934
-1.94,-1.127524735442345,-0.812475264557655
3.97,1.8792134427626541,2.090786557237346
1.82,-0.11152624752417116,1.9315262475241712
1.46,-0.20224579978671922,1.6622457997867193
2.53,2.26300163414257,0.26699836585742975
0.12,-0.48856930703090035,0.6085693070309004
-0.59,0.29379634936178867,-0.8837963493617886
-0.36,-0.035139245542069854,-0.3248607544579301
1.76,0.07414385645681844,1.6858561435431816
1.17,0.19951108899676975,0.9704889110032302
0.13,-0.11775052857967823,0.24775052857967822
0.67,1.5948710731941922,-0.9248710731941922
4.63,3.53994369103776,1.09005630896224
-1.27,-0.9219516634523561,-0.3480483365476439
0.27,0.3918472843320956,-0.12184728433209557
0.81,1.8844208312128043,-1.0744208312128043
-0.55,-0.15216685018316803,-0.39783314981683204
-3.7,-1.8716814318246546,-1.8283185681753455
0.09,-0.5730450739393205,0.6630450739393204
0.8,1.036816124061671,-0.23681612406167085
0.71,-0.22948452887535176,0.9394845288753517
-0.08,0.23848664723576202,-0.31848664723576203
-1.57,0.7501473679046174,-2.3201473679046174
0.15,0.20893758723951136,-0.05893758723951137
1.35,1.3108663136577305,0.03913368634226955
-0.42,0.25604678465214825,-0.6760467846521483
-0.88,0.5513177750696506,-1.4313177750696506
-2.81,-1.0786540560741424,-1.7313459439258576
-2.98,-1.7400895487072912,-1.2399104512927088
-7.34,-0.9960476372073296,-6.34395236279267
-0.51,0.6276399643959445,-1.1376399643959445
-3.25,-0.1554852264790123,-3.094514773520988
0.54,0.10465403307598928,0.43534596692401073
-0.14,0.4728427379085311,-0.612842737908531
-0.54,0.5987656571680471,-1.1387656571680471
-2.43,-1.9177072181738624,-0.5122927818261378
-0.72,0.778895468273948,-1.498895468273948
1.89,0.8783450615697477,1.0116549384302522
-3.15,0.11726066327490718,-3.2672606632749073
0.13,0.3370283548263233,-0.2070283548263233
0.74,0.33172320603813765,0.40827679396186234
0.62,0.05539726735638299,0.564602732643617
-0.48,-1.2899907805767126,0.8099907805767126
2.57,1.2244798609432903,1.3455201390567095
-3.78,0.08730397464875075,-3.8673039746487508
-2.81,0.6370981472035175,-3.4470981472035174
-2.92,-1.1948821528793294,-1.7251178471206705
3.28,-1.7590639833700512,5.039063983370051
0.49,0.4155535132077366,0.0744464867922634
2.8,1.5405568410794919,1.259443158920508
1.53,-0.050420160272626226,1.5804201602726262
-1.46,-1.0699908256483037,-0.39000917435169624
-1.08,-0.11345464868860168,-0.9665453513113984
-2.59,-0.20140934200076044,-2.3885906579992393
4.22,0.4367766979118952,3.7832233020881043
1.53,0.16443492412197502,1.365565075878025
-0.34,0.3187793903596897,-0.6587793903596897
2.66,1.5853073504882775,1.0746926495117226
0.0,1.3264330130458941,-1.3264330130458941
4.49,2.2866475697383746,2.2033524302616256
3.36,2.661109760867991,0.6988902391320089
-0.37,0.14665576263050747,-0.5166557626305075
1.28,0.7416279180019827,0.5383720819980173
-2.27,-0.28790583442267675,-1.9820941655773232
-1.86,0.26206323118637037,-2.1220632311863703
-6.13,-0.8276507934277603,-5.30234920657224
1.21,1.1624478221653824,0.047552177834617515
0.76,0.009252313525624573,0.7507476864743754
1.37,0.5605665017143311,0.809433498285669
-4.56,-1.1443978994771193,-3.4156021005228805
-2.13,-0.5360867483591567,-1.5939132516408432
0.46,0.47869129263183263,-0.018691292631832612
1.15,0.16707842986608573,0.9829215701339142
0.49,0.9765737669444685,-0.4865737669444685
-1.2,-0.5757509527414255,-0.6242490472585744
0.67,-0.8471496754837684,1.5171496754837683
0.95,0.45848638906995376,0.4915136109300462
1.91,0.7570843952660079,1.152915604733992
0.55,-1.5797424348280646,2.1297424348280645
0.27,-0.9959088105261923,1.2659088105261924
2.14,0.5221128448950716,1.6178871551049285
0.17,0.0247777670576183,0.1452222329423817
0.85,0.9991159933833687,-0.14911599338336867
0.51,0.6924347941858765,-0.1824347941858765
-0.17,-0.37663346663070796,0.20663346663070795
2.33,0.46434185322053834,1.8656581467794617
0.89,0.9867058921258157,-0.0967058921258157
-0.75,2.0272218938608093,-2.7772218938608093
-2.7,-1.6576612827941277,-1.0423387172058725
-0.09,-1.060959335060503,0.9709593350605031
2.14,0.553692274528511,1.5863077254714892
-1.74,-2.0352053762685016,0.29520537626850163
-0.24,0.07655992675501065,-0.31655992675501066
-1.57,-1.9810373915891377,0.41103739158913766
5.34,1.014218018455096,4.325781981544904
-0.29,-0.00997485893695834,-0.28002514106304166
0.45,0.46042853801603545,-0.010428538016035438
1.4,-1.7364750505012378,3.1364750505012378
-1.71,0.21202026533943918,-1.9220202653394391
3.28,1.6261486639043505,1.6538513360956493
3.1,1.013698324647694,2.0863016753523063
-1.57,-0.6735461046263898,-0.8964538953736103
1.08,0.7694044231732098,0.3105955768267903
-1.32,-0.22259288294460194,-1.097407117055398
-3.24,0.18780325867483597,-3.427803258674836
0.85,0.3544832509064561,0.4955167490935439
6.49,-0.6519148330062321,7.141914833006233
-2.52,-0.5825113766749724,-1.9374886233250277
1.87,-0.9094185436545763,2.779418543654576
1.6,0.8389760535859028,0.7610239464140973
-0.23,0.24257248420621524,-0.4725724842062152
-0.9,-0.26327118607794403,-0.6367288139220559
0.29,0.15589897997679414,0.13410102002320584
0.44,0.4199246819398433,0.02007531806015672
-1.94,-0.3259309935004772,-1.6140690064995227
2.67,0.6585899115591337,2.0114100884408663
3.82,1.42497639371771,2.39502360628229
2.72,0.2938549058253504,2.42614509417465
-0.45,0.0842017831730664,-0.5342017831730664
1.03,0.645379520156143,0.38462047984385705
-1.25,0.7516705354497714,-2.0016705354497715
-0.36,0.7171308189089997,-1.0771308189089996
-1.19,0.7350462297108757,-1.9250462297108757
-0.83,0.5752235971275953,-1.4052235971275953
-0.15,0.7942512279567823,-0.9442512279567823
-1.54,0.499756541879519,-2.039756541879519
-0.15,-0.9145777420667145,0.7645777420667145
3.39,-0.074588733877359,3.4645887338773593
-0.91,-0.6039577116426871,-0.30604228835731295
0.62,0.12411318691900451,0.49588681308099547
1.46,0.6872813984326378,0.7727186015673622
-3.52,-0.5862675037400362,-2.933732496259964
-0.92,-0.4219941851218652,-0.49800581487813483
-0.3,0.14882216287102218,-0.44882216287102217
0.99,0.650404804330018,0.339595195669982
-3.52,-0.3718025014967162,-3.1481974985032837
-0.3,0.48021674845132295,-0.7802167484513229
-0.95,0.18316852814439122,-1.1331685281443913
0.35,0.1630014915718189,0.18699850842818108
0.21,-0.46132866190308486,0.6713286619030848
-0.61,-0.2852712757692241,-0.32472872423077587
1.37,0.42897891475499944,0.9410210852450007
-0.63,-0.1773257645376125,-0.4526742354623875
-2.35,-0.8803673810368928,-1.4696326189631073
-5.73,-1.5295289671836978,-4.200471032816303
1.16,0.3501213811376041,0.8098786188623959
-1.26,0.16830847158417273,-1.4283084715841727
1.81,1.0695470730457426,0.7404529269542575
-2.28,-1.422411218376931,-0.8575887816230687
-0.07,0.12684983961831794,-0.19684983961831795
-0.96,-0.3561645946952263,-0.6038354053047736
0.15,0.4642425859354214,-0.3142425859354214
2.32,1.1121028311388412,1.2078971688611586
1.08,-1.7352209947761064,2.8152209947761064
-2.86,-0.7934205702517821,-2.066579429748218
-0.63,1.1245546435346152,-1.754554643534615
-0.88,-0.14745663822048055,-0.7325433617795194
0.91,0.8153950989605149,0.09460490103948516
-0.35,0.03289055158641136,-0.38289055158641133
1.29,1.0833931799431833,0.20660682005681674
-3.27,-0.1319233124759483,-3.1380766875240518
0.93,0.5526984139702228,0.37730158602977726
1.08,0.5817378672653861,0.49826213273461395
-4.05,-0.036670328854348,-4.013329671145652
-1.15,0.3271593640039186,-1.4771593640039185
3.24,-1.4851650379245322,4.7251650379245325
-0.58,-0.14998564709489642,-0.43001435290510354
-0.65,-0.2296379246017239,-0.42036207539827614
-1.35,-0.6537207828071111,-0.696279217192889
-1.85,-0.5137447338377501,-1.33625526616225
1.51,-1.4311356216383764,2.9411356216383764
-0.25,0.879835042258031,-1.129835042258031
-4.97,-1.7563982425024962,-3.2136017574975035
3.06,0.35353234046078574,2.7064676595392143
3.62,0.7333417861092427,2.8866582138907573
1.28,0.8327219013702404,0.44727809862975965
-0.92,-0.6988510728857482,-0.22114892711425183
1.21,0.3392232616850804,0.8707767383149196
-1.93,-0.05551264004912079,-1.8744873599508791
-1.12,-1.0431677213715818,-0.07683227862841835
-4.48,0.3110235675494725,-4.791023567549473
0.21,-1.0082304678683627,1.2182304678683626
-2.22,-0.08653351294172534,-2.133466487058275
0.69,0.4106016506594504,0.2793983493405495
0.65,0.599519556184432,0.050480443815568043
0.2,-0.04485347497504459,0.24485347497504462
5.33,0.37704818274293145,4.952951817257069
-0.74,-0.6506040344880604,-0.08939596551193962
-4.52,0.12035496631782447,-4.640354966317824
-0.36,-0.297769017236783,-0.06223098276321698
0.16,0.9630179950637936,-0.8030179950637936
-1.78,0.5365264045027189,-2.316526404502719
-2.18,0.32625329245291806,-2.5062532924529184
0.21,-1.4206720492162446,1.6306720492162445
0.55,0.48548418714041724,0.0645158128595828
-1.25,-1.0238375380024705,-0.22616246199752954
1.11,-0.516240571341413,1.626240571341413
-0.54,0.14749101777301343,-0.6874910177730135
0.86,-0.9794086267015935,1.8394086267015934
-0.41,0.40373761514315143,-0.8137376151431515
-0.49,-0.5404204517933111,0.050420451793311116
-0.4,0.4219951623168089,-0.8219951623168089
-1.33,-0.9098013947725366,-0.42019860522746344
1.13,0.6216979466682928,0.5083020533317071
-2.5,0.9390786366378749,-3.439078636637875
-0.59,0.595896574067219,-1.185896574067219
0.75,1.4271393464969775,-0.6771393464969775
6.35,0.3514656857460385,5.998534314253961
-2.37,0.4387955412452063,-2.8087955412452064
-0.53,1.1952511033923288,-1.7252511033923288
0.99,0.1569469128066434,0.8330530871933566
0.23,-1.195681088894275,1.425681088894275
-4.33,-2.3995877988125076,-1.9304122011874925
1.21,0.17190589803636697,1.038094101963633
-4.68,0.6724174403022485,-5.352417440302248
-1.01,-0.9703761440036296,-0.039623855996370416
1.67,1.0862925351234078,0.5837074648765921
0.12,-0.7325568199395545,0.8525568199395545
-0.48,-0.0502952349968326,-0.4297047650031674
0.54,0.11441077583827873,0.4255892241617213
3.23,0.9201005167948068,2.3098994832051933
4.09,0.6992295392402481,3.390770460759752
-2.69,-1.195603302745484,-1.494396697254516
0.47,0.08959247149423472,0.38040752850576526
0.34,0.20019833075956978,0.13980166924043025
-2.05,-2.1584640809720455,0.10846408097204563
-1.14,0.4059014688793392,-1.545901468879339
-1.56,0.2731273106216441,-1.8331273106216441
-2.1,0.454055291131776,-2.554055291131776
-2.08,1.2547698960672353,-3.334769896067235
-1.28,0.3759501933195499,-1.65595019331955
-0.36,0.3911868418255147,-0.7511868418255148
0.57,0.6880243429437086,-0.11802434294370867
-4.82,-0.7798164228979461,-4.040183577102054
-2.22,-0.21257095576162138,-2.007429044238379
2.85,0.23765988521385162,2.6123401147861482
3.95,-0.5980096750507105,4.548009675050711
1.56,0.24902612602567759,1.3109738739743224
-0.61,1.3372707382680782,-1.9472707382680783
2.74,-0.19209797565384118,2.9320979756538414
0.28,0.7230336336725183,-0.44303363367251825
1.02,0.914563756310015,0.10543624368998505
4.62,1.264503324026621,3.355496675973379
4.89,0.5411559271838885,4.348844072816111
-0.62,1.265040493507638,-1.885040493507638
-1.84,0.5767123344858208,-2.416712334485821
-1.49,0.24776628708084653,-1.7377662870808466
-0.64,0.5058310720969519,-1.1458310720969518
-2.12,0.9699201876520834,-3.0899201876520834
3.21,1.4013800187192769,1.808619981280723
1.64,0.9312755157419134,0.7087244842580865
-2.64,-0.5373314963740665,-2.1026685036259334
-0.62,-0.5888055506753573,-0.03119444932464266
0.13,-0.12469569473132772,0.2546956947313277
-0.95,-0.6094686281922758,-0.3405313718077242
2.64,-0.14898844733588468,2.7889884473358846
-1.31,0.3275079675942862,-1.6375079675942863
-1.97,-1.272166902601594,-0.6978330973984059
-0.1,0.6029315640128424,-0.7029315640128424
-4.8,-1.1292679737863214,-3.6707320262136784
2.81,-1.8557049073171406,4.66570490731714
-0.3,-0.9243824903304572,0.6243824903304571
0.36,-0.6238463064531425,0.9838463064531425
-4.12,-1.996264189110146,-2.123735810889854
2.2,2.1770895284586573,0.022910471541342847
1.8,3.1084125982168103,-1.3084125982168102
1.57,0.9564137086594403,0.6135862913405598
3.69,-1.0288030772524772,4.718803077252478
-3.3,-1.5444625073420037,-1.755537492657996
2.64,0.9077416529707717,1.7322583470292283
1.73,0.42227933341790247,1.3077206665820975
0.7,0.7781566631036568,-0.07815666310365688
1.68,0.5365013239118273,1.1434986760881727
-2.28,0.010389768712716546,-2.2903897687127164
2.31,-1.1226535802749324,3.4326535802749323
1.87,0.28955430287769435,1.5804456971223058
-2.14,-0.2561901915361768,-1.8838098084638233
