feature_name,importance,feature_index,importance_rank,importance_percent,cumulative_percent
step_29_个股_换手率,71,467,1,1.3532,1.3532
step_29_个股_涨跌幅,69,465,2,1.315,2.6682
step_24_个股_振幅,63,385,3,1.2007,3.8689
step_29_个股_振幅,57,468,4,1.0863,4.9552
step_21_个股_涨跌幅,56,335,5,1.0673,6.0225
step_26_个股_振幅,53,418,6,1.0101,7.0326
step_28_个股_振幅,53,453,7,1.0101,8.0427
step_16_个股_涨跌幅,52,257,8,0.991,9.0337
step_28_个股_涨跌幅,48,450,9,0.9148,9.9485
step_02_个股_涨跌幅,47,34,10,0.8957,10.8442
step_21_个股_振幅,47,338,11,0.8957,11.7399
step_12_个股_振幅,47,194,12,0.8957,12.6356
step_25_个股_涨跌幅,46,397,13,0.8767,13.5123
step_17_个股_涨跌幅,46,277,14,0.8767,14.389
step_27_个股_振幅,46,436,15,0.8767,15.2657
step_17_个股_振幅,45,280,16,0.8576,16.1233
step_26_个股_涨跌幅,45,415,17,0.8576,16.9809
step_22_个股_涨跌幅,44,349,18,0.8386,17.8195
step_01_个股_振幅,43,22,19,0.8195,18.639
step_05_个股_涨跌幅,41,80,20,0.7814,19.4204
step_00_个股_涨跌幅,41,3,21,0.7814,20.2018
step_22_个股_振幅,40,352,22,0.7623,20.9641
step_14_个股_振幅,40,227,23,0.7623,21.7264
step_19_个股_涨跌幅,39,305,24,0.7433,22.4697
step_24_个股_涨跌幅,39,382,25,0.7433,23.213
step_14_个股_涨跌幅,38,224,26,0.7242,23.9372
step_10_个股_振幅,38,162,27,0.7242,24.6614
step_19_个股_振幅,38,308,28,0.7242,25.3856
step_09_个股_振幅,38,145,29,0.7242,26.1098
step_08_个股_振幅,37,129,30,0.7052,26.815
step_11_个股_涨跌幅,37,176,31,0.7052,27.5202
step_13_个股_涨跌幅,36,208,32,0.6861,28.2063
step_05_个股_振幅,35,83,33,0.667,28.8733
step_15_个股_涨跌幅,35,239,34,0.667,29.5403
step_13_个股_振幅,34,211,35,0.648,30.1883
step_00_个股_振幅,34,5,36,0.648,30.8363
step_04_个股_涨跌幅,33,64,37,0.6289,31.4652
step_27_个股_涨跌幅,33,433,38,0.6289,32.0941
step_29_个股_成交额,33,466,39,0.6289,32.723
step_19_个股_成交额,32,306,40,0.6099,33.3329
step_03_个股_振幅,32,52,41,0.6099,33.9428
RSI_开盘价,32,483,42,0.6099,34.5527
step_26_个股_换手率,32,417,43,0.6099,35.1626
step_08_个股_涨跌幅,31,126,44,0.5908,35.7534
step_06_个股_振幅,30,99,45,0.5718,36.3252
step_15_个股_振幅,30,242,46,0.5718,36.897
step_10_个股_涨跌幅,30,159,47,0.5718,37.4688
step_04_个股_振幅,30,67,48,0.5718,38.0406
step_16_个股_振幅,29,260,49,0.5527,38.5933
step_23_个股_涨跌幅,28,367,50,0.5336,39.1269
step_11_个股_换手率,28,178,51,0.5336,39.6605
step_27_个股_换手率,28,435,52,0.5336,40.1941
step_08_个股_换手率,28,128,53,0.5336,40.7277
step_25_个股_振幅,27,400,54,0.5146,41.2423
step_01_个股_涨跌幅,27,19,55,0.5146,41.7569
step_17_个股_成交额,27,278,56,0.5146,42.2715
step_09_个股_涨跌幅,27,142,57,0.5146,42.7861
step_20_个股_涨跌幅,27,318,58,0.5146,43.3007
step_00_个股_换手率,26,4,59,0.4955,43.7962
step_18_个股_涨跌幅,26,289,60,0.4955,44.2917
step_12_个股_涨跌幅,26,191,61,0.4955,44.7872
step_18_个股_振幅,25,292,62,0.4765,45.2637
step_20_个股_振幅,25,321,63,0.4765,45.7402
step_25_个股_换手率,25,399,64,0.4765,46.2167
step_22_个股_换手率,24,351,65,0.4574,46.6741
step_23_个股_换手率,24,369,66,0.4574,47.1315
step_03_个股_换手率,24,51,67,0.4574,47.5889
step_24_个股_换手率,24,384,68,0.4574,48.0463
step_25_个股_成交额,24,398,69,0.4574,48.5037
step_27_个股_成交额,23,434,70,0.4383,48.942
step_05_个股_换手率,23,82,71,0.4383,49.3803
step_23_个股_成交额,23,368,72,0.4383,49.8186
step_28_个股_换手率,22,452,73,0.4193,50.2379
step_03_情绪_sentiment_1,22,61,74,0.4193,50.6572
step_28_个股_成交额,22,451,75,0.4193,51.0765
step_02_个股_振幅,22,37,76,0.4193,51.4958
step_16_个股_成交量,22,256,77,0.4193,51.9151
step_11_个股_振幅,21,179,78,0.4002,52.3153
step_05_个股_成交量,21,79,79,0.4002,52.7155
step_26_个股_成交额,21,416,80,0.4002,53.1157
step_25_个股_成交量,21,396,81,0.4002,53.5159
step_05_个股_成交额,20,81,82,0.3812,53.8971
step_13_个股_换手率,20,210,83,0.3812,54.2783
step_03_个股_涨跌幅,20,49,84,0.3812,54.6595
step_10_个股_换手率,19,161,85,0.3621,55.0216
step_10_个股_成交额,19,160,86,0.3621,55.3837
step_17_个股_换手率,19,279,87,0.3621,55.7458
step_12_个股_成交额,19,192,88,0.3621,56.1079
step_22_个股_成交额,19,350,89,0.3621,56.47
step_23_个股_振幅,19,370,90,0.3621,56.8321
step_02_个股_成交量,18,33,91,0.3431,57.1752
step_01_个股_成交额,18,20,92,0.3431,57.5183
step_11_个股_成交额,18,177,93,0.3431,57.8614
step_29_个股_成交量,18,464,94,0.3431,58.2045
step_18_个股_换手率,18,291,95,0.3431,58.5476
step_20_个股_换手率,18,320,96,0.3431,58.8907
step_07_个股_振幅,18,115,97,0.3431,59.2338
step_12_个股_成交量,17,190,98,0.324,59.5578
step_12_个股_换手率,16,193,99,0.3049,59.8627
step_15_个股_换手率,16,241,100,0.3049,60.1676
step_03_个股_成交量,16,48,101,0.3049,60.4725
step_26_个股_成交量,16,414,102,0.3049,60.7774
step_18_个股_成交额,16,290,103,0.3049,61.0823
step_07_个股_成交额,16,113,104,0.3049,61.3872
step_06_情绪_sentiment_1,16,109,105,0.3049,61.6921
step_25_行业_涨跌幅,16,406,106,0.3049,61.997
step_20_个股_成交额,16,319,107,0.3049,62.3019
step_06_个股_涨跌幅,16,96,108,0.3049,62.6068
Volatility_最高价,15,497,109,0.2859,62.8927
step_01_个股_换手率,15,21,110,0.2859,63.1786
step_19_个股_成交量,15,304,111,0.2859,63.4645
step_15_个股_成交额,15,240,112,0.2859,63.7504
step_21_个股_换手率,15,337,113,0.2859,64.0363
step_14_个股_成交额,15,225,114,0.2859,64.3222
Volatility_开盘价,15,484,115,0.2859,64.6081
step_19_个股_换手率,14,307,116,0.2668,64.8749
step_00_行业_涨跌幅,14,11,117,0.2668,65.1417
step_21_个股_成交额,14,336,118,0.2668,65.4085
step_16_个股_换手率,14,259,119,0.2668,65.6753
step_17_个股_成交量,14,276,120,0.2668,65.9421
step_00_个股_成交量,14,2,121,0.2668,66.2089
step_24_情绪_sentiment_1,14,395,122,0.2668,66.4757
step_10_个股_成交量,14,158,123,0.2668,66.7425
step_27_个股_成交量,14,432,124,0.2668,67.0093
RSI_最高价,14,496,125,0.2668,67.2761
step_07_个股_涨跌幅,14,112,126,0.2668,67.5429
step_07_情绪_sentiment_0,13,123,127,0.2478,67.7907
step_01_个股_流通市值,13,23,128,0.2478,68.0385
step_20_个股_成交量,13,317,129,0.2478,68.2863
step_14_情绪_sentiment_1,13,236,130,0.2478,68.5341
step_24_个股_成交量,13,381,131,0.2478,68.7819
step_21_个股_成交量,13,334,132,0.2478,69.0297
step_02_个股_成交额,13,35,133,0.2478,69.2775
MA10_收盘价,13,487,134,0.2478,69.5253
step_12_情绪_sentiment_1,13,203,135,0.2478,69.7731
step_00_个股_流通市值,12,6,136,0.2287,70.0018
step_07_个股_换手率,12,114,137,0.2287,70.2305
step_01_行业_涨跌幅,12,26,138,0.2287,70.4592
step_06_个股_成交额,12,97,139,0.2287,70.6879
step_09_个股_成交额,12,143,140,0.2287,70.9166
step_09_个股_换手率,11,144,141,0.2096,71.1262
step_15_个股_成交量,11,238,142,0.2096,71.3358
step_00_情绪_sentiment_1,11,16,143,0.2096,71.5454
step_00_行业_成交量,11,10,144,0.2096,71.755
step_21_行业_涨跌幅,11,343,145,0.2096,71.9646
step_03_情绪_sentiment_0,11,60,146,0.2096,72.1742
step_24_个股_成交额,11,383,147,0.2096,72.3838
step_20_情绪_sentiment_1,11,333,148,0.2096,72.5934
step_07_情绪_sentiment_1,11,124,149,0.2096,72.803
step_29_行业_涨跌幅,11,473,150,0.2096,73.0126
step_19_情绪_sentiment_1,10,316,151,0.1906,73.2032
step_08_个股_成交量,10,125,152,0.1906,73.3938
step_02_情绪_sentiment_0,10,45,153,0.1906,73.5844
step_13_个股_成交额,10,209,154,0.1906,73.775
step_00_个股_开盘价,10,0,155,0.1906,73.9656
step_13_情绪_sentiment_1,10,221,156,0.1906,74.1562
step_02_个股_换手率,10,36,157,0.1906,74.3468
step_23_行业_涨跌幅,10,374,158,0.1906,74.5374
step_14_个股_换手率,10,226,159,0.1906,74.728
step_01_情绪_sentiment_0,10,31,160,0.1906,74.9186
step_23_个股_成交量,10,366,161,0.1906,75.1092
step_28_个股_成交量,10,449,162,0.1906,75.2998
step_18_情绪_sentiment_0,9,302,163,0.1715,75.4713
Momentum5D_最低价,9,499,164,0.1715,75.6428
MA5_开盘价,9,480,165,0.1715,75.8143
step_12_情绪_sentiment_0,9,202,166,0.1715,75.9858
step_18_个股_成交量,9,288,167,0.1715,76.1573
step_17_行业_涨跌幅,9,283,168,0.1715,76.3288
Volatility_收盘价,9,490,169,0.1715,76.5003
MA5_收盘价,9,486,170,0.1715,76.6718
step_11_个股_成交量,9,175,171,0.1715,76.8433
step_14_行业_成交量,9,230,172,0.1715,77.0148
step_15_行业_涨跌幅,9,247,173,0.1715,77.1863
RSI_收盘价,9,489,174,0.1715,77.3578
Momentum10D_最低价,9,500,175,0.1715,77.5293
step_09_行业_涨跌幅,9,148,176,0.1715,77.7008
step_00_情绪_sentiment_0,9,15,177,0.1715,77.8723
step_02_行业_涨跌幅,9,41,178,0.1715,78.0438
step_05_情绪_sentiment_1,9,91,179,0.1715,78.2153
step_04_个股_成交量,9,63,180,0.1715,78.3868
step_06_个股_成交量,9,95,181,0.1715,78.5583
step_08_个股_成交额,9,127,182,0.1715,78.7298
step_06_个股_换手率,9,98,183,0.1715,78.9013
step_08_行业_成交量,9,133,184,0.1715,79.0728
step_06_情绪_sentiment_0,9,108,185,0.1715,79.2443
step_07_行业_涨跌幅,8,119,186,0.1525,79.3968
step_01_情绪_sentiment_1,8,32,187,0.1525,79.5493
step_13_个股_成交量,8,207,188,0.1525,79.7018
step_08_行业_涨跌幅,8,134,189,0.1525,79.8543
step_28_情绪_sentiment_1,8,461,190,0.1525,80.0068
step_12_行业_涨跌幅,8,198,191,0.1525,80.1593
step_28_指数_上证指数,8,457,192,0.1525,80.3118
step_13_行业_成交量,8,215,193,0.1525,80.4643
step_00_个股_收盘价,8,1,194,0.1525,80.6168
step_13_情绪_sentiment_0,8,220,195,0.1525,80.7693
step_09_个股_成交量,8,141,196,0.1525,80.9218
step_16_个股_成交额,8,258,197,0.1525,81.0743
step_02_情绪_sentiment_1,8,46,198,0.1525,81.2268
step_04_情绪_sentiment_1,8,77,199,0.1525,81.3793
step_24_行业_涨跌幅,8,390,200,0.1525,81.5318
MA10_开盘价,8,481,201,0.1525,81.6843
MA20_开盘价,8,482,202,0.1525,81.8368
step_24_行业_成交量,8,389,203,0.1525,81.9893
step_07_个股_成交量,8,111,204,0.1525,82.1418
step_22_行业_成交量,8,356,205,0.1525,82.2943
step_29_情绪_sentiment_0,8,478,206,0.1525,82.4468
step_19_行业_涨跌幅,8,311,207,0.1525,82.5993
step_24_情绪_sentiment_0,7,394,208,0.1334,82.7327
step_21_情绪_sentiment_0,7,346,209,0.1334,82.8661
step_10_情绪_sentiment_1,7,173,210,0.1334,82.9995
step_22_个股_成交量,7,348,211,0.1334,83.1329
step_08_情绪_sentiment_1,7,139,212,0.1334,83.2663
step_26_情绪_sentiment_0,7,427,213,0.1334,83.3997
step_15_情绪_sentiment_1,7,253,214,0.1334,83.5331
step_04_行业_涨跌幅,7,71,215,0.1334,83.6665
step_06_行业_成交量,7,102,216,0.1334,83.7999
step_06_行业_涨跌幅,7,103,217,0.1334,83.9333
step_26_行业_涨跌幅,7,422,218,0.1334,84.0667
step_26_行业_成交量,7,421,219,0.1334,84.2001
step_03_行业_涨跌幅,7,55,220,0.1334,84.3335
step_03_指数_中证500,7,59,221,0.1334,84.4669
step_04_个股_成交额,7,65,222,0.1334,84.6003
step_04_个股_换手率,7,66,223,0.1334,84.7337
step_04_个股_流通市值,7,68,224,0.1334,84.8671
step_11_个股_收盘价,7,174,225,0.1334,85.0005
MA5_最高价,7,493,226,0.1334,85.1339
step_01_个股_成交量,7,18,227,0.1334,85.2673
step_10_情绪_sentiment_0,7,172,228,0.1334,85.4007
step_10_个股_流通市值,7,163,229,0.1334,85.5341
step_15_指数_沪深300,6,249,230,0.1144,85.6485
step_06_指数_沪深300,6,105,231,0.1144,85.7629
step_23_情绪_sentiment_0,6,378,232,0.1144,85.8773
step_16_个股_开盘价,6,254,233,0.1144,85.9917
step_08_指数_创业板指,6,136,234,0.1144,86.1061
Momentum10D_开盘价,6,485,235,0.1144,86.2205
step_21_指数_上证指数,6,344,236,0.1144,86.3349
step_21_行业_成交量,6,342,237,0.1144,86.4493
step_04_行业_成交量,6,70,238,0.1144,86.5637
step_11_情绪_sentiment_0,6,186,239,0.1144,86.6781
step_29_情绪_sentiment_1,6,479,240,0.1144,86.7925
step_12_行业_成交量,6,197,241,0.1144,86.9069
step_16_行业_涨跌幅,6,266,242,0.1144,87.0213
step_29_指数_上证指数,6,474,243,0.1144,87.1357
step_07_指数_上证指数,6,120,244,0.1144,87.2501
step_16_情绪_sentiment_1,6,273,245,0.1144,87.3645
step_18_行业_涨跌幅,6,297,246,0.1144,87.4789
step_19_行业_成交量,6,310,247,0.1144,87.5933
step_15_行业_成交量,6,246,248,0.1144,87.7077
step_03_个股_收盘价,6,47,249,0.1144,87.8221
step_14_个股_流通市值,6,228,250,0.1144,87.9365
step_27_行业_成交量,6,441,251,0.1144,88.0509
step_14_行业_涨跌幅,6,231,252,0.1144,88.1653
step_14_指数_上证指数,6,232,253,0.1144,88.2797
step_22_行业_涨跌幅,6,357,254,0.1144,88.3941
step_22_指数_中证500,6,362,255,0.1144,88.5085
step_22_情绪_sentiment_1,6,364,256,0.1144,88.6229
step_09_行业_成交量,6,147,257,0.1144,88.7373
step_03_个股_成交额,6,50,258,0.1144,88.8517
step_08_情绪_sentiment_0,6,138,259,0.1144,88.9661
step_08_个股_流通市值,6,130,260,0.1144,89.0805
step_02_个股_流通市值,6,38,261,0.1144,89.1949
step_04_情绪_sentiment_0,5,76,262,0.0953,89.2902
step_24_个股_流通市值,5,386,263,0.0953,89.3855
MA10_最高价,5,494,264,0.0953,89.4808
step_20_情绪_sentiment_0,5,332,265,0.0953,89.5761
step_05_行业_涨跌幅,5,86,266,0.0953,89.6714
step_10_指数_沪深300,5,169,267,0.0953,89.7667
step_19_个股_流通市值,5,309,268,0.0953,89.862
step_07_行业_成交量,5,118,269,0.0953,89.9573
step_10_指数_深证成指,5,170,270,0.0953,90.0526
step_25_指数_沪深300,5,408,271,0.0953,90.1479
step_27_行业_涨跌幅,5,442,272,0.0953,90.2432
step_25_个股_流通市值,5,401,273,0.0953,90.3385
step_23_个股_最高价,5,365,274,0.0953,90.4338
step_23_情绪_sentiment_1,5,379,275,0.0953,90.5291
step_17_指数_上证指数,5,284,276,0.0953,90.6244
step_09_个股_流通市值,5,146,277,0.0953,90.7197
step_16_指数_深证成指,5,269,278,0.0953,90.815
step_26_个股_收盘价,5,413,279,0.0953,90.9103
step_09_指数_上证指数,5,149,280,0.0953,91.0056
step_26_个股_流通市值,5,419,281,0.0953,91.1009
step_09_情绪_sentiment_0,5,154,282,0.0953,91.1962
step_28_个股_流通市值,5,454,283,0.0953,91.2915
step_03_行业_成交量,5,54,284,0.0953,91.3868
step_27_个股_流通市值,5,437,285,0.0953,91.4821
step_26_情绪_sentiment_1,5,428,286,0.0953,91.5774
step_14_个股_成交量,5,223,287,0.0953,91.6727
step_29_个股_最高价,5,463,288,0.0953,91.768
step_25_情绪_sentiment_0,4,411,289,0.0762,91.8442
step_13_指数_深证成指,4,218,290,0.0762,91.9204
step_27_个股_收盘价,4,430,291,0.0762,91.9966
step_11_情绪_sentiment_1,4,187,292,0.0762,92.0728
step_15_情绪_sentiment_0,4,252,293,0.0762,92.149
step_23_指数_上证指数,4,375,294,0.0762,92.2252
step_22_指数_上证指数,4,358,295,0.0762,92.3014
step_20_行业_成交量,4,326,296,0.0762,92.3776
step_16_个股_收盘价,4,255,297,0.0762,92.4538
step_02_指数_创业板指,4,44,298,0.0762,92.53
step_05_行业_成交量,4,85,299,0.0762,92.6062
step_02_指数_沪深300,4,43,300,0.0762,92.6824
RSI_最低价,4,498,301,0.0762,92.7586
step_02_指数_上证指数,4,42,302,0.0762,92.8348
step_00_行业_开盘价,4,7,303,0.0762,92.911
step_21_个股_流通市值,4,339,304,0.0762,92.9872
step_28_行业_涨跌幅,4,456,305,0.0762,93.0634
step_26_指数_中证500,4,426,306,0.0762,93.1396
step_08_指数_沪深300,4,135,307,0.0762,93.2158
step_10_行业_涨跌幅,4,167,308,0.0762,93.292
step_25_行业_成交量,4,405,309,0.0762,93.3682
step_16_情绪_sentiment_0,4,272,310,0.0762,93.4444
step_16_指数_创业板指,4,270,311,0.0762,93.5206
step_29_个股_流通市值,4,469,312,0.0762,93.5968
step_10_个股_收盘价,4,157,313,0.0762,93.673
step_18_行业_成交量,4,296,314,0.0762,93.7492
step_27_情绪_sentiment_1,4,447,315,0.0762,93.8254
step_29_个股_收盘价,4,462,316,0.0762,93.9016
step_28_指数_深证成指,4,458,317,0.0762,93.9778
step_04_指数_深证成指,3,74,318,0.0572,94.035
step_01_指数_创业板指,3,30,319,0.0572,94.0922
step_21_情绪_sentiment_1,3,347,320,0.0572,94.1494
step_25_指数_上证指数,3,407,321,0.0572,94.2066
step_25_情绪_sentiment_1,3,412,322,0.0572,94.2638
step_01_指数_沪深300,3,28,323,0.0572,94.321
step_05_指数_沪深300,3,88,324,0.0572,94.3782
step_03_指数_沪深300,3,57,325,0.0572,94.4354
MA20_最高价,3,495,326,0.0572,94.4926
step_04_个股_收盘价,3,62,327,0.0572,94.5498
step_26_指数_上证指数,3,423,328,0.0572,94.607
step_22_个股_流通市值,3,353,329,0.0572,94.6642
step_23_个股_流通市值,3,371,330,0.0572,94.7214
step_29_行业_成交量,3,472,331,0.0572,94.7786
step_23_指数_创业板指,3,376,332,0.0572,94.8358
step_29_指数_沪深300,3,475,333,0.0572,94.893
step_03_个股_流通市值,3,53,334,0.0572,94.9502
step_04_指数_沪深300,3,73,335,0.0572,95.0074
step_27_个股_最高价,3,431,336,0.0572,95.0646
step_05_个股_流通市值,3,84,337,0.0572,95.1218
step_24_指数_创业板指,3,392,338,0.0572,95.179
step_05_个股_收盘价,3,78,339,0.0572,95.2362
Momentum10D_收盘价,3,492,340,0.0572,95.2934
step_00_指数_沪深300,3,12,341,0.0572,95.3506
step_24_行业_最低价,3,388,342,0.0572,95.4078
step_02_行业_成交量,3,40,343,0.0572,95.465
step_05_情绪_sentiment_0,3,90,344,0.0572,95.5222
step_07_指数_深证成指,3,122,345,0.0572,95.5794
step_16_指数_上证指数,3,267,346,0.0572,95.6366
step_14_指数_深证成指,3,234,347,0.0572,95.6938
step_13_行业_涨跌幅,3,216,348,0.0572,95.751
step_17_个股_流通市值,3,281,349,0.0572,95.8082
step_14_情绪_sentiment_0,3,235,350,0.0572,95.8654
step_15_个股_开盘价,3,237,351,0.0572,95.9226
step_09_情绪_sentiment_1,3,155,352,0.0572,95.9798
step_10_个股_开盘价,3,156,353,0.0572,96.037
step_06_个股_流通市值,3,100,354,0.0572,96.0942
step_15_个股_流通市值,3,243,355,0.0572,96.1514
step_15_行业_最高价,3,244,356,0.0572,96.2086
step_08_指数_中证500,3,137,357,0.0572,96.2658
step_15_指数_中证500,3,251,358,0.0572,96.323
step_16_行业_成交量,3,265,359,0.0572,96.3802
step_12_行业_最高价,3,196,360,0.0572,96.4374
step_10_行业_收盘价,3,165,361,0.0572,96.4946
step_18_个股_流通市值,3,293,362,0.0572,96.5518
step_17_情绪_sentiment_0,3,287,363,0.0572,96.609
step_11_行业_成交量,3,181,364,0.0572,96.6662
step_11_指数_上证指数,3,183,365,0.0572,96.7234
step_07_个股_流通市值,3,116,366,0.0572,96.7806
step_11_指数_深证成指,3,184,367,0.0572,96.8378
step_20_指数_沪深300,3,329,368,0.0572,96.895
step_09_指数_深证成指,3,151,369,0.0572,96.9522
step_09_个股_收盘价,2,140,370,0.0381,96.9903
step_16_指数_中证500,2,271,371,0.0381,97.0284
step_27_指数_深证成指,2,444,372,0.0381,97.0665
step_03_指数_上证指数,2,56,373,0.0381,97.1046
step_17_个股_收盘价,2,275,374,0.0381,97.1427
step_16_指数_沪深300,2,268,375,0.0381,97.1808
step_08_行业_开盘价,2,131,376,0.0381,97.2189
step_14_行业_开盘价,2,229,377,0.0381,97.257
step_27_指数_上证指数,2,443,378,0.0381,97.2951
step_05_指数_深证成指,2,89,379,0.0381,97.3332
step_28_个股_最高价,2,448,380,0.0381,97.3713
step_01_行业_最高价,2,24,381,0.0381,97.4094
step_10_指数_创业板指,2,171,382,0.0381,97.4475
step_11_个股_流通市值,2,180,383,0.0381,97.4856
step_11_行业_涨跌幅,2,182,384,0.0381,97.5237
step_11_指数_创业板指,2,185,385,0.0381,97.5618
step_00_指数_创业板指,2,14,386,0.0381,97.5999
step_01_个股_最高价,2,17,387,0.0381,97.638
step_10_指数_上证指数,2,168,388,0.0381,97.6761
step_10_行业_成交量,2,166,389,0.0381,97.7142
step_12_个股_流通市值,2,195,390,0.0381,97.7523
step_09_指数_中证500,2,153,391,0.0381,97.7904
step_29_指数_深证成指,2,476,392,0.0381,97.8285
step_12_指数_沪深300,2,199,393,0.0381,97.8666
step_29_行业_最低价,2,471,394,0.0381,97.9047
step_13_个股_收盘价,2,205,395,0.0381,97.9428
step_13_个股_最高价,2,206,396,0.0381,97.9809
step_13_行业_开盘价,2,212,397,0.0381,98.019
step_28_情绪_sentiment_0,2,460,398,0.0381,98.0571
step_28_行业_最低价,2,455,399,0.0381,98.0952
step_13_行业_最高价,2,214,400,0.0381,98.1333
step_16_行业_开盘价,2,262,401,0.0381,98.1714
step_15_指数_创业板指,2,250,402,0.0381,98.2095
step_24_指数_深证成指,2,391,403,0.0381,98.2476
step_19_指数_中证500,2,314,404,0.0381,98.2857
step_23_行业_成交量,2,373,405,0.0381,98.3238
step_19_情绪_sentiment_0,2,315,406,0.0381,98.3619
step_07_个股_开盘价,2,110,407,0.0381,98.4
step_04_指数_上证指数,2,72,408,0.0381,98.4381
step_19_个股_开盘价,2,303,409,0.0381,98.4762
step_04_指数_创业板指,2,75,410,0.0381,98.5143
step_06_指数_上证指数,2,104,411,0.0381,98.5524
step_18_指数_深证成指,2,300,412,0.0381,98.5905
step_20_个股_流通市值,2,322,413,0.0381,98.6286
step_20_行业_开盘价,2,323,414,0.0381,98.6667
step_20_指数_上证指数,2,328,415,0.0381,98.7048
step_22_行业_开盘价,2,354,416,0.0381,98.7429
step_22_情绪_sentiment_0,2,363,417,0.0381,98.781
step_19_指数_上证指数,2,312,418,0.0381,98.8191
step_06_个股_最高价,2,94,419,0.0381,98.8572
step_24_指数_中证500,2,393,420,0.0381,98.8953
step_06_个股_开盘价,2,92,421,0.0381,98.9334
step_07_指数_沪深300,2,121,422,0.0381,98.9715
step_20_指数_深证成指,2,330,423,0.0381,99.0096
step_17_指数_沪深300,2,285,424,0.0381,99.0477
step_09_指数_创业板指,1,152,425,0.0191,99.0668
step_14_个股_最高价,1,222,426,0.0191,99.0859
step_13_指数_上证指数,1,217,427,0.0191,99.105
step_21_行业_最高价,1,341,428,0.0191,99.1241
step_23_行业_开盘价,1,372,429,0.0191,99.1432
step_13_行业_收盘价,1,213,430,0.0191,99.1623
step_28_指数_创业板指,1,459,431,0.0191,99.1814
step_06_个股_收盘价,1,93,432,0.0191,99.2005
step_05_指数_上证指数,1,87,433,0.0191,99.2196
step_12_个股_最高价,1,189,434,0.0191,99.2387
step_12_个股_收盘价,1,188,435,0.0191,99.2578
step_00_指数_深证成指,1,13,436,0.0191,99.2769
MA20_收盘价,1,488,437,0.0191,99.296
step_01_指数_深证成指,1,29,438,0.0191,99.3151
step_10_行业_开盘价,1,164,439,0.0191,99.3342
step_29_行业_收盘价,1,470,440,0.0191,99.3533
step_01_行业_成交量,1,25,441,0.0191,99.3724
step_23_指数_中证500,1,377,442,0.0191,99.3915
step_22_指数_创业板指,1,361,443,0.0191,99.4106
step_22_指数_深证成指,1,360,444,0.0191,99.4297
step_22_指数_沪深300,1,359,445,0.0191,99.4488
step_20_行业_涨跌幅,1,327,446,0.0191,99.4679
step_20_指数_创业板指,1,331,447,0.0191,99.487
step_17_行业_收盘价,1,282,448,0.0191,99.5061
step_27_情绪_sentiment_0,1,446,449,0.0191,99.5252
step_27_个股_开盘价,1,429,450,0.0191,99.5443
step_25_行业_最低价,1,404,451,0.0191,99.5634
step_03_指数_创业板指,1,58,452,0.0191,99.5825
step_17_指数_中证500,1,286,453,0.0191,99.6016
step_25_指数_创业板指,1,409,454,0.0191,99.6207
step_25_指数_中证500,1,410,455,0.0191,99.6398
step_08_行业_最低价,1,132,456,0.0191,99.6589
step_17_个股_开盘价,1,274,457,0.0191,99.678
step_18_行业_开盘价,1,294,458,0.0191,99.6971
step_18_指数_上证指数,1,298,459,0.0191,99.7162
step_21_指数_创业板指,1,345,460,0.0191,99.7353
step_26_指数_沪深300,1,424,461,0.0191,99.7544
step_18_指数_沪深300,1,299,462,0.0191,99.7735
step_15_指数_上证指数,1,248,463,0.0191,99.7926
step_24_行业_最高价,1,387,464,0.0191,99.8117
step_19_指数_沪深300,1,313,465,0.0191,99.8308
step_15_行业_最低价,1,245,466,0.0191,99.8499
step_06_指数_深证成指,1,106,467,0.0191,99.869
step_24_个股_开盘价,1,380,468,0.0191,99.8881
step_09_指数_沪深300,1,150,469,0.0191,99.9072
step_27_行业_收盘价,1,438,470,0.0191,99.9263
step_06_指数_创业板指,1,107,471,0.0191,99.9454
step_14_指数_沪深300,1,233,472,0.0191,99.9645
step_27_行业_最低价,1,440,473,0.0191,99.9836
step_04_行业_最低价,1,69,474,0.0191,100.0027
step_25_行业_开盘价,0,402,475,0.0,100.0027
step_18_行业_收盘价,0,295,476,0.0,100.0027
step_00_行业_最高价,0,9,477,0.0,100.0027
step_13_指数_创业板指,0,219,478,0.0,100.0027
Momentum5D_收盘价,0,491,479,0.0,100.0027
step_00_行业_收盘价,0,8,480,0.0,100.0027
step_21_行业_开盘价,0,340,481,0.0,100.0027
step_07_行业_收盘价,0,117,482,0.0,100.0027
step_25_行业_收盘价,0,403,483,0.0,100.0027
step_02_行业_开盘价,0,39,484,0.0,100.0027
step_22_行业_收盘价,0,355,485,0.0,100.0027
step_27_行业_最高价,0,439,486,0.0,100.0027
step_06_行业_开盘价,0,101,487,0.0,100.0027
step_16_行业_最高价,0,264,488,0.0,100.0027
step_26_行业_开盘价,0,420,489,0.0,100.0027
step_16_行业_收盘价,0,263,490,0.0,100.0027
step_16_个股_流通市值,0,261,491,0.0,100.0027
step_29_指数_创业板指,0,477,492,0.0,100.0027
step_20_行业_最高价,0,325,493,0.0,100.0027
step_27_指数_创业板指,0,445,494,0.0,100.0027
step_26_指数_深证成指,0,425,495,0.0,100.0027
step_12_指数_中证500,0,201,496,0.0,100.0027
step_20_行业_收盘价,0,324,497,0.0,100.0027
step_18_指数_中证500,0,301,498,0.0,100.0027
step_01_指数_上证指数,0,27,499,0.0,100.0027
step_13_个股_开盘价,0,204,500,0.0,100.0027
step_12_指数_创业板指,0,200,501,0.0,100.0027
